{"headers": ["id", "agg", "publication", "country", "accolade", "year", "rank"], "types": ["id", "agg", "text", "text", "text", "number", "number"], "contents": [[{"col": "id", "type": "INTEGER", "data": [1, 2, 3, 4, 5, 6, 7, 8, 9, 10, 11, 12, 13, 14, 15, 16, 17, 18, 19, 20, 21, 22, 23, 24, 25, 26, 27, 28, 29]}], [{"col": "agg", "type": "INTEGER", "data": [0, 0, 0, 0, 0, 0, 0, 0, 0, 0, 0, 0, 0, 0, 0, 0, 0, 0, 0, 0, 0, 0, 0, 0, 0, 0, 0, 0, 0]}], [{"col": "c1", "type": "TEXT", "data": ["bill shapiro", "blender", "dave marsh & kevin stein", "elvis costello (vanity fair, issue no. 483)", "infoplease.com", "jimmy guterman", "kitsap sun", "paul gambaccini", "the recording academy", "robert dimery", "rolling stone (steve pond)", "rolling stone", "vibe", "hot press", "mojo", "nme", "nme", "the new nation", "sounds", "the times", "time out", "the wire", "adresseavisen", "pop", "oor", "vpro", "spex", "rock de lux", "rock de lux"]}], [{"col": "c2", "type": "TEXT", "data": ["united states", "united states", "united states", "united states", "united states", "united states", "united states", "united states", "united states", "united states", "united states", "united states", "united states", "ireland", "united kingdom", "united kingdom", "united kingdom", "united kingdom", "united kingdom", "united kingdom", "united kingdom", "united kingdom", "norway", "sweden", "netherlands", "netherlands", "germany", "spain", "spain"]}], [{"col": "c3", "type": "TEXT", "data": ["the top 100 rock compact discs", "the 100 greatest american albums of all time", "the 40 best of album chartmakers by year", "500 albums you need", "must-have recordings", "the 100 best rock and roll records of all time", "top 200 albums of the last 40 years", "the world critics best albums of all time", "grammy hall of fame albums and songs", "1001 albums you must hear before you die", "steve pond's 50 (+27) essential albums of the 70s", "the 500 greatest albums of all time", "51 albums representing a generation, a sound and a movement", "the 100 best albums of all time", "mojo 1000, the ultimate cd buyers guide", "all times top 100 albums", "all times top 100 albums + top 50 by decade", "top 100 albums by black artists", "the 100 best albums of all time", "the 100 best albums of all time", "the 100 best albums of all time", "the 100 most important records ever made", "the 100 (+23) best albums of all time", "the world's 100 best albums + 300 complements", "albums of the year", "299 nominations of the best album of all time", "the 100 albums of the century", "the 100 best albums of the 1970s", "the 200 best albums of all time"]}], [{"col": "c4", "type": "TEXT", "data": ["1991", "2002", "1981", "2005", "1998", "1992", "2005", "1987", "2004", "2005", "1990", "2003", "2004", "1989", "2001", "1985", "1993", "2005", "1986", "1993", "1989", "1992", "1995", "1994", "1973", "2006", "1999", "1988", "2002"]}, {"col": "c4_number", "type": "INTEGER", "data": [1991, 2002, 1981, 2005, 1998, 1992, 2005, 1987, 2004, 2005, 1990, 2003, 2004, 1989, 2001, 1985, 1993, 2005, 1986, 1993, 1989, 1992, 1995, 1994, 1973, 2006, 1999, 1988, 2002]}], [{"col": "c5", "type": "TEXT", "data": [null, "15", "6", null, null, "27", "67", "84", null, null, "39", "165", null, "32", null, "46", "145", "27", "24", "58", "3", null, "101", "101", "41", null, "93", "39", "53"]}, {"col": "c5_number", "type": "REAL", "data": [null, 15.0, 6.0, null, null, 27.0, 67.0, 84.0, null, null, 39.0, 165.0, null, 32.0, null, 46.0, 145.0, 27.0, 24.0, 58.0, 3.0, null, 101.0, 101.0, 41.0, null, 93.0, 39.0, 53.0]}]], "is_list": {"id": false, "agg": false, "c1": false, "c2": false, "c3": false, "c4": false, "c4_number": false, "c5": false, "c5_number": false}}