{"headers": ["id", "agg", "rebounds", "off", "def", "player", "team", "date", "opponent", "score", "minutes played", "points", "assists", "steals", "blocks", "20-20", "led the league in rebounding", "notes"], "types": ["id", "agg", "number", "number", "number", "text(number)", "text", "date", "text", "score", "time", "number", "number", "number", "number", "text", "text", "text"], "contents": [[{"col": "id", "type": "INTEGER", "data": [1, 2, 3, 4, 5, 6, 7, 8, 9, 10, 11, 12, 13, 14, 15, 16, 17, 18, 19, 20, 21, 22, 23, 24, 25, 26, 27]}], [{"col": "agg", "type": "INTEGER", "data": [0, 0, 0, 0, 0, 0, 0, 0, 0, 0, 0, 0, 0, 0, 0, 0, 0, 0, 0, 0, 0, 0, 0, 0, 0, 0, 0]}], [{"col": "c1", "type": "TEXT", "data": ["37", "35", "34", "34", "34", "33", "33", "33", "32", "32", "32", "32", "32", "32", "31", "31", "31", "31", "31", "30", "30", "30", "30", "30", "30", "30", "30"]}, {"col": "c1_number", "type": "REAL", "data": [37.0, 35.0, 34.0, 34.0, 34.0, 33.0, 33.0, 33.0, 32.0, 32.0, 32.0, 32.0, 32.0, 32.0, 31.0, 31.0, 31.0, 31.0, 31.0, 30.0, 30.0, 30.0, 30.0, 30.0, 30.0, 30.0, 30.0]}], [{"col": "c2", "type": "TEXT", "data": ["19", "16", "5", "18", "8", "15", "16", "8", "4", "7", "7", "21", "12", "9", "14", "11", "9", "8", "12", "11", "10", "6", "7", "10", "11", "11", "8"]}, {"col": "c2_number", "type": "REAL", "data": [19.0, 16.0, 5.0, 18.0, 8.0, 15.0, 16.0, 8.0, 4.0, 7.0, 7.0, 21.0, 12.0, 9.0, 14.0, 11.0, 9.0, 8.0, 12.0, 11.0, 10.0, 6.0, 7.0, 10.0, 11.0, 11.0, 8.0]}], [{"col": "c3", "type": "TEXT", "data": ["18", "19", "29", "16", "26", "18", "17", "25", "28", "25", "25", "11", "20", "23", "17", "20", "22", "23", "19", "19", "20", "24", "23", "20", "19", "19", "22"]}, {"col": "c3_number", "type": "REAL", "data": [18.0, 19.0, 29.0, 16.0, 26.0, 18.0, 17.0, 25.0, 28.0, 25.0, 25.0, 11.0, 20.0, 23.0, 17.0, 20.0, 22.0, 23.0, 19.0, 19.0, 20.0, 24.0, 23.0, 20.0, 19.0, 19.0, 22.0]}], [{"col": "c4", "type": "TEXT", "data": ["moses malone", "charles oakley", "kareem abdul-jabbar", "dennis rodman", "rony seikaly", "swen nater", "kevin willis", "charles barkley", "elvin hayes", "robert parish", "swen nater (2)", "moses malone (2)", "dennis rodman (2)", "dennis rodman (3)", "larry smith", "kevin willis (2)", "dennis rodman (4)", "dikembe mutombo", "kevin love", "jim fox", "george t. johnson", "wes unseld", "kareem abdul-jabbar (2)", "swen nater (3)", "michael cage", "dennis rodman* (5)", "andrew bynum^"]}, {"col": "c4_first", "type": "TEXT", "data": ["moses malone", "charles oakley", "kareem abdul-jabbar", "dennis rodman", "rony seikaly", "swen nater", "kevin willis", "charles barkley", "elvin hayes", "robert parish", "swen nater", "moses malone", "dennis rodman", "dennis rodman", "larry smith", "kevin willis", "dennis rodman", "dikembe mutombo", "kevin love", "jim fox", "george t. johnson", "wes unseld", "kareem abdul-jabbar", "swen nater", "michael cage", "dennis rodman*", "andrew bynum^"]}, {"col": "c4_second", "type": "TEXT", "data": [null, null, null, null, null, null, null, null, null, null, "2", "2", "2", "3", null, "2", "4", null, null, null, null, null, "2", "3", null, "5", null]}, {"col": "c4_second_number", "type": "REAL", "data": [null, null, null, null, null, null, null, null, null, null, 2.0, 2.0, 2.0, 3.0, null, 2.0, 4.0, null, null, null, null, null, 2.0, 3.0, null, 5.0, null]}], [{"col": "c5", "type": "TEXT", "data": ["houston rockets", "chicago bulls", "los angeles lakers", "detroit pistons", "miami heat", "milwaukee bucks", "atlanta hawks", "houston rockets", "capital bullets", "golden state warriors", "san diego clippers", "houston rockets", "detroit pistons", "san antonio spurs", "golden state warriors", "atlanta hawks", "detroit pistons", "denver nuggets", "minnesota timberwolves", "seattle supersonics", "golden state warriors", "washington bullets", "los angeles lakers", "buffalo braves", "los angeles clippers", "san antonio spurs", "los angeles lakers"]}], [{"col": "c6", "type": "TEXT", "data": ["february 9, 1979", "april 22, 1988", "december 14, 1975", "march 4, 1992", "march 3, 1993", "december 19, 1976", "february 19, 1992", "november 2, 1996", "november 17, 1973", "march 30, 1979", "december 14, 1979", "february 11, 1982", "january 28, 1992", "january 22, 1994", "march 28, 1981", "december 3, 1991", "march 14, 1992", "march 26, 1996", "november 12, 2010", "december 26, 1973", "march 15, 1974", "april 6, 1975", "february 3, 1978", "march 4, 1978", "april 24, 1988", "february 21, 1995", "april 11, 2012"]}, {"col": "c6_number", "type": "INTEGER", "data": [9, 22, 14, 4, 3, 19, 19, 2, 17, 30, 14, 11, 28, 22, 28, 3, 14, 26, 12, 26, 15, 6, 3, 4, 24, 21, 11]}, {"col": "c6_parsed", "type": "TEXT", "data": ["1979-02-09", "1988-04-22", "1975-12-14", "1992-03-04", "1993-03-03", "1976-12-19", "1992-02-19", "1996-11-02", "1973-11-17", "1979-03-30", "1979-12-14", "1982-02-11", "1992-01-28", "1994-01-22", "1981-03-28", "1991-12-03", "1992-03-14", "1996-03-26", "2010-11-12", "1973-12-26", "1974-03-15", "1975-04-06", "1978-02-03", "1978-03-04", "1988-04-24", "1995-02-21", "2012-04-11"]}, {"col": "c6_year", "type": "INTEGER", "data": [1979, 1988, 1975, 1992, 1993, 1976, 1992, 1996, 1973, 1979, 1979, 1982, 1992, 1994, 1981, 1991, 1992, 1996, 2010, 1973, 1974, 1975, 1978, 1978, 1988, 1995, 2012]}, {"col": "c6_month", "type": "INTEGER", "data": [2, 4, 12, 3, 3, 12, 2, 11, 11, 3, 12, 2, 1, 1, 3, 12, 3, 3, 11, 12, 3, 4, 2, 3, 4, 2, 4]}, {"col": "c6_day", "type": "INTEGER", "data": [9, 22, 14, 4, 3, 19, 19, 2, 17, 30, 14, 11, 28, 22, 28, 3, 14, 26, 12, 26, 15, 6, 3, 4, 24, 21, 11]}], [{"col": "c7", "type": "TEXT", "data": ["new orleans jazz", "cleveland cavaliers", "detroit pistons", "indiana pacers", "washington bullets", "atlanta hawks", "washington bullets", "phoenix suns", "atlanta hawks", "new york knicks", "denver nuggets", "seattle supersonics", "charlotte hornets", "dallas mavericks", "denver nuggets", "dallas mavericks", "sacramento kings", "charlotte hornets", "new york knicks", "los angeles lakers", "los angeles lakers", "new orleans jazz", "new jersey nets", "new jersey nets", "seattle supersonics", "houston rockets", "san antonio spurs"]}], [{"col": "c8", "type": "TEXT", "data": ["106-99", "103-107", "110-100", "110-107", "125-106", "126-109", "102-103", "110-95", "115-109", "114-98", "112-108", "117-100", "100-95", "103-83", "139-142", "103-99", "89-83", "112-119", "112-103", "129-105", "112-107", "119-103", "105-99", "111-107", "100-109", "98-97", "98-84"]}, {"col": "c8_number", "type": "INTEGER", "data": [106, 103, 110, 110, 125, 126, 102, 110, 115, 114, 112, 117, 100, 103, 139, 103, 89, 112, 112, 129, 112, 119, 105, 111, 100, 98, 98]}, {"col": "c8_number1", "type": "INTEGER", "data": [106, 103, 110, 110, 125, 126, 102, 110, 115, 114, 112, 117, 100, 103, 139, 103, 89, 112, 112, 129, 112, 119, 105, 111, 100, 98, 98]}, {"col": "c8_number2", "type": "INTEGER", "data": [99, 107, 100, 107, 106, 109, 103, 95, 109, 98, 108, 100, 95, 83, 142, 99, 83, 119, 103, 105, 107, 103, 99, 107, 109, 97, 84]}], [{"col": "c9", "type": "TEXT", "data": ["44", "41", "42", "45", "40", "41", "45", "45", "48", "36", "44", "44", "50", "43", "45", "40", "48", "51", "40:39", "39", "48", "46", "48", "44", "48", "40", "36:41"]}, {"col": "c9_number", "type": "INTEGER", "data": [44, 41, 42, 45, 40, 41, 45, 45, 48, 36, 44, 44, 50, 43, 45, 40, 48, 51, 40, 39, 48, 46, 48, 44, 48, 40, 36]}, {"col": "c9_min", "type": "INTEGER", "data": [null, null, null, null, null, null, null, null, null, null, null, null, null, null, null, null, null, null, 40, null, null, null, null, null, null, null, 36]}, {"col": "c9_sec", "type": "INTEGER", "data": [null, null, null, null, null, null, null, null, null, null, null, null, null, null, null, null, null, null, 39, null, null, null, null, null, null, null, 41]}], [{"col": "c10", "type": "TEXT", "data": ["33", "26", "27", "10", "12", "30", "20", "20", "43", "30", "12", "38", "16", "8", "23", "29", "7", "16", "31", "25", "14", "11", "37", "27", "8", "6", "16"]}, {"col": "c10_number", "type": "REAL", "data": [33.0, 26.0, 27.0, 10.0, 12.0, 30.0, 20.0, 20.0, 43.0, 30.0, 12.0, 38.0, 16.0, 8.0, 23.0, 29.0, 7.0, 16.0, 31.0, 25.0, 14.0, 11.0, 37.0, 27.0, 8.0, 6.0, 16.0]}], [{"col": "c11", "type": "TEXT", "data": ["2", "3", "6", "3", "4", "2", "1", "2", "0", "5", "3", "2", "3", "5", "5", "3", "0", "0", "5", "9", "7", "5", "5", "5", "3", "0", "2"]}, {"col": "c11_number", "type": "REAL", "data": [2.0, 3.0, 6.0, 3.0, 4.0, 2.0, 1.0, 2.0, 0.0, 5.0, 3.0, 2.0, 3.0, 5.0, 5.0, 3.0, 0.0, 0.0, 5.0, 9.0, 7.0, 5.0, 5.0, 5.0, 3.0, 0.0, 2.0]}], [{"col": "c12", "type": "TEXT", "data": [null, "1", null, "2", "0", "1", "2", "0", null, "1", null, null, "0", "1", null, "3", "3", "1", "0", "1", null, null, null, null, "1", "0", "0"]}, {"col": "c12_number", "type": "REAL", "data": [null, 1.0, null, 2.0, 0.0, 1.0, 2.0, 0.0, null, 1.0, null, null, 0.0, 1.0, null, 3.0, 3.0, 1.0, 0.0, 1.0, null, null, null, null, 1.0, 0.0, 0.0]}], [{"col": "c13", "type": "TEXT", "data": [null, "0", null, "0", "1", "1", "4", "2", null, "2", null, null, "1", "1", "0", "0", "1", "6", "1", "3", "1", null, null, null, "3", "0", "2"]}, {"col": "c13_number", "type": "REAL", "data": [null, 0.0, null, 0.0, 1.0, 1.0, 4.0, 2.0, null, 2.0, null, null, 1.0, 1.0, 0.0, 0.0, 1.0, 6.0, 1.0, 3.0, 1.0, null, null, null, 3.0, 0.0, 2.0]}], [{"col": "c14", "type": "TEXT", "data": ["yes", "yes", "yes", "no", "no", "yes", "yes", "yes", "yes", "yes", "no", "yes", "no", "no", "yes", "yes", "no", "no", "yes", "yes", "no", "no", "yes", "yes", "no", "no", "no"]}], [{"col": "c15", "type": "TEXT", "data": ["yes", "no", "yes", "yes", "no", "no", "no", "no", "yes", "no", "yes", "yes", "yes", "yes", "no", "no", "yes", "no", "yes", "no", "no", "yes", "no", "no", "yes", "yes", "no"]}], [{"col": "c16", "type": "TEXT", "data": ["14 rebounds in the first quarter", "second to last game of season, in a season rebounding title battle, which he lost by a .03 margin to michael cage", "nba single-game record for defensive rebounds", "overtime. 21 rebounds in the second half, including 11 offensive rebounds", "seikaly outrebounded the opposing team, 34-30", null, "overtime. 11 offensive rebounds in a half", "barkley outrebounded the opposing team 33-30, and played against his previous team for the first time", "on hayes's 28th birthday", "11 rebounds in the first quarter. 15 rebounds in the first half, 17 rebounds in the second half", "21 rebounds in the second half. 18 defensive rebounds in the second half, setting the nba record. 11 defensive rebounds in the fourth quarter", "nba single-game record for offensive rebounds; 11 offensive rebounds in one half, 10 in the other half. 15 total rebounds in the first half, 17 rebounds in the second half. malone outrebounded the opposing team, 32-29", "overtime", "13 defensive rebounds in the first half", "rookie. last warriors home game of season", null, null, "double overtime", "15 rebounds in the third quarter, and 22 rebounds in the second half. 13 defensive rebounds in the second half", null, "elmore smith of the lakers had 11 blocks in the same game", "last game of season; won season rebounding title over dave cowens by a .01 margin. 14 rebounds in the first half, 16 rebounds in the second half", "overtime", null, "last game of season; won season rebounding title over charles oakley by a .03 margin", null, "19 rebounds in the first half"]}]], "is_list": {"id": false, "agg": false, "c1": false, "c1_number": false, "c2": false, "c2_number": false, "c3": false, "c3_number": false, "c4": false, "c4_first": false, "c4_second": false, "c4_second_number": false, "c5": false, "c6": false, "c6_number": false, "c6_parsed": false, "c6_year": false, "c6_month": false, "c6_day": false, "c7": false, "c8": false, "c8_number": false, "c8_number1": false, "c8_number2": false, "c9": false, "c9_number": false, "c9_min": false, "c9_sec": false, "c10": false, "c10_number": false, "c11": false, "c11_number": false, "c12": false, "c12_number": false, "c13": false, "c13_number": false, "c14": false, "c15": false, "c16": false}}