{"headers": ["id", "agg", "name", "service", "rank", "role and unit", "date of award", "notes", "image"], "types": ["id", "agg", "text", "text", "text(text)", "text", "date", "text", "number"], "contents": [[{"col": "id", "type": "INTEGER", "data": [1, 2, 3, 4, 5, 6, 7, 8, 9, 10, 11, 12, 13, 14, 15, 16, 17, 18, 19, 20, 21, 22, 23, 24, 25, 26, 27, 28, 29, 30, 31, 32, 33, 34, 35, 36, 37, 38, 39, 40, 41, 42, 43, 44, 45, 46, 47, 48, 49, 50, 51, 52, 53, 54, 55, 56, 57, 58, 59, 60, 61, 62, 63, 64, 65, 66, 67, 68, 69, 70, 71, 72, 73, 74, 75, 76, 77, 78, 79, 80, 81, 82, 83, 84, 85, 86, 87, 88, 89, 90, 91, 92, 93, 94, 95, 96, 97, 98, 99, 100, 101, 102, 103, 104, 105, 106, 107, 108, 109, 110, 111, 112, 113, 114, 115, 116, 117, 118, 119, 120, 121, 122, 123, 124, 125, 126, 127, 128, 129, 130, 131, 132, 133, 134, 135, 136, 137, 138, 139, 140, 141, 142, 143, 144, 145, 146, 147, 148, 149, 150, 151, 152, 153, 154, 155, 156, 157, 158, 159, 160, 161, 162, 163, 164, 165, 166, 167, 168, 169, 170, 171, 172, 173, 174, 175, 176, 177, 178, 179, 180, 181, 182, 183, 184, 185, 186, 187, 188, 189, 190, 191, 192, 193, 194, 195, 196, 197, 198, 199, 200, 201, 202, 203, 204, 205, 206, 207, 208, 209, 210, 211, 212, 213, 214, 215, 216, 217, 218, 219, 220, 221, 222, 223, 224, 225, 226, 227, 228, 229, 230, 231, 232, 233, 234, 235, 236, 237, 238, 239, 240, 241, 242, 243, 244, 245, 246, 247, 248, 249, 250, 251, 252, 253, 254, 255, 256, 257, 258, 259, 260, 261, 262, 263, 264, 265, 266, 267, 268, 269, 270, 271, 272, 273, 274, 275, 276, 277, 278, 279, 280, 281, 282, 283, 284, 285, 286, 287, 288, 289, 290, 291, 292, 293, 294, 295, 296, 297, 298, 299, 300, 301, 302, 303, 304, 305, 306, 307, 308, 309, 310, 311, 312, 313, 314, 315, 316, 317, 318, 319, 320, 321, 322, 323, 324, 325, 326, 327, 328, 329, 330, 331, 332, 333, 334, 335, 336, 337, 338, 339, 340, 341, 342, 343, 344, 345, 346, 347, 348, 349, 350, 351, 352, 353, 354, 355, 356, 357, 358, 359, 360, 361, 362, 363, 364, 365, 366, 367, 368, 369, 370, 371, 372, 373, 374, 375, 376, 377, 378, 379, 380]}], [{"col": "agg", "type": "INTEGER", "data": [0, 0, 0, 0, 0, 0, 0, 0, 0, 0, 0, 0, 0, 0, 0, 0, 0, 0, 0, 0, 0, 0, 0, 0, 0, 0, 0, 0, 0, 0, 0, 0, 0, 0, 0, 0, 0, 0, 0, 0, 0, 0, 0, 0, 0, 0, 0, 0, 0, 0, 0, 0, 0, 0, 0, 0, 0, 0, 0, 0, 0, 0, 0, 0, 0, 0, 0, 0, 0, 0, 0, 0, 0, 0, 0, 0, 0, 0, 0, 0, 0, 0, 0, 0, 0, 0, 0, 0, 0, 0, 0, 0, 0, 0, 0, 0, 0, 0, 0, 0, 0, 0, 0, 0, 0, 0, 0, 0, 0, 0, 0, 0, 0, 0, 0, 0, 0, 0, 0, 0, 0, 0, 0, 0, 0, 0, 0, 0, 0, 0, 0, 0, 0, 0, 0, 0, 0, 0, 0, 0, 0, 0, 0, 0, 0, 0, 0, 0, 0, 0, 0, 0, 0, 0, 0, 0, 0, 0, 0, 0, 0, 0, 0, 0, 0, 0, 0, 0, 0, 0, 0, 0, 0, 0, 0, 0, 0, 0, 0, 0, 0, 0, 0, 0, 0, 0, 0, 0, 0, 0, 0, 0, 0, 0, 0, 0, 0, 0, 0, 0, 0, 0, 0, 0, 0, 0, 0, 0, 0, 0, 0, 0, 0, 0, 0, 0, 0, 0, 0, 0, 0, 0, 0, 0, 0, 0, 0, 0, 0, 0, 0, 0, 0, 0, 0, 0, 0, 0, 0, 0, 0, 0, 0, 0, 0, 0, 0, 0, 0, 0, 0, 0, 0, 0, 0, 0, 0, 0, 0, 0, 0, 0, 0, 0, 0, 0, 0, 0, 0, 0, 0, 0, 0, 0, 0, 0, 0, 0, 0, 0, 0, 0, 0, 0, 0, 0, 0, 0, 0, 0, 0, 0, 0, 0, 0, 0, 0, 0, 0, 0, 0, 0, 0, 0, 0, 0, 0, 0, 0, 0, 0, 0, 0, 0, 0, 0, 0, 0, 0, 0, 0, 0, 0, 0, 0, 0, 0, 0, 0, 0, 0, 0, 0, 0, 0, 0, 0, 0, 0, 0, 0, 0, 0, 0, 0, 0, 0, 0, 0, 0, 0, 0, 0, 0, 0, 0, 0, 0, 0, 0, 0, 0, 0, 0, 0, 0, 0, 0, 0, 0, 0, 0, 0, 0, 0, 0, 0, 0, 0, 0]}], [{"col": "c1", "type": "TEXT", "data": ["eccard freiherr von gablenz", "erdmann gabriel", "dr.-med. ernst gadermann", "friedrich gaeb", "heinrich gaedcke", "ernst gaedckens", "wilhelm gansler", "georg gartner", "robert gaigals?", "otto gaillinger", "otto gaiser", "wilhelm gai\u00dfer", "nikolajs galdins", "eugen gall", "franz gall", "adolf galland", "wilhelm-ferdinand galland", "josef galle", "curt gallenkamp", "bernd gallowitsch", "friedrich galow", "richard gambietz", "berthold gamer", "jakob gansmeier", "franz-josef ganssen", "franz gapp", "heinrich garbers", "martin gareis", "wilhelm gareis", "arnulf von garn", "detlev graf von garnier-turawa", "eugen garski", "karl-edmund gartenfeld", "wirich von gartzen", "walter garz", "peter ga\u00dfmann", "robert gast", "wolfgang gast", "heinrich gath", "[dr.] wilhelm gathmann", "helmut gattermann", "gerlach von gaudecker-zuch", "josef gauglitz", "albert gaum", "georg reichsfreiherr von gaupp-berghausen", "alfred gause", "jurgen gau\u00df", "waldemar von gazen+ also known as von gaza", "fritz gebauer", "georg gebhard", "gebhard?", "georg gebhardt", "rolf gebhardt", "ernst-wilhelm freiherr gedult von jungenfeld", "arno geelhaar", "paul gehl?", "kurt gehrke", "gerhard gehrmann", "johannes gehrmann", "august geiger", "georg geiger", "herbert geiger", "wilhelm geisberg", "hans geisler", "herbert geisler", "kurt geisler", "rudolf geisler", "siegfried geisler", "johannes geismann", "friedrich gei\u00dfhardt", "erich gei\u00dfler", "gottfried gei\u00dfler", "helmut gei\u00dfler", "karl gei\u00dfler", "willy gei\u00dfler", "rudi gelbhaar", "harald gelhaus", "hans gelhausen", "christian gellert", "roland gellhorn", "dionys geltinger", "alfred gemsjager", "otto gemunden", "oskar genrich", "ludwig gensberger", "alfred genz", "karl-heinz genzel", "joachim genzow", "erich geppert", "arthur gerber", "hinrich gerdes", "hans gerdts", "rudolf gerhardt", "walther gerhold", "walter gericke", "siegfried gerke", "franz gerl", "heinrich gerlach", "dr. julius gerlach", "karl gerlach?", "ludwig gerlach", "waldemar gerlach", "bruno gerloch", "alfred germer", "ernst germer", "rudolf christoph freiherr von gersdorff", "wilhelm gerstenberg", "gunter gersteuer?", "siegfried gerstner", "walter gerth", "werner gerth", "gerhard gertler", "heinz geschwill", "karl gesele", "franz geskens", "harald ge\u00dfner", "hans gewehr", "joachim gey", "heinrich geyer", "hermann geyer", "leo reichsfreiherr geyr von schweppenburg", "dr.-phil. hans gidion", "walter giehrl", "albert gielnik", "kurt gierga", "franz gierster", "alfred gies", "horst giese", "otto gieseke", "karl-heinz gieseler!", "gerhard giesen", "karl-heinz giffhorn", "erich gilbert", "paul gildner", "herbert otto gille", "leon gillis", "peter gilow", "werner-albrecht freiherr von und zu gilsa", "walter girg", "herbert gladewitz", "dieter glasche", "wolfgang glaesemer", "alexander glaser", "erich glaeser", "karl glatzer", "erwin glander", "friedrich glaser", "wilhelm glaser", "anton glasl", "gunter glasner", "josef glatz", "walter glembotzki", "ludger glettenberg", "paul gliemann", "dr. med.dent. paul gloger", "adolf glunz", "franz gnaden", "fritz gneikow", "ernst-ascan gobert", "johannes godde", "emil goden", "arthur godenau", "gunter goebel", "gunther goebel", "hans gobel", "herbert gobel", "karl gobel", "kilian gobel", "siegfried gobel", "werner gobel", "johannes gohler", "siegwart goller?", "dr.dr. wilhelm goller", "ludwig golz", "hermann goring", "werner goeritz", "rudolf goerke", "richard gorlich", "jurgen von goerne-plaue", "ewald gorsch", "horst gortler", "helmut gortz", "franz go\u00dfmann", "[dr.] erich gostl", "oswin gottert", "rudolf gottinger", "johann gottler", "waldemar goettler", "franz gotz", "hans gotz", "heinrich gotz", "karl gotze", "manfred goetze", "axel goetzke", "otto gohde", "paul golbach", "friedrich goldammer", "heinz goldberg", "kurt goldbruch", "jakob goldbrunner", "heinz golinski", "eitel goll", "josef gollas", "josef golle", "hans-detlef gollert-hansen", "karl golles", "hans gollnick", "klaus gollnick", "gordon gollob", "friedrich gollwitzer", "albert graf von der goltz", "kurt goltzsch", "herbert golz?", "richard gombert", "herbert gomille", "wilhelm goriany", "walter gorn", "alfred gorski", "artur gorski", "ferdinand gosewisch", "heinz gossow", "curt von gottberg", "heinrich gottke", "rainer gottstein", "heinz graber", "siegfried grabert", "walter grabmann", "josef grabowski", "hans gradl", "heinz graeber", "viktor-eberhard grabner", "werner grabner", "heinz graebsch", "hans graefe", "fritz-hubert graser", "walther grae\u00dfner", "erich gratz", "alois graf", "hermann graf", "rudolf graf", "karl von graffen", "friedrich grammel", "bruno granitza", "georg gransee", "simon grascher", "martin grase", "anton grasel", "walter grasemann", "fritz grassau", "anton grasser", "hartmann grasser", "rudolf grasser", "dietrich gra\u00dfmann", "josef gra\u00dfmann", "franz gra\u00dfmel", "berthold gra\u00dfmuck", "karl gratz", "reinhard graubner", "ulrich grauert", "august grauting", "sigmund-ulrich freiherr von gravenreuth", "gerhard grebarsche", "franz greck", "otto greese", "heinz grehl", "hans von greiffenberg", "alfred greim", "robert ritter von greim", "andreas greiner", "erwin greiner", "heinz greiner", "hermann greiner", "hans greiter", "gerhard grenzel", "horst gresiak", "josef gretschmann", "carl-heinz greve", "prof. dr. med.-dent. karl greve", "josef grewe", "osmar griebel", "willy grieme", "franz griesbach", "bernhard griese", "max grieser", "fritz grieshammer", "herbert griesinger", "hans-christoph grie\u00dfbauer", "heinz grimberg", "heinz grimm", "johannes grimminger", "alfred grislawski", "werner grodde", "karl-albrecht von groddeck", "manfred groebe", "kurt groschke", "ludwig grozinger", "walter grohe", "franz grohmann", "helmut grollmus", "gustav gromeike", "fritz gromotka", "josef grons", "heinz gropp?", "karl gros", "erhard grosan?", "johann groscheck", "alfred gro\u00df?", "helmut gro\u00df", "martin gro\u00df", "gert grosse", "hans grossendorfer", "georg gro\u00dfjohann", "friedrich-karl gro\u00dfkreutz", "horst gro\u00dfmann", "hugo gro\u00dfmann", "alfred gro\u00dfrock", "ernst-albert grote", "horst freiherr grote", "erich groth", "heinz groth?", "hermann grothaus", "siegfried grotheer", "helmut gruber", "rupert gruber", "adolf grubinger", "peter grubl", "werner grun", "hans grunberg", "georg gruner", "anton grunert", "richard grunert", "georg grunewald", "rudolf grunner", "harry grunwald", "wilhelm grunwaldt", "herbert gruhl", "otto grumbt", "ernst grunau", "julius grund", "erich grundmann", "wilhelm grunge", "werner grunhold", "horst grunwald", "karl-georg gschwendtner", "karl-heinrich gsell", "josef gsinn", "rudolf guckenberger", "alfred gudelius", "heinz guderian", "heinz-gunther guderian", "karl gumbel", "ludwig gumbel", "wilhelm gunter", "alfred gunther", "heinrich-albert gunther", "paul gunther", "wilhelm gunther", "reinhard gunzel", "ernst gurke", "martin gurz", "hans gutschow", "alois gugganig", "friedrich guggenberger", "paul guhl", "hans guhr", "heinz guhrke", "gunther gumprich", "ulrich gunzert", "paul gurran", "ernst guschker", "werner gust", "helmut gutheit", "[dr.] gerhard gutmacher", "heinz gutmann", "joachim gutmann", "erwin gutzmann", "[dr.] hans gutzmer", "helmut gutzschhahn", "august gyory", "robert gysae"]}], [{"col": "c2", "type": "TEXT", "data": ["heer", "heer", "luftwaffe", "heer", "heer", "heer", "luftwaffe", "heer", "waffen-ss", "heer", "luftwaffe", "heer", "waffen-ss", "heer", "heer", "luftwaffe", "luftwaffe", "heer", "heer", "luftwaffe", "heer", "heer", "heer", "heer", "heer", "luftwaffe", "kriegsmarine", "heer", "heer", "heer", "heer", "heer", "luftwaffe", "kriegsmarine", "heer", "luftwaffe", "luftwaffe", "waffen-ss", "heer", "heer", "heer", "heer", "heer", "heer", "heer", "heer", "heer", "heer", "heer", "heer", "waffen-ss", "heer", "heer", "heer", "heer", "heer", "heer", "heer", "luftwaffe", "luftwaffe", "heer", "heer", "heer", "luftwaffe", "luftwaffe", "luftwaffe", "heer", "luftwaffe", "luftwaffe", "luftwaffe", "heer", "heer", "heer", "heer", "heer", "kriegsmarine", "kriegsmarine", "heer", "luftwaffe", "heer", "heer", "luftwaffe", "luftwaffe", "luftwaffe", "heer", "luftwaffe", "heer", "luftwaffe", "heer", "heer", "heer", "heer", "heer", "kriegsmarine", "luftwaffe", "heer", "heer", "luftwaffe", "heer", "heer", "heer", "heer", "heer", "heer", "luftwaffe", "heer", "heer", "luftwaffe", "luftwaffe", "waffen-ss", "luftwaffe", "heer", "luftwaffe", "waffen-ss", "heer", "heer", "heer", "luftwaffe", "heer", "heer", "heer", "heer", "heer", "heer", "heer", "heer", "luftwaffe", "heer", "waffen-ss", "waffen-ss", "heer", "heer", "heer", "luftwaffe", "waffen-ss", "waffen-ss", "heer", "heer", "waffen-ss", "heer", "heer", "heer", "luftwaffe", "heer", "heer", "heer", "heer", "heer", "heer", "luftwaffe", "heer", "luftwaffe", "heer", "heer", "heer", "luftwaffe", "heer", "heer", "luftwaffe", "heer", "heer", "kriegsmarine", "heer", "heer", "heer", "heer", "heer", "heer", "luftwaffe", "heer", "waffen-ss", "heer", "heer", "heer", "luftwaffe", "heer", "heer", "heer", "heer", "heer", "luftwaffe", "luftwaffe", "heer", "waffen-ss", "heer", "heer", "heer", "heer", "luftwaffe", "luftwaffe", "heer", "luftwaffe", "luftwaffe", "kriegsmarine", "heer", "heer", "heer", "heer", "luftwaffe", "heer", "luftwaffe", "heer", "heer", "heer", "heer", "luftwaffe", "heer", "heer", "luftwaffe", "heer", "heer", "luftwaffe", "waffen-ss", "heer", "heer", "heer", "heer", "heer", "heer", "heer", "luftwaffe", "waffen-ss", "waffen-ss", "waffen-ss", "luftwaffe", "heer", "luftwaffe", "heer", "heer", "luftwaffe", "waffen-ss", "heer", "heer", "luftwaffe", "heer", "heer", "waffen-ss", "heer", "luftwaffe", "luftwaffe", "heer", "heer", "heer", "heer", "waffen-ss", "heer", "heer", "luftwaffe", "heer", "heer", "luftwaffe", "heer", "luftwaffe", "heer", "luftwaffe", "luftwaffe", "luftwaffe", "luftwaffe", "luftwaffe", "heer", "luftwaffe", "waffen-ss", "heer", "heer", "heer", "heer", "heer", "luftwaffe", "heer", "heer", "heer", "luftwaffe", "heer", "luftwaffe", "waffen-ss", "heer", "luftwaffe", "heer", "luftwaffe", "luftwaffe", "waffen-ss", "heer", "waffen-ss", "heer", "luftwaffe", "heer", "heer", "heer", "luftwaffe", "heer", "luftwaffe", "heer", "heer", "heer", "luftwaffe", "luftwaffe", "heer", "waffen-ss", "luftwaffe", "heer", "luftwaffe", "luftwaffe", "waffen-ss", "heer", "heer", "heer", "luftwaffe", "heer", "waffen-ss", "heer", "luftwaffe", "heer", "heer", "heer", "heer", "waffen-ss", "heer", "luftwaffe", "luftwaffe", "heer", "heer", "heer", "heer", "heer", "heer", "heer", "heer", "luftwaffe", "heer", "heer", "heer", "luftwaffe", "waffen-ss", "heer", "heer", "heer", "heer", "heer", "heer", "kriegsmarine", "heer", "luftwaffe", "heer", "luftwaffe", "heer", "heer", "heer", "heer", "heer", "heer", "heer", "heer", "heer", "waffen-ss", "luftwaffe", "luftwaffe", "heer", "luftwaffe", "luftwaffe", "waffen-ss", "heer", "heer", "kriegsmarine", "waffen-ss", "heer", "kriegsmarine", "kriegsmarine", "heer", "heer", "heer", "heer", "heer", "heer", "luftwaffe", "heer", "luftwaffe", "luftwaffe", "heer", "luftwaffe", "kriegsmarine"]}], [{"col": "c3", "type": "TEXT", "data": ["generalleutnant", "oberfeldwebel", "stabsarzt (rank equivalent to hauptmann)", "unteroffizier", "oberst im generalstab (in the general staff)", "oberfeldwebel", "oberfeldwebel", "hauptmann", "waffen-obersturmfuhrer", "oberleutnant", "oberfeldwebel", "leutnant of the reserves", "waffen-obersturmbannfuhrer", "leutnant", "generalleutnant", "major", "hauptmann", "wachtmeister", "generalleutnant", "leutnant", "wachtmeister", "obergefreiter", "hauptmann", "hauptmann of the reserves", "unteroffizier", "oberfeldwebel", "leutnant zur see of the reserves", "generalleutnant", "oberst of the reserves", "major", "oberleutnant of the reserves", "oberstleutnant", "hauptmann", "korvettenkapitan", "feldwebel", "hauptmann", "leutnant", "ss-obersturmfuhrer", "stabsfeldwebel", "major", "hauptmann of the reserves", "oberstleutnant", "oberleutnant", "hauptmann", "hauptmann", "generalmajor", "hauptmann", "oberleutnant", "oberfeldwebel", "major", "ss-oberscharfuhrer", "hauptmann of the reserves", "fahnenjunker-feldwebel", "oberst of the reserves", "leutnant of the reserves", "oberleutnant of the reserves", "oberstleutnant", "oberleutnant of the reserves", "hauptmann of the reserves", "oberleutnant", "obergefreiter", "oberfeldwebel", "oberleutnant", "generalleutnant", "oberfeldwebel", "hauptmann", "major", "hauptmann", "leutnant", "leutnant", "oberst", "oberleutnant", "oberst", "oberleutnant of the reserves", "unteroffizier", "oberleutnant (m.a.) of the reserves", "kapitanleutnant", "hauptmann", "oberleutnant", "major", "major", "leutnant", "wachtmeister", "oberleutnant", "oberleutnant", "oberleutnant", "hauptmann", "oberleutnant", "oberleutnant", "feldwebel", "oberfeldwebel", "obergefreiter", "major", "marine-schreiber-obergefreiter", "hauptmann", "leutnant of the reserves", "oberfeldwebel", "hauptmann", "hauptmann of the reserves", "oberleutnant", "hauptmann", "oberleutnant", "oberstleutnant", "oberleutnant", "fahnenjunker-feldwebel", "oberst im generalstab (in the general staff)", "feldwebel", "major", "major", "ss-obersturmfuhrer of the reserves", "oberleutnant", "oberfeldwebel", "leutnant", "ss-obersturmbannfuhrer", "feldwebel", "leutnant", "hauptmann of the reserves", "oberleutnant", "feldwebel", "general der infanterie zur verwendung (for disposition)", "general der panzertruppe", "hauptmann of the reserves", "oberleutnant", "leutnant", "hauptmann", "hauptmann", "oberfeldwebel", "leutnant", "ss-standartenfuhrer and oberst of the schupo", "ss-untersturmfuhrer", "oberst", "leutnant of the reserves", "hauptmann", "oberfeldwebel", "ss-oberfuhrer", "ss-untersturmfuhrer", "oberleutnant", "oberst", "ss-untersturmfuhrer", "leutnant of the reserves", "oberleutnant", "oberst", "oberleutnant", "major", "hauptmann", "leutnant of the reserves", "obergefreiter", "oberleutnant of the reserves", "oberst", "oberfeldwebel", "leutnant", "leutnant of the reserves", "major of the reserves", "oberstleutnant", "major", "oberfeldwebel", "major", "unteroffizier", "hauptmann", "major", "oberfeldwebel", "stabsobersteuermann", "oberleutnant", "hauptmann", "hauptmann", "oberleutnant", "major", "oberfeldwebel", "oberleutnant", "gefreiter", "ss-obersturmfuhrer", "hauptmann of the reserves", "oberst", "hauptmann", "generalfeldmarschall", "generalleutnant", "leutnant of the reserves", "unteroffizier", "hauptmann", "oberfeldwebel", "feldwebel", "feldwebel", "oberfeldwebel", "ss-panzergrenadier", "obergefreiter", "oberleutnant", "oberfeldwebel", "feldwebel", "oberleutnant", "oberleutnant", "oberstleutnant", "oberleutnant", "oberleutnant", "leutnant zur see of the reserves", "oberfeldwebel", "oberwachtmeister", "hauptmann", "gefreiter", "oberleutnant", "feldwebel", "unteroffizier", "rittmeister", "feldwebel", "major", "oberleutnant of the reserves", "oberfeldwebel", "generalmajor", "hauptmann", "hauptmann", "generalleutnant", "major of the reserves", "leutnant", "ss-standartenfuhrer and oberst of the schupo", "oberleutnant of the reserves", "hauptmann", "major", "major", "unteroffizier", "unteroffizier", "oberst of the reserves", "oberfeldwebel", "ss-gruppenfuhrer and generalleutnant of the polizei", "ss-unterscharfuhrer", "ss-obersturmbannfuhrer", "leutnant", "oberleutnant of the reserves", "oberstleutnant", "leutnant", "major", "oberfeldwebel", "ss-hauptsturmfuhrer of the reserves", "oberfeldwebel", "hauptmann of the reserves", "fahnenjunker-oberfeldwebel", "oberst", "generalleutnant", "ss-hauptsturmfuhrer", "oberstleutnant", "leutnant of the reserves", "oberleutnant", "generalmajor", "leutnant", "hauptmann", "feldwebel", "ss-unterscharfuhrer", "oberst", "oberwachtmeister", "oberleutnant", "hauptmann", "oberstleutnant", "oberleutnant", "feldwebel", "oberleutnant", "major", "major", "oberfeldwebel", "unteroffizier", "hauptmann", "general der flieger", "feldwebel", "oberleutnant", "ss-hauptscharfuhrer", "unteroffizier", "obergefreiter", "oberleutnant of the reserves", "generalmajor", "oberstleutnant", "generalleutnant", "oberjager", "major", "oberst", "oberleutnant", "unteroffizier", "unteroffizier", "ss-obersturmfuhrer", "oberfeldwebel", "leutnant", "hauptmann of the reserves zur verwendung (for disposition)", "oberfeldwebel", "feldwebel", "ss-obersturmfuhrer of the reserves", "major", "ss-sturmbannfuhrer and major of the schupo", "leutnant", "generalmajor", "oberjager", "rittmeister of the reserves", "hauptmann", "leutnant", "hauptmann of the reserves", "feldwebel", "hauptmann", "oberst", "leutnant", "major", "hauptmann", "hauptmann of the reserves", "ss-obersturmfuhrer", "leutnant", "obergefreiter", "leutnant", "major", "ss-obersturmfuhrer of the reserves", "oberfeldwebel", "oberst", "oberfeldwebel", "leutnant", "major", "ss-sturmbannfuhrer", "major", "oberleutnant", "major", "major", "oberst", "feldwebel", "ss-untersturmfuhrer", "major", "oberleutnant", "hauptmann", "major of the reserves", "oberleutnant", "oberstleutnant", "oberleutnant of the reserves", "major", "oberjager", "obergefreiter", "hauptmann", "leutnant", "oberleutnant", "oberleutnant of the reserves", "oberleutnant of the reserves", "oberfeldwebel", "ss-unterscharfuhrer", "oberleutnant", "hauptmann of the reserves", "hauptmann", "hauptmann", "oberleutnant", "hauptmann", "kapitanleutnant (ing.)", "obergefreiter", "unteroffizier", "feldwebel", "oberfeldwebel", "leutnant of the reserves", "oberfeldwebel", "hauptmann", "major", "general der panzertruppe", "major im generalstab (in the general staff)", "oberst", "oberst", "feldwebel", "ss-oberscharfuhrer", "hauptmann", "fahnenjunker-feldwebel", "feldwebel", "hauptmann", "major", "ss-hauptsturmfuhrer", "leutnant of the reserves", "feldwebel", "kapitanleutnant", "ss-hauptsturmfuhrer", "oberleutnant", "oberleutnant zur see of the reserves", "kapitan zur see", "oberleutnant", "oberst", "hauptmann", "hauptmann", "leutnant of the reserves", "hauptmann", "oberleutnant", "oberstleutnant", "feldwebel", "hauptmann", "hauptmann", "oberleutnant", "kapitanleutnant"]}, {"col": "c3_first", "type": "TEXT", "data": ["generalleutnant", "oberfeldwebel", "stabsarzt", "unteroffizier", "oberst im generalstab", "oberfeldwebel", "oberfeldwebel", "hauptmann", "waffen-obersturmfuhrer", "oberleutnant", "oberfeldwebel", "leutnant of the reserves", "waffen-obersturmbannfuhrer", "leutnant", "generalleutnant", "major", "hauptmann", "wachtmeister", "generalleutnant", "leutnant", "wachtmeister", "obergefreiter", "hauptmann", "hauptmann of the reserves", "unteroffizier", "oberfeldwebel", "leutnant zur see of the reserves", "generalleutnant", "oberst of the reserves", "major", "oberleutnant of the reserves", "oberstleutnant", "hauptmann", "korvettenkapitan", "feldwebel", "hauptmann", "leutnant", "ss-obersturmfuhrer", "stabsfeldwebel", "major", "hauptmann of the reserves", "oberstleutnant", "oberleutnant", "hauptmann", "hauptmann", "generalmajor", "hauptmann", "oberleutnant", "oberfeldwebel", "major", "ss-oberscharfuhrer", "hauptmann of the reserves", "fahnenjunker-feldwebel", "oberst of the reserves", "leutnant of the reserves", "oberleutnant of the reserves", "oberstleutnant", "oberleutnant of the reserves", "hauptmann of the reserves", "oberleutnant", "obergefreiter", "oberfeldwebel", "oberleutnant", "generalleutnant", "oberfeldwebel", "hauptmann", "major", "hauptmann", "leutnant", "leutnant", "oberst", "oberleutnant", "oberst", "oberleutnant of the reserves", "unteroffizier", "oberleutnant", "kapitanleutnant", "hauptmann", "oberleutnant", "major", "major", "leutnant", "wachtmeister", "oberleutnant", "oberleutnant", "oberleutnant", "hauptmann", "oberleutnant", "oberleutnant", "feldwebel", "oberfeldwebel", "obergefreiter", "major", "marine-schreiber-obergefreiter", "hauptmann", "leutnant of the reserves", "oberfeldwebel", "hauptmann", "hauptmann of the reserves", "oberleutnant", "hauptmann", "oberleutnant", "oberstleutnant", "oberleutnant", "fahnenjunker-feldwebel", "oberst im generalstab", "feldwebel", "major", "major", "ss-obersturmfuhrer of the reserves", "oberleutnant", "oberfeldwebel", "leutnant", "ss-obersturmbannfuhrer", "feldwebel", "leutnant", "hauptmann of the reserves", "oberleutnant", "feldwebel", "general der infanterie zur verwendung", "general der panzertruppe", "hauptmann of the reserves", "oberleutnant", "leutnant", "hauptmann", "hauptmann", "oberfeldwebel", "leutnant", "ss-standartenfuhrer and oberst of the schupo", "ss-untersturmfuhrer", "oberst", "leutnant of the reserves", "hauptmann", "oberfeldwebel", "ss-oberfuhrer", "ss-untersturmfuhrer", "oberleutnant", "oberst", "ss-untersturmfuhrer", "leutnant of the reserves", "oberleutnant", "oberst", "oberleutnant", "major", "hauptmann", "leutnant of the reserves", "obergefreiter", "oberleutnant of the reserves", "oberst", "oberfeldwebel", "leutnant", "leutnant of the reserves", "major of the reserves", "oberstleutnant", "major", "oberfeldwebel", "major", "unteroffizier", "hauptmann", "major", "oberfeldwebel", "stabsobersteuermann", "oberleutnant", "hauptmann", "hauptmann", "oberleutnant", "major", "oberfeldwebel", "oberleutnant", "gefreiter", "ss-obersturmfuhrer", "hauptmann of the reserves", "oberst", "hauptmann", "generalfeldmarschall", "generalleutnant", "leutnant of the reserves", "unteroffizier", "hauptmann", "oberfeldwebel", "feldwebel", "feldwebel", "oberfeldwebel", "ss-panzergrenadier", "obergefreiter", "oberleutnant", "oberfeldwebel", "feldwebel", "oberleutnant", "oberleutnant", "oberstleutnant", "oberleutnant", "oberleutnant", "leutnant zur see of the reserves", "oberfeldwebel", "oberwachtmeister", "hauptmann", "gefreiter", "oberleutnant", "feldwebel", "unteroffizier", "rittmeister", "feldwebel", "major", "oberleutnant of the reserves", "oberfeldwebel", "generalmajor", "hauptmann", "hauptmann", "generalleutnant", "major of the reserves", "leutnant", "ss-standartenfuhrer and oberst of the schupo", "oberleutnant of the reserves", "hauptmann", "major", "major", "unteroffizier", "unteroffizier", "oberst of the reserves", "oberfeldwebel", "ss-gruppenfuhrer and generalleutnant of the polizei", "ss-unterscharfuhrer", "ss-obersturmbannfuhrer", "leutnant", "oberleutnant of the reserves", "oberstleutnant", "leutnant", "major", "oberfeldwebel", "ss-hauptsturmfuhrer of the reserves", "oberfeldwebel", "hauptmann of the reserves", "fahnenjunker-oberfeldwebel", "oberst", "generalleutnant", "ss-hauptsturmfuhrer", "oberstleutnant", "leutnant of the reserves", "oberleutnant", "generalmajor", "leutnant", "hauptmann", "feldwebel", "ss-unterscharfuhrer", "oberst", "oberwachtmeister", "oberleutnant", "hauptmann", "oberstleutnant", "oberleutnant", "feldwebel", "oberleutnant", "major", "major", "oberfeldwebel", "unteroffizier", "hauptmann", "general der flieger", "feldwebel", "oberleutnant", "ss-hauptscharfuhrer", "unteroffizier", "obergefreiter", "oberleutnant of the reserves", "generalmajor", "oberstleutnant", "generalleutnant", "oberjager", "major", "oberst", "oberleutnant", "unteroffizier", "unteroffizier", "ss-obersturmfuhrer", "oberfeldwebel", "leutnant", "hauptmann of the reserves zur verwendung", "oberfeldwebel", "feldwebel", "ss-obersturmfuhrer of the reserves", "major", "ss-sturmbannfuhrer and major of the schupo", "leutnant", "generalmajor", "oberjager", "rittmeister of the reserves", "hauptmann", "leutnant", "hauptmann of the reserves", "feldwebel", "hauptmann", "oberst", "leutnant", "major", "hauptmann", "hauptmann of the reserves", "ss-obersturmfuhrer", "leutnant", "obergefreiter", "leutnant", "major", "ss-obersturmfuhrer of the reserves", "oberfeldwebel", "oberst", "oberfeldwebel", "leutnant", "major", "ss-sturmbannfuhrer", "major", "oberleutnant", "major", "major", "oberst", "feldwebel", "ss-untersturmfuhrer", "major", "oberleutnant", "hauptmann", "major of the reserves", "oberleutnant", "oberstleutnant", "oberleutnant of the reserves", "major", "oberjager", "obergefreiter", "hauptmann", "leutnant", "oberleutnant", "oberleutnant of the reserves", "oberleutnant of the reserves", "oberfeldwebel", "ss-unterscharfuhrer", "oberleutnant", "hauptmann of the reserves", "hauptmann", "hauptmann", "oberleutnant", "hauptmann", "kapitanleutnant", "obergefreiter", "unteroffizier", "feldwebel", "oberfeldwebel", "leutnant of the reserves", "oberfeldwebel", "hauptmann", "major", "general der panzertruppe", "major im generalstab", "oberst", "oberst", "feldwebel", "ss-oberscharfuhrer", "hauptmann", "fahnenjunker-feldwebel", "feldwebel", "hauptmann", "major", "ss-hauptsturmfuhrer", "leutnant of the reserves", "feldwebel", "kapitanleutnant", "ss-hauptsturmfuhrer", "oberleutnant", "oberleutnant zur see of the reserves", "kapitan zur see", "oberleutnant", "oberst", "hauptmann", "hauptmann", "leutnant of the reserves", "hauptmann", "oberleutnant", "oberstleutnant", "feldwebel", "hauptmann", "hauptmann", "oberleutnant", "kapitanleutnant"]}, {"col": "c3_second", "type": "TEXT", "data": [null, null, "rank equivalent to hauptmann", null, "in the general staff", null, null, null, null, null, null, null, null, null, null, null, null, null, null, null, null, null, null, null, null, null, null, null, null, null, null, null, null, null, null, null, null, null, null, null, null, null, null, null, null, null, null, null, null, null, null, null, null, null, null, null, null, null, null, null, null, null, null, null, null, null, null, null, null, null, null, null, null, null, null, "m.a. of the reserves", null, null, null, null, null, null, null, null, null, null, null, null, null, null, null, null, null, null, null, null, null, null, null, null, null, null, null, null, null, "in the general staff", null, null, null, null, null, null, null, null, null, null, null, null, null, "for disposition", null, null, null, null, null, null, null, null, null, null, null, null, null, null, null, null, null, null, null, null, null, null, null, null, null, null, null, null, null, null, null, null, null, null, null, null, null, null, null, null, null, null, null, null, null, null, null, null, null, null, null, null, null, null, null, null, null, null, null, null, null, null, null, null, null, null, null, null, null, null, null, null, null, null, null, null, null, null, null, null, null, null, null, null, null, null, null, null, null, null, null, null, null, null, null, null, null, null, null, null, null, null, null, null, null, null, null, null, null, null, null, null, null, null, null, null, null, null, null, null, null, null, null, null, null, null, null, null, null, null, null, null, null, null, null, null, null, null, null, null, null, null, null, null, null, null, null, null, null, null, null, null, null, null, null, null, null, "for disposition", null, null, null, null, null, null, null, null, null, null, null, null, null, null, null, null, null, null, null, null, null, null, null, null, null, null, null, null, null, null, null, null, null, null, null, null, null, null, null, null, null, null, null, null, null, null, null, null, null, null, null, null, null, null, null, null, null, null, null, null, null, "ing.", null, null, null, null, null, null, null, null, null, "in the general staff", null, null, null, null, null, null, null, null, null, null, null, null, null, null, null, null, null, null, null, null, null, null, null, null, null, null, null, null, null, null]}], [{"col": "c4", "type": "TEXT", "data": ["commander of the 7. infanterie-division", "platoon leader in the ii./panzer-regiment 35", "group doctor of the iii./sturzkampfgeschwader 2 \"immelmann\"", "platoon leader in the 1.(reit)/divisions-aufklarungs-abteilung 97", "chief of the generalstab of xi. armeekorps", "platoon leader and shock troops leader in the 2./grenadier-regiment 46", "air gunner in the stabsstaffel iv./nachtjagdgeschwader 1", "commander of the i./sturm-regiment 195", "leader of the 6./waffen-grenadier-regiment 42 of the ss \"voldemars veiss\"", "leader of the 1./infanterie-bataillon z.b.v. 500", "pilot in the 10./jagdgeschwader 51 \"molders\"", "leader of the 1./grenadier-regiment 3", "commander of waffen-grenadier-regiment der ss nr. 42 \"voldemars veiss\"", "leader of the 6./grenadier-regiment 335", "defender of the island fortress elba", "gruppenkommandeur of the iii./jagdgeschwader 26 \"schlageter\"", "gruppenkommandeur of the ii./jagdgeschwader 26 \"schlageter\"", "platoon leader of the 3./sturmgeschutz-abteilung 244", "commander of the 78. infanterie-division", "pilot in the 12./jagdgeschwader 51 \"molders\"", "vorgeschobener beobachter (forward observer) in the 8./artillerie-regiment 389", "in the stabskompanie/schutzen-regiment 93", "commander of the ii./artillerie-regiment 178 (motorized)", "commander of divisions-fusilier-bataillon (a.a.) 212", "company troop leader in the 9./grenadier-regiment 159", "pilot in the 8./kampfgeschwader 6", "commander of hilfskriegsschiff \"passim\" and leader of special assignments", "commander of the 98. infanterie-division", "commander of artillerie-regiment 3 (l)", "commander of divisions-fusilier-bataillon 252", "commander of the i./grenadier-regiment 439", "commander of the iii./infanterie-regiment \"gro\u00dfdeutschland\" (motorized)", "staffelfuhrer in the (f) aufklarungs-gruppe der ob der luftwaffe", "chief of the 10. torpedobootflottille", "platoon leader in the 3./panzergrenadier-regiment 74", "gruppenkommandeur of the iii./sturzkampfgeschwader 1", "leader of the 9./fallschirmjager-regiment 7", "leader of the i./ss-panzer-artillerie-regiment 2 \"das reich\"", "platoon leader in the 2./panzer-aufklarungs-abteilung 2", "commander of the ii./artillerie-regiment 14", "chief of the 1./sturmgeschutz-brigade 209", "commander of panzergrenadier-regiment 33", "leader of the iii./panzer-regiment 33", "chief of the 11./gebirgsjager-regiment 100", "commander of the ii./panzergrenadier-regiment 12", "chief of the generalstab of the panzer gruppe \"afrika\"", "leader of a kampfgruppe in the 12. panzer-division", "chief of the 2./panzergrenadier-regiment 66", "shock troops leader in the 3./grenz-pionier-bataillon 74", "commander of the iii./grenadier-brigade 503", "platoon leader in the 2./ss-panzer-pionier-bataillon 2 \"das reich\"", "commander of iii./jager-regiment 204", "platoon leader in the 2./schwere panzer-abteilung 507", "leader of a kampfgruppe", "leader of the 7./grenadier-regiment 151", "leader of the i./grenadier-regiment 453", "commander of the i./grenadier-regiment \"gro\u00dfdeutschland\"", "chief of the 3./grenadier-regiment 422", "staffelkapitan of the 6./schlachtgeschwader 1", "staffelkapitan of the 7./nachtjagdgeschwader 1", "group leader in the 10./grenadier-regiment 19 \"list\"", "company troop leader in the 1./grenadier-regiment 380", "chief of the 3./fuhrer-panzer-regiment 1 (fuhrer-begleit-division)", "commanding general of x. fliegerkorps", "pilot in the stabsstaffel/kampfgeschwader 4 \"general wever\"", "commander of lufttransportgruppe don", "commander of pionier-bataillon 662", "gruppenkommandeur of the ii./kampfgeschwader 76", "pilot in the 1./kampfgeschwader 77", "pilot in the i./jagdgeschwader 77", "commander of infanterie-regiment 200 (motorized) in dak", "chief of the 3./sturmgeschutz-abteilung 185", "commander of grenadier-regiment 187", "chief of the 5./grenadier-regiment 46", "group leader in the 5./panzer-aufklarungs-abteilung 7", "chief of marine-batterie \"hamburg\" in the marine-artillerie-abteilung 604", "commander of u-107", "leader of the i./grenadier-regiment 457", "battery leader in the i./flak-regiment 43 (motorized)", "adjutant of the 75. infanterie-division", "commander of the iii./artillerie-regiment 251", "oberserver in the 6.(f)/aufklarungs-gruppe 122", "gun leader in the i./flak-regiment 49 in flak-regiment 37", "pilot in the 2.(f)/aufklarungs-gruppe 11", "chief of the 13.(ig)/grenadier-regiment 544", "chief of the 1./fallschirmjager-sturm-regiment", "leader of the i./grenadier-regiment 32", "staffelkapitan of the 4./kampfgeschwader 2", "leader of the 3./sturmgeschutz-abteilung 209", "platoon leader in the stabskompanie/grenadier-regiment 401", "platoon leader in the 3./panzer-regiment 36", "wireless radio operator in the 3./artillerie-regiment 196", "commander of the ii./panzer-regiment 7", "einmanntorpedofahrer in the kleinkampfflottille 361", "commander of the iv./fallschirmjager-sturm-regiment", "platoon leader in the 3./panzer-pionier-bataillon 16", "platoon leader in the 13.(ig)/grenadier-regiment 110", "pilot with the commanding general of the xi. fliegerkorps in conjunction with the mussolini rescue", "commander of the iii./infanterie-regiment 507", "chief of the 4./panzergrenadier-regiment 35", "commander of the i./grenadier-regiment 409", "chief of the 2./mg-bataillon 13", "commander of artillerie-regiment 90", "chief of the 1./pionier-bataillon 171", "leader of the bicycle platoon in the stabskompanie/fallschirmjager-regiment 1", "chief of the generalstab of the 7. armee", "platoon leader in the 4./grenadier-regiment 287", "commander of fallschirm-sturmgeschutz-brigade 12", "commander of the ii./fallschirmjager-regiment 7", "chief of the 7./ss-panzer-artillerie-regiment 3 \"totenkopf\"", "staffelkapitan of the sturmstaffel in the iv./jagdgeschwader 3 \"udet\"", "company troop leader in the 7./jager-regiment 83", "pilot in the 9./kampfgeschwader 3 \"lutzow\"", "commander of ss-sturmbrigde \"reichsfuhrer ss\" (sp. 16. ss-panzergrenadier-division)", "platoon leader in the 3./panzer-jager-abteilung 187", "leader of the 10./grenadier-regiment 61", "regiment adjutant in the grenadier-regiment 698", "staffelkapitan in the ii./kampfgeschwader 3 \"lutzow\"", "platoon leader in the 2./panzergrenadier-regiment 6", "commanding general ix. armeekorps", "commanding general of the xxiv. armeekorps (motorized)", "leader of the ii./infanterie-regiment 154", "leader of the 7./gebirgsjager-regiment 138", "company leader in the grenadier-ersatz and ausbildungs-bataillon 318", "chief of the 5./panzer-regiment 5", "leader of the infanterie-bataillon z.b.v. 540", "pilot in the 1./schlachtgeschwader 2 \"immelmann\"", "leader of the 2./panzer-abteilung 5", "commander of ss-polizei-schutzen-regiment 1", "sto\u00dftruppfuhrer (shock troops leader) in berlin (in the 11. ss-panzergrenadier-division \"nordland\")", "commander of grenadier-regiment 123", "vorgeschobener beobachter (forward observer) in the 6./artillerie-regiment 190 (motorized)", "commander of the ii./grenadier-regiment 116", "pilot in the 3./nachtjagdgeschwader 1", "commander of ss-artillerie-regiment 5 \"wiking\"", "platoon leader in the 5. ss-freiwilligen-sturmbrigade \"wallonie\"", "leader of the 2./panzer-regiment 1", "commander of infanterie-regiment 9", "platoon leader in the 1./ss-jager-bataillon 502", "leader of the 7./ski-jager-regiment 1", "company leader in the panzergrenadier-regiment 11", "commander of panzergrenadier-regiment 6", "staffelkapitan of the 4./sturzkampfgeschwader 77", "commander of the ii./infanterie-regiment 484", "leader of the i./grenadier-regiment 426", "leader of the 2./sturmgeschutz-brigade 210", "richtschutze (gunner) in the 14.(panzerjager)/grenadier-regiment 253", "platoon leader in the iii./grenadier-regiment 35 (motorized)", "commander of gebirgsjager-regiment 100", "air gunner in the stab/kampfgeschwader 6", "leader of the 1./panzer-jager-abteilung 46", "leader of the 3./gemischte flak-abteilung 442 (verlegefahig-deployable)", "commander of the i./infanterie-regiment 549", "commander of grenadier-regiment 481", "commander of sturmgeschutz-abteilung 244", "pilot in the 4./jagdgeschwader 26 \"schlageter\"", "commander of the i./gebirgsjager-regiment 85", "group leader in the 3./grenadier-regiment 12", "staffelkapitan of the 2./kampfgeschwader 53 \"legion condor\"", "commander of the iii./artillerie-regiment 18 (l)", "platoon leader in the 3./grenadier-regiment 407", "commander of raumboot r-51 in the 1. raumbootflottille", "regiments adjutant of infanterie-regiment 208", "chief of the 1./artillerie-pak-abteilung 1064 (motorized)", "commander of the ii./grenadier-regiment 1226", "chief of the 11./infanterie-regiment 461", "commander of the iii./infanterie-regiment 420", "platoon leader in the 1./panzer-jager-abteilung 49", "staffelkapitan in the iii./sturzkampfgeschwader 3", "in the 7./grenadier-regiment 670", "chief of the 4./ss-reiter-regiment 1", "commander of the ii./gebirgsjager-regiment 98", "commander of fortress pionier-stab 30", "commander of feldersatz-bataillon 208", "reichsminister of aviation and commander-in-chief of the luftwaffe", "commander of the 291. infanterie-division", "leader of the 11./grenadier-regiment 410", "group leader of the 1./panzergrenadier-regiment 394", "commander of aufklarungs-abteilung 29 (motorized)", "platoon leader in the 8./panzergrenadier-regiment 13", "pilot in the stab/schlachtgeschwader 77", "platoon leader in the 3./fallschirmjager-regiment 1", "platoon leader in the 2./grenadier-regiment 199 \"list\"", "machine gunner 1 in 6./ss-panzergrenadier-regiment 1 \"leibstandarte ss adolf hitler\"", "group leader in the 11./grenadier-regiment 445", "chief of the 13.(ig)/gebirgsjager-regiment 91", "platoon leader in the 6./panzergrenadier-regiment 63", "platoon leader in abwehrkommando 201 (inf.)", "staffelkapitan of the 9./jagdgeschwader 53", "pilot in the 2./jagdgeschwader 54", "commander of infanterie-regiment 466", "chief of the 1./flak-regiment 37 (motorized)", "staffelfuhrer of the 8./schlachtgeschwader 10", "commander of raumboot r-16 in the 5. raumbootflottille", "deputy leader of the 3./grenadier-regiment 368", "platoon leader in the 5./artillerie-regiment 263", "commander of schnelle abteilung 306", "richkanonier (gunner) in the 6./artillerie-regiment 333", "staffelkapitan of the 8./schlachtgeschwader 1", "platoon leader in the 5./infanterie-regiment 19", "pilot in the 3./jagdgeschwader 53", "commander of radfahr-abteilung 117", "platoon leader of the 6./infanterie-regiment 106", "commander of the i./infanterie-regiment 339", "chief of the radfahr-aufklarungs-schwadron 173", "pilot in the 9./schlachtgeschwader 4", "commander of the 36. infanterie-division (motorized)", "leader of divisions-fusilier-bataillon 371", "gruppenkommandeur of the ii./jagdgeschwader 3", "commander of the 88. infanterie-division", "commander of the i./infanterie-regiment 415", "pilot in the 5./jagdgeschwader 2 \"richthofen\"", "chief of the generalstab of the x. ss-armeekorps and leader of a kampfgruppe", "leader of the 6./jager-regiment 83", "commander of the ii./panzer-regiment 4", "commander of the ii./gebirgs-artillerie-regiment 85", "commander of the i./schutzen-regiment 10", "group leader in the 4.(mg)/grenadier-regiment 576", "group leader in the 3./grenadier-regiment 30 (motorized)", "commander of artillerie-regiment 362", "pilot in the 1./jagdgeschwader 302", "leader of kampfgruppe \"von gottberg\"", "vorgeschobener beobachter (forward observer) in the 3./ss-flak-abteilung 17 \"gotz von berlichingen\"", "commander sipo and sd budapest and leader of a kampfgruppe", "staffelfuhrer of the 7./sturzkampfgeschwader 2 \"immelmann\"", "leader of a special commando in the bau-lehr-bataillon z.b.v. 800 \"brandenburg\"", "geschwaderkommodore of zerstorergeschwader 76", "leader of the 4./panzergrenadier-regiment 110", "commander of the i./panzer-regiment 39", "radio operator in the 15./kampfgeschwader 2", "commander of ss-panzer-aufklarungs-abteilung 9 \"hohenstaufen\"", "platoon leader in the 4./fusilier-regiment 22", "chief of the 14.(panzerjager)/grenadier-regiment 7", "observer in the 2.(h)/aufklarungs-gruppe 6", "commander of infanterie-regiment 29 (motorized)", "commander of the 298. infanterie-division", "chief of the 18.(panzerjager)/ss-panzergrenadier-regiment 1 \"leibstandarte ss adolf hitler\"", "commander of grenadier-regiment 1082", "pilot in the 9./jagdgeschwader 52", "chief of the 1./flak-regiment (motorized) \"general goring\"", "leader of the 58. infanterie-division", "leader of the 3./grenadier-regiment 544", "chief of the 12./artillerie-regiment 329", "platoon leader in the 7./panzer-regiment 31", "platoon troop leader in the 9./ss-panzergrenadier-regiment 4 \"der fuhrer\"", "commander of infanterie-regiment 1", "platoon leader in a leichte flak-abteilung (motorized)", "staffelkapitan of the 9./kampfgeschwader 27 \"boelcke\"", "commander of the ii./infanterie-regiment 188", "commander of infanterie-regiment 119", "pilot in the ii./jagdgeschwader 51", "platoon leader in the 8./grenadier-regiment 191", "staffelkapitan of the 1./kampfgeschwader 4 \"general wever\"", "commander of the ii./grenadier-regiment 326", "commander of the iii./fallschirmjager-regiment 4", "pilot in the 2./jagdgeschwader 52", "pilot in the 8./jagdgeschwader 52", "gruppenkommandeur of the ii./kampfgeschwader 4 \"general wever\"", "commanding general of the i. fliegerkorps", "platoon leader in infanterie-regiment 16", "pilot in the 1./kampfgeschwader 30", "platoon leader in the 3./ss-panzergrenadier-regiment 2 \"leibstandarte ss adolf hitler\"", "company troop leader in the 4./panzer-aufklarungs-abteilung 8", "1st machine gunner in the 6./grenadier-regiment 487", "company leader in festungs-grenadier-regiment \"mohr\" in fortress breslau", "chief of the general staff of the 12. armee", "commander of the ii./infanterie-regiment 1 \"gro\u00dfdeutschland\"", "commanding general of the v. fliegerkorps", "platoon leader in the 8./jager-regiment 75", "leader of grenadier-regiment 307", "commander of infanterie-regiment 499", "staffelkapitan of the 11./nachtjagdgeschwader 1", "messenger squadron leader in the i./grenadier-regiment 165", "pilot in the 2./sturzkampfgeschwader 1", "leader of the 7./ss-panzer-regiment 2 \"das reich\"", "platoon leader in the 6./schutzen-regiment 40", "pilot in the 3./kampfgruppe 606", "commander of the i./jager-regiment 49", "pilot in the 9./schlachtgeschwader 77", "pilot in the 2./sturzkampfgeschwader 77", "leader of the 6./ss-panzergrenadier-regiment 4 \"der fuhrer\"", "commander of the i./infanterie-regiment 391", "commander of ss-polizei-schutzen-bataillon 323", "leader of the 2./panzergrenadier-regiment 114", "commander of the 24. flak-division", "group leader in jager-regiment 56", "chief of the 4./fusilier-bataillon 58", "commander of panzer-pionier-bataillon 19", "pilot in the iv./nachtjagdgeschwader 1", "leader of panzergrenadier-feld-ersatz-bataillon 25", "pilot in the 9./jagdgeschwader 52", "commander of the ii./artillerie-regiment 13 (l)", "commander of infanterie-regiment 120 (motorized)", "pioneer platoon leader in the stabskompanie/grenadier-regiment 278", "commander of the ii./fallschirmjager-regiment 1", "staffelkapitan of the 3./kampfgeschwader 53 \"legion condor\"", "leader of the i./panzer-regiment 35", "chief of the 1./ss-panzergrenadier-regiment 3 \"deutschland\"", "pilot in the ii./jagdgeschwader 54", "in the 2./pionier-bataillon 1", "staffelkapitan of the 9./jagdgeschwader 27", "gruppenkommandeur of the i./transportgeschwader 2", "leader of the 2./ss-flak-abteilung 9 \"hohenstaufen\"", "platoon leader in the 1./panzer-regiment 2", "commander of kampfgruppe \"grosan\" and tactics teacher at the panzer-truppenschule bergen", "leader of rider platoon in the stabskompanie/grenadier-regiment 422", "staffelfuhrer of the 5./jagdgeschwader 26 \"schlageter\"", "commander of divisions-fusilier-bataillon 129", "commander of the ii./ss-panzer-regiment 1 \"leibstandarte ss adolf hitler\"", "commander of the ii./grenadier-regiment 529", "observer in the 7./kampfgeschwader 53 \"legion condor\"", "leader of grenadier-regiment 308", "commander of sturmgeschutz-abteilung 244", "commander of infanterie-regiment 84", "deputy leader of the 3./grenadier-regiment 252", "platoon leader in the 6./ss-panzer-regiment 5 \"wiking\"", "leader of grenadier-regiment 12", "staffelkapitan of the 4.(s)/lehrgeschwader 2", "gruppenkommandeur of the ii./zerstorergeschwader 76", "division adjutant of the 1. volks-gebirgs-division and leader of gebirgsjager-regiment 99", "chief of the 11./artillerie-regiment 389", "commander of grenadier-regiment 464", "adjutant in the ii./panzergrenadier-regiment 125", "commander of sturmgeschutz-abteilung 209", "machine gun leader in the 9./jager-regiment 227", "group leader in the 11./gebirgsjager-regiment 98", "leader of the i./panzer-regiment 5", "pilot in the 5./jagdgeschwader 3 \"udet\"", "chief of the 1./panzer-regiment 33 \"prinz eugen\"", "chief of the 3./sturmgeschutz-abteilung 201", "leader of the 3./kradschutzen-bataillon 7", "platoon leader in the 1./fallschirmjager-sturmgeschutz-brigade 12", "group leader in regiment \"mohr\" in the fortress breslau", "chief of the 2./artillerie-regiment 18 (motorized)", "commander of the i./panzergrenadier-regiment 126", "chief of the 11./grenadier-regiment 133", "commander of the ii./panzergrenadier-regiment 111", "leader of the begleitkompanie of the 14. panzer-division", "commander of the i./gebirgsjager-regiment 138", "fleet engineer in the 1. raumbootflottille", "group leader in the 4./panzergrenadier-regiment 93", "company troop leader in the 3./fallschirm-panzergrenadier-regiment 2 \"hermann goring\"", "platoon leader in the 4./grenadier-regiment 457", "pilot in the 7./sturzkampfgeschwader 77", "leader of the 2./panzer-regiment 35", "platoon leader in the 4./hochgebirgsjager-bataillon 3", "commander of the ii./infanterie-regiment 481", "commander of the ii./schutzen-regiment 14", "commanding general of the xix. armeekorps", "ia (operations officer) of the 116. panzer-division", "commander of infanterie-regiment 516", "leader of divisions-gruppe \"gumbel\" (grenadier-regiment 308)", "platoon leader in the 13.(ig)/grenadier-regiment 508", "platoon leader in the 1./ss-sturmgeschutz-abteilung 1 \"leibstandarte ss adolf hitler\"", "staffelkapitan of the 7./kampfgeschwader 27 \"boelcke\"", "pilot in the 9./schlachtgeschwader 10", "platoon leader in the 8./panzer-regiment 2", "gruppenkommandeur of the ii./kampfgeschwader 27 \"boelcke\"", "commander of the i./flak-regiment 43", "leader of the iii./ss-freiwilligen-panzergrenadier-regiment 23 \"norge\"", "company leader in the i./infanterie-regiment 545", "platoon leader in the 12./gebirgsjager-regiment 91", "commander of u-81", "leader of the iii.(gepanzert)/ss-panzergrenadier-regiment 2 \"leibstandarte ss adolf hitler\"", "regiments adjutant in infanterie-regiment 513", "commander of torpedoboot ta-20", "commander of auxiliary cruiser \"thor\" (hsk-4)", "chief of the 3./pionier-bataillon 258", "commander of infanterie-regiment 506", "leader of the ii./grenadier-regiment 587", "commander of the iii./grenadier-regiment 477", "leader of jagdpanzer-kompanie 1011", "leader of the i./grenadier-regiment 178", "staffelfuhrer of the 3./kampfgeschwader 53 \"legion condor\"", "leader of panzergrenadier-regiment 11", "pilot in the ii./schlachtgeschwader 2 \"immelmann\"", "staffelkapitan of the 3./kampfgeschwader 51", "commander of the i./panzergrenadier-regiment 6", "pilot in the 4.(f)/aufklarungs-gruppe 122", "commander of u-98"]}], [{"col": "c5", "type": "TEXT", "data": ["15 august 1940", "30 august 1941", "19 august 1944", "19 december 1943", "7 april 1944", "2 april 1943", "27 july 1944", "21 september 1944", "5 may 1945", "8 october 1943", "9 june 1944", "17 march 1945", "25 january 1945", "17 march 1945", "19 june 1944", "29 july 1940", "18 may 1943", "25 january 1943", "19 november 1941", "24 january 1942", "10 september 1944", "27 may 1942", "25 january 1943", "29 february 1944", "29 february 1944", "18 september 1943", "1 november 1944", "29 november 1943", "5 february 1944", "2 september 1944", "18 january 1944", "19 july 1940", "3 february 1943", "24 june 1944", "16 december 1942", "25 may 1942", "6 october 1944", "4 june 1944", "11 october 1943", "28 march 1945", "12 august 1944", "8 august 1944", "16 november 1944", "13 june 1941", "30 september 1944", "13 december 1941", "28 march 1945", "18 september 1942", "13 july 1940", "23 october 1944", "6 may 1945", "15 may 1943", "30 september 1944", "11 january 1945", "16 april 1944", "9 may 1945", "8 february 1943", "15 april 1944", "31 december 1943", "22 may 1943", "20 october 1944", "8 august 1944", "14 april 1945", "4 may 1940", "24 october 1944", "24 january 1943", "7 december 1943", "20 july 1944", "21 december 1942", "30 august 1941", "29 july 1942", "21 august 1941", "7 january 1944", "1 february 1945", "14 may 1944", "26 june 1944", "26 march 1943", "28 march 1945", "11 june 1944", "14 february 1945", "2 september 1944", "16 december 1944", "12 october 1942", "3 november 1942", "5 april 1945", "14 june 1941", "26 november 1944", "23 march 1941", "14 april 1943", "18 february 1945", "21 january 1945", "9 december 1944", "22 september 1941", "6 july 1944", "14 june 1941", "2 december 1942", "8 may 1943", "19 september 1943", "10 february 1942", "3 may 1945", "23 march 1945", "9 may 1940", "4 september 1940", "26 may 1940", "29 october 1944", "26 august 1944", "4 may 1944", "28 april 1945", "13 september 1944", "31 march 1943", "29 october 1944", "18 september 1943", "23 march 1941", "4 july 1944", "9 december 1944", "13 september 1943", "4 june 1944", "21 june 1943", "22 october 1944", "25 june 1940", "9 july 1941", "7 august 1942", "31 july 1942", "24 february 1945", "30 june 1941", "15 may 1944", "16 december 1944", "17 april 1945", "30 september 1942", "29 april 1945", "11 march 1945", "18 november 1944", "30 april 1945", "9 july 1941", "8 october 1942", "30 september 1944", "14 september 1942", "5 june 1940", "4 october 1944", "20 october 1944", "17 april 1945", "12 february 1943", "19 february 1943", "20 august 1942", "9 april 1944", "21 september 1944", "2 november 1943", "17 august 1943", "11 october 1943", "31 december 1943", "12 january 1945", "11 february 1945", "24 september 1942", "24 december 1944", "25 january 1943", "29 august 1943", "8 august 1941", "26 november 1944", "3 april 1944", "24 january 1945", "26 august 1943", "31 may 1940", "18 october 1941", "3 november 1944", "29 april 1945", "19 march 1941", "10 september 1942", "26 november 1944", "3 february 1943", "30 september 1944", "17 september 1943", "9 may 1945", "27 december 1942", "5 april 1945", "30 september 1939", "6 november 1943", "9 june 1944", "4 july 1944", "20 october 1941", "15 march 1943", "28 march 1945", "24 may 1940", "14 may 1944", "31 october 1944", "7 september 1943", "14 december 1943", "1 september 1943", "2 august 1943", "4 september 1942", "23 december 1942", "3 may 1942", "21 july 1940", "19 august 1944", "27 december 1941", "6 february 1944", "13 october 1941", "22 august 1943", "27 september 1943", "28 january 1945", "17 september 1941", "30 october 1942", "13 september 1942", "18 november 1941", "19 july 1940", "31 july 1943", "9 june 1944", "21 november 1942", "7 october 1944", "18 september 1941", "8 february 1943", "7 may 1942", "5 february 1944", "3 may 1945", "23 february 1944", "25 october 1942", "18 july 1943", "20 april 1941", "21 january 1945", "28 november 1943", "4 july 1944", "28 october 1944", "30 june 1944", "27 december 1944", "6 february 1945", "19 june 1942", "10 june 1941", "14 september 1940", "18 january 1944", "15 november 1941", "30 september 1943", "23 august 1944", "30 september 1944", "20 july 1944", "26 december 1944", "19 july 1940", "27 october 1941", "14 may 1944", "30 april 1945", "24 january 1942", "6 october 1941", "13 august 1942", "4 may 1944", "21 september 1944", "19 september 1943", "14 august 1943", "18 october 1941", "24 october 1944", "9 october 1943", "16 july 1941", "16 june 1940", "4 september 1941", "29 november 1944", "12 march 1945", "9 november 1942", "8 april 1944", "19 september 1942", "1 july 1942", "3 september 1943", "29 may 1940", "29 may 1940", "24 november 1940", "24 january 1944", "5 february 1945", "24 november 1943", "30 april 1945", "18 may 1941", "4 june 1942", "24 june 1940", "6 february 1944", "29 november 1944", "22 september 1941", "27 july 1944", "13 january 1945", "8 may 1940", "25 january 1945", "11 august 1941", "7 october 1942", "18 may 1942", "20 july 1944", "5 december 1943", "17 september 1943", "14 march 1942", "3 may 1942", "14 august 1944", "12 april 1945", "2 september 1944", "14 november 1943", "14 april 1945", "5 february 1944", "23 august 1944", "1 july 1942", "6 april 1944", "8 september 1941", "17 march 1945", "9 june 1944", "25 november 1942", "22 october 1944", "23 august 1944", "6 october 1944", "19 june 1942", "28 january 1945", "20 april 1944", "6 may 1945", "14 december 1943", "9 may 1945", "21 january 1945", "20 april 1945", "31 august 1943", "22 july 1943", "3 january 1944", "26 march 1944", "26 december 1944", "22 november 1943", "23 august 1941", "26 march 1944", "12 august 1944", "11 march 1945", "21 july 1940", "1 october 1940", "9 may 1945", "10 september 1944", "6 november 1943", "15 january 1943", "14 august 1943", "28 february 1945", "20 december 1941", "8 february 1943", "9 june 1944", "25 november 1941", "15 march 1943", "14 october 1941", "29 october 1944", "10 march 1945", "6 february 1944", "17 september 1944", "5 april 1944", "28 october 1944", "4 october 1944", "30 october 1943", "31 may 1940", "3 july 1944", "30 november 1944", "14 may 1944", "5 february 1944", "23 february 1944", "20 july 1944", "20 august 1942", "10 february 1942", "27 october 1939", "5 october 1944", "30 october 1941", "29 november 1944", "5 march 1945", "3 march 1943", "9 june 1944", "2 february 1945", "18 december 1942", "17 september 1941", "3 november 1942", "23 october 1944", "25 october 1942", "3 april 1943", "10 december 1941", "4 june 1944", "10 september 1942", "5 november 1944", "31 december 1942", "20 december 1941", "12 september 1941", "3 august 1943", "7 february 1944", "17 april 1945", "14 january 1945", "5 april 1944", "18 september 1942", "26 march 1944", "29 february 1944", "8 may 1943", "26 march 1944", "31 december 1941"]}, {"col": "c5_number", "type": "INTEGER", "data": [15, 30, 19, 19, 7, 2, 27, 21, 5, 8, 9, 17, 25, 17, 19, 29, 18, 25, 19, 24, 10, 27, 25, 29, 29, 18, 1, 29, 5, 2, 18, 19, 3, 24, 16, 25, 6, 4, 11, 28, 12, 8, 16, 13, 30, 13, 28, 18, 13, 23, 6, 15, 30, 11, 16, 9, 8, 15, 31, 22, 20, 8, 14, 4, 24, 24, 7, 20, 21, 30, 29, 21, 7, 1, 14, 26, 26, 28, 11, 14, 2, 16, 12, 3, 5, 14, 26, 23, 14, 18, 21, 9, 22, 6, 14, 2, 8, 19, 10, 3, 23, 9, 4, 26, 29, 26, 4, 28, 13, 31, 29, 18, 23, 4, 9, 13, 4, 21, 22, 25, 9, 7, 31, 24, 30, 15, 16, 17, 30, 29, 11, 18, 30, 9, 8, 30, 14, 5, 4, 20, 17, 12, 19, 20, 9, 21, 2, 17, 11, 31, 12, 11, 24, 24, 25, 29, 8, 26, 3, 24, 26, 31, 18, 3, 29, 19, 10, 26, 3, 30, 17, 9, 27, 5, 30, 6, 9, 4, 20, 15, 28, 24, 14, 31, 7, 14, 1, 2, 4, 23, 3, 21, 19, 27, 6, 13, 22, 27, 28, 17, 30, 13, 18, 19, 31, 9, 21, 7, 18, 8, 7, 5, 3, 23, 25, 18, 20, 21, 28, 4, 28, 30, 27, 6, 19, 10, 14, 18, 15, 30, 23, 30, 20, 26, 19, 27, 14, 30, 24, 6, 13, 4, 21, 19, 14, 18, 24, 9, 16, 16, 4, 29, 12, 9, 8, 19, 1, 3, 29, 29, 24, 24, 5, 24, 30, 18, 4, 24, 6, 29, 22, 27, 13, 8, 25, 11, 7, 18, 20, 5, 17, 14, 3, 14, 12, 2, 14, 14, 5, 23, 1, 6, 8, 17, 9, 25, 22, 23, 6, 19, 28, 20, 6, 14, 9, 21, 20, 31, 22, 3, 26, 26, 22, 23, 26, 12, 11, 21, 1, 9, 10, 6, 15, 14, 28, 20, 8, 9, 25, 15, 14, 29, 10, 6, 17, 5, 28, 4, 30, 31, 3, 30, 14, 5, 23, 20, 20, 10, 27, 5, 30, 29, 5, 3, 9, 2, 18, 17, 3, 23, 25, 3, 10, 4, 10, 5, 31, 20, 12, 3, 7, 17, 14, 5, 18, 26, 29, 8, 26, 31]}, {"col": "c5_parsed", "type": "TEXT", "data": ["1940-08-15", "1941-08-30", "1944-08-19", "1943-12-19", "1944-04-07", "1943-04-02", "1944-07-27", "1944-09-21", "1945-05-05", "1943-10-08", "1944-06-09", "1945-03-17", "1945-01-25", "1945-03-17", "1944-06-19", "1940-07-29", "1943-05-18", "1943-01-25", "1941-11-19", "1942-01-24", "1944-09-10", "1942-05-27", "1943-01-25", "1944-02-29", "1944-02-29", "1943-09-18", "1944-11-01", "1943-11-29", "1944-02-05", "1944-09-02", "1944-01-18", "1940-07-19", "1943-02-03", "1944-06-24", "1942-12-16", "1942-05-25", "1944-10-06", "1944-06-04", "1943-10-11", "1945-03-28", "1944-08-12", "1944-08-08", "1944-11-16", "1941-06-13", "1944-09-30", "1941-12-13", "1945-03-28", "1942-09-18", "1940-07-13", "1944-10-23", "1945-05-06", "1943-05-15", "1944-09-30", "1945-01-11", "1944-04-16", "1945-05-09", "1943-02-08", "1944-04-15", "1943-12-31", "1943-05-22", "1944-10-20", "1944-08-08", "1945-04-14", "1940-05-04", "1944-10-24", "1943-01-24", "1943-12-07", "1944-07-20", "1942-12-21", "1941-08-30", "1942-07-29", "1941-08-21", "1944-01-07", "1945-02-01", "1944-05-14", "1944-06-26", "1943-03-26", "1945-03-28", "1944-06-11", "1945-02-14", "1944-09-02", "1944-12-16", "1942-10-12", "1942-11-03", "1945-04-05", "1941-06-14", "1944-11-26", "1941-03-23", "1943-04-14", "1945-02-18", "1945-01-21", "1944-12-09", "1941-09-22", "1944-07-06", "1941-06-14", "1942-12-02", "1943-05-08", "1943-09-19", "1942-02-10", "1945-05-03", "1945-03-23", "1940-05-09", "1940-09-04", "1940-05-26", "1944-10-29", "1944-08-26", "1944-05-04", "1945-04-28", "1944-09-13", "1943-03-31", "1944-10-29", "1943-09-18", "1941-03-23", "1944-07-04", "1944-12-09", "1943-09-13", "1944-06-04", "1943-06-21", "1944-10-22", "1940-06-25", "1941-07-09", "1942-08-07", "1942-07-31", "1945-02-24", "1941-06-30", "1944-05-15", "1944-12-16", "1945-04-17", "1942-09-30", "1945-04-29", "1945-03-11", "1944-11-18", "1945-04-30", "1941-07-09", "1942-10-08", "1944-09-30", "1942-09-14", "1940-06-05", "1944-10-04", "1944-10-20", "1945-04-17", "1943-02-12", "1943-02-19", "1942-08-20", "1944-04-09", "1944-09-21", "1943-11-02", "1943-08-17", "1943-10-11", "1943-12-31", "1945-01-12", "1945-02-11", "1942-09-24", "1944-12-24", "1943-01-25", "1943-08-29", "1941-08-08", "1944-11-26", "1944-04-03", "1945-01-24", "1943-08-26", "1940-05-31", "1941-10-18", "1944-11-03", "1945-04-29", "1941-03-19", "1942-09-10", "1944-11-26", "1943-02-03", "1944-09-30", "1943-09-17", "1945-05-09", "1942-12-27", "1945-04-05", "1939-09-30", "1943-11-06", "1944-06-09", "1944-07-04", "1941-10-20", "1943-03-15", "1945-03-28", "1940-05-24", "1944-05-14", "1944-10-31", "1943-09-07", "1943-12-14", "1943-09-01", "1943-08-02", "1942-09-04", "1942-12-23", "1942-05-03", "1940-07-21", "1944-08-19", "1941-12-27", "1944-02-06", "1941-10-13", "1943-08-22", "1943-09-27", "1945-01-28", "1941-09-17", "1942-10-30", "1942-09-13", "1941-11-18", "1940-07-19", "1943-07-31", "1944-06-09", "1942-11-21", "1944-10-07", "1941-09-18", "1943-02-08", "1942-05-07", "1944-02-05", "1945-05-03", "1944-02-23", "1942-10-25", "1943-07-18", "1941-04-20", "1945-01-21", "1943-11-28", "1944-07-04", "1944-10-28", "1944-06-30", "1944-12-27", "1945-02-06", "1942-06-19", "1941-06-10", "1940-09-14", "1944-01-18", "1941-11-15", "1943-09-30", "1944-08-23", "1944-09-30", "1944-07-20", "1944-12-26", "1940-07-19", "1941-10-27", "1944-05-14", "1945-04-30", "1942-01-24", "1941-10-06", "1942-08-13", "1944-05-04", "1944-09-21", "1943-09-19", "1943-08-14", "1941-10-18", "1944-10-24", "1943-10-09", "1941-07-16", "1940-06-16", "1941-09-04", "1944-11-29", "1945-03-12", "1942-11-09", "1944-04-08", "1942-09-19", "1942-07-01", "1943-09-03", "1940-05-29", "1940-05-29", "1940-11-24", "1944-01-24", "1945-02-05", "1943-11-24", "1945-04-30", "1941-05-18", "1942-06-04", "1940-06-24", "1944-02-06", "1944-11-29", "1941-09-22", "1944-07-27", "1945-01-13", "1940-05-08", "1945-01-25", "1941-08-11", "1942-10-07", "1942-05-18", "1944-07-20", "1943-12-05", "1943-09-17", "1942-03-14", "1942-05-03", "1944-08-14", "1945-04-12", "1944-09-02", "1943-11-14", "1945-04-14", "1944-02-05", "1944-08-23", "1942-07-01", "1944-04-06", "1941-09-08", "1945-03-17", "1944-06-09", "1942-11-25", "1944-10-22", "1944-08-23", "1944-10-06", "1942-06-19", "1945-01-28", "1944-04-20", "1945-05-06", "1943-12-14", "1945-05-09", "1945-01-21", "1945-04-20", "1943-08-31", "1943-07-22", "1944-01-03", "1944-03-26", "1944-12-26", "1943-11-22", "1941-08-23", "1944-03-26", "1944-08-12", "1945-03-11", "1940-07-21", "1940-10-01", "1945-05-09", "1944-09-10", "1943-11-06", "1943-01-15", "1943-08-14", "1945-02-28", "1941-12-20", "1943-02-08", "1944-06-09", "1941-11-25", "1943-03-15", "1941-10-14", "1944-10-29", "1945-03-10", "1944-02-06", "1944-09-17", "1944-04-05", "1944-10-28", "1944-10-04", "1943-10-30", "1940-05-31", "1944-07-03", "1944-11-30", "1944-05-14", "1944-02-05", "1944-02-23", "1944-07-20", "1942-08-20", "1942-02-10", "1939-10-27", "1944-10-05", "1941-10-30", "1944-11-29", "1945-03-05", "1943-03-03", "1944-06-09", "1945-02-02", "1942-12-18", "1941-09-17", "1942-11-03", "1944-10-23", "1942-10-25", "1943-04-03", "1941-12-10", "1944-06-04", "1942-09-10", "1944-11-05", "1942-12-31", "1941-12-20", "1941-09-12", "1943-08-03", "1944-02-07", "1945-04-17", "1945-01-14", "1944-04-05", "1942-09-18", "1944-03-26", "1944-02-29", "1943-05-08", "1944-03-26", "1941-12-31"]}, {"col": "c5_year", "type": "INTEGER", "data": [1940, 1941, 1944, 1943, 1944, 1943, 1944, 1944, 1945, 1943, 1944, 1945, 1945, 1945, 1944, 1940, 1943, 1943, 1941, 1942, 1944, 1942, 1943, 1944, 1944, 1943, 1944, 1943, 1944, 1944, 1944, 1940, 1943, 1944, 1942, 1942, 1944, 1944, 1943, 1945, 1944, 1944, 1944, 1941, 1944, 1941, 1945, 1942, 1940, 1944, 1945, 1943, 1944, 1945, 1944, 1945, 1943, 1944, 1943, 1943, 1944, 1944, 1945, 1940, 1944, 1943, 1943, 1944, 1942, 1941, 1942, 1941, 1944, 1945, 1944, 1944, 1943, 1945, 1944, 1945, 1944, 1944, 1942, 1942, 1945, 1941, 1944, 1941, 1943, 1945, 1945, 1944, 1941, 1944, 1941, 1942, 1943, 1943, 1942, 1945, 1945, 1940, 1940, 1940, 1944, 1944, 1944, 1945, 1944, 1943, 1944, 1943, 1941, 1944, 1944, 1943, 1944, 1943, 1944, 1940, 1941, 1942, 1942, 1945, 1941, 1944, 1944, 1945, 1942, 1945, 1945, 1944, 1945, 1941, 1942, 1944, 1942, 1940, 1944, 1944, 1945, 1943, 1943, 1942, 1944, 1944, 1943, 1943, 1943, 1943, 1945, 1945, 1942, 1944, 1943, 1943, 1941, 1944, 1944, 1945, 1943, 1940, 1941, 1944, 1945, 1941, 1942, 1944, 1943, 1944, 1943, 1945, 1942, 1945, 1939, 1943, 1944, 1944, 1941, 1943, 1945, 1940, 1944, 1944, 1943, 1943, 1943, 1943, 1942, 1942, 1942, 1940, 1944, 1941, 1944, 1941, 1943, 1943, 1945, 1941, 1942, 1942, 1941, 1940, 1943, 1944, 1942, 1944, 1941, 1943, 1942, 1944, 1945, 1944, 1942, 1943, 1941, 1945, 1943, 1944, 1944, 1944, 1944, 1945, 1942, 1941, 1940, 1944, 1941, 1943, 1944, 1944, 1944, 1944, 1940, 1941, 1944, 1945, 1942, 1941, 1942, 1944, 1944, 1943, 1943, 1941, 1944, 1943, 1941, 1940, 1941, 1944, 1945, 1942, 1944, 1942, 1942, 1943, 1940, 1940, 1940, 1944, 1945, 1943, 1945, 1941, 1942, 1940, 1944, 1944, 1941, 1944, 1945, 1940, 1945, 1941, 1942, 1942, 1944, 1943, 1943, 1942, 1942, 1944, 1945, 1944, 1943, 1945, 1944, 1944, 1942, 1944, 1941, 1945, 1944, 1942, 1944, 1944, 1944, 1942, 1945, 1944, 1945, 1943, 1945, 1945, 1945, 1943, 1943, 1944, 1944, 1944, 1943, 1941, 1944, 1944, 1945, 1940, 1940, 1945, 1944, 1943, 1943, 1943, 1945, 1941, 1943, 1944, 1941, 1943, 1941, 1944, 1945, 1944, 1944, 1944, 1944, 1944, 1943, 1940, 1944, 1944, 1944, 1944, 1944, 1944, 1942, 1942, 1939, 1944, 1941, 1944, 1945, 1943, 1944, 1945, 1942, 1941, 1942, 1944, 1942, 1943, 1941, 1944, 1942, 1944, 1942, 1941, 1941, 1943, 1944, 1945, 1945, 1944, 1942, 1944, 1944, 1943, 1944, 1941]}, {"col": "c5_month", "type": "INTEGER", "data": [8, 8, 8, 12, 4, 4, 7, 9, 5, 10, 6, 3, 1, 3, 6, 7, 5, 1, 11, 1, 9, 5, 1, 2, 2, 9, 11, 11, 2, 9, 1, 7, 2, 6, 12, 5, 10, 6, 10, 3, 8, 8, 11, 6, 9, 12, 3, 9, 7, 10, 5, 5, 9, 1, 4, 5, 2, 4, 12, 5, 10, 8, 4, 5, 10, 1, 12, 7, 12, 8, 7, 8, 1, 2, 5, 6, 3, 3, 6, 2, 9, 12, 10, 11, 4, 6, 11, 3, 4, 2, 1, 12, 9, 7, 6, 12, 5, 9, 2, 5, 3, 5, 9, 5, 10, 8, 5, 4, 9, 3, 10, 9, 3, 7, 12, 9, 6, 6, 10, 6, 7, 8, 7, 2, 6, 5, 12, 4, 9, 4, 3, 11, 4, 7, 10, 9, 9, 6, 10, 10, 4, 2, 2, 8, 4, 9, 11, 8, 10, 12, 1, 2, 9, 12, 1, 8, 8, 11, 4, 1, 8, 5, 10, 11, 4, 3, 9, 11, 2, 9, 9, 5, 12, 4, 9, 11, 6, 7, 10, 3, 3, 5, 5, 10, 9, 12, 9, 8, 9, 12, 5, 7, 8, 12, 2, 10, 8, 9, 1, 9, 10, 9, 11, 7, 7, 6, 11, 10, 9, 2, 5, 2, 5, 2, 10, 7, 4, 1, 11, 7, 10, 6, 12, 2, 6, 6, 9, 1, 11, 9, 8, 9, 7, 12, 7, 10, 5, 4, 1, 10, 8, 5, 9, 9, 8, 10, 10, 10, 7, 6, 9, 11, 3, 11, 4, 9, 7, 9, 5, 5, 11, 1, 2, 11, 4, 5, 6, 6, 2, 11, 9, 7, 1, 5, 1, 8, 10, 5, 7, 12, 9, 3, 5, 8, 4, 9, 11, 4, 2, 8, 7, 4, 9, 3, 6, 11, 10, 8, 10, 6, 1, 4, 5, 12, 5, 1, 4, 8, 7, 1, 3, 12, 11, 8, 3, 8, 3, 7, 10, 5, 9, 11, 1, 8, 2, 12, 2, 6, 11, 3, 10, 10, 3, 2, 9, 4, 10, 10, 10, 5, 7, 11, 5, 2, 2, 7, 8, 2, 10, 10, 10, 11, 3, 3, 6, 2, 12, 9, 11, 10, 10, 4, 12, 6, 9, 11, 12, 12, 9, 8, 2, 4, 1, 4, 9, 3, 2, 5, 3, 12]}, {"col": "c5_day", "type": "INTEGER", "data": [15, 30, 19, 19, 7, 2, 27, 21, 5, 8, 9, 17, 25, 17, 19, 29, 18, 25, 19, 24, 10, 27, 25, 29, 29, 18, 1, 29, 5, 2, 18, 19, 3, 24, 16, 25, 6, 4, 11, 28, 12, 8, 16, 13, 30, 13, 28, 18, 13, 23, 6, 15, 30, 11, 16, 9, 8, 15, 31, 22, 20, 8, 14, 4, 24, 24, 7, 20, 21, 30, 29, 21, 7, 1, 14, 26, 26, 28, 11, 14, 2, 16, 12, 3, 5, 14, 26, 23, 14, 18, 21, 9, 22, 6, 14, 2, 8, 19, 10, 3, 23, 9, 4, 26, 29, 26, 4, 28, 13, 31, 29, 18, 23, 4, 9, 13, 4, 21, 22, 25, 9, 7, 31, 24, 30, 15, 16, 17, 30, 29, 11, 18, 30, 9, 8, 30, 14, 5, 4, 20, 17, 12, 19, 20, 9, 21, 2, 17, 11, 31, 12, 11, 24, 24, 25, 29, 8, 26, 3, 24, 26, 31, 18, 3, 29, 19, 10, 26, 3, 30, 17, 9, 27, 5, 30, 6, 9, 4, 20, 15, 28, 24, 14, 31, 7, 14, 1, 2, 4, 23, 3, 21, 19, 27, 6, 13, 22, 27, 28, 17, 30, 13, 18, 19, 31, 9, 21, 7, 18, 8, 7, 5, 3, 23, 25, 18, 20, 21, 28, 4, 28, 30, 27, 6, 19, 10, 14, 18, 15, 30, 23, 30, 20, 26, 19, 27, 14, 30, 24, 6, 13, 4, 21, 19, 14, 18, 24, 9, 16, 16, 4, 29, 12, 9, 8, 19, 1, 3, 29, 29, 24, 24, 5, 24, 30, 18, 4, 24, 6, 29, 22, 27, 13, 8, 25, 11, 7, 18, 20, 5, 17, 14, 3, 14, 12, 2, 14, 14, 5, 23, 1, 6, 8, 17, 9, 25, 22, 23, 6, 19, 28, 20, 6, 14, 9, 21, 20, 31, 22, 3, 26, 26, 22, 23, 26, 12, 11, 21, 1, 9, 10, 6, 15, 14, 28, 20, 8, 9, 25, 15, 14, 29, 10, 6, 17, 5, 28, 4, 30, 31, 3, 30, 14, 5, 23, 20, 20, 10, 27, 5, 30, 29, 5, 3, 9, 2, 18, 17, 3, 23, 25, 3, 10, 4, 10, 5, 31, 20, 12, 3, 7, 17, 14, 5, 18, 26, 29, 8, 26, 31]}], [{"col": "c6", "type": "TEXT", "data": [null, null, null, null, null, null, null, null, null, "killed in action 29 september 1943", "missing in action assumed killed in action 22 january 1944", null, null, null, null, "awarded 3rd oak leaves 24 september 1940\n1st swords 21 june 1941\n2nd diamonds 28 january 1942", null, null, null, null, "killed in action 21 july 1944", null, null, "awarded 568th oak leaves 2 september 1944", null, null, null, null, "killed in action 18 december 1943", null, null, null, null, null, null, null, null, null, null, null, null, null, null, null, null, null, null, "awarded 182nd oak leaves 18 january 1943\n38th swords 3 october 1943", null, null, null, "awarded 743rd oak leaves 19 february 1945", null, null, null, null, null, null, null, "awarded 416th oak leaves 2 march 1944", null, null, null, null, null, null, "awarded 455th oak leaves 13 april 1944", null, null, "awarded 101st oak leaves 23 june 1942", null, null, "killed in action 15 december 1943", null, null, null, null, null, null, null, null, "killed in action 2 september 1944", null, null, "killed in action 23 february 1945", null, null, null, null, null, null, null, null, null, "awarded 585th oak leaves 17 september 1944", null, null, null, null, null, null, null, null, null, null, null, "killed in action 26 april 1944", null, null, null, null, null, null, null, "killed in action 3 november 1944", null, null, null, null, null, null, null, null, "died of wounds 23 february 1943", null, "killed in action 22 january 1944", null, null, null, null, "killed in action 5 february 1945", null, "killed in action 16 february 1945", "awarded 196th oak leaves 26 february 1943", "awarded 315th oak leaves 1 november 1943\n47th swords 20 february 1944\n12th diamonds 19 april 1944", null, null, "awarded 68th oak leaves 24 january 1942", "awarded 814th oak leaves 1 april 1945", null, null, null, "awarded 811th oak leaves 28 march 1945", null, null, "killed in action 2 august 1944", null, null, null, null, null, null, "killed in action 11 august 1942", null, null, "awarded 508th oak leaves 24 june 1944", null, null, null, null, null, null, "awarded 180th oak leaves 18 january 1943", null, null, null, "awarded 252nd oak leaves 8 june 1943", "died of wounds 29 october 1944", null, null, null, null, null, null, "awarded 1st grand cross of the iron cross 19 july 1940", null, null, null, null, null, null, null, null, null, null, null, null, null, null, null, "awarded 765th oak leaves 5 march 1945", null, null, "killed in action (sabotage) 14 september 1941", null, null, null, null, null, null, "killed in action 16 october 1942", null, null, null, "awarded 699th oak leaves 14 january 1945", null, "awarded 282nd oak leaves 24 august 1943", null, "awarded 38th oak leaves 26 october 1941\n13th swords 23 june 1942\n3rd diamonds 30 august 1942", null, "awarded 316th oak leaves 2 november 1943", null, null, null, null, null, "awarded 113th oak leaves 17 august 1942\n30th swords 8 june 1943", null, null, null, null, null, null, null, null, "awarded 320th oak leaves 6 november 1943", null, null, null, null, null, null, "killed in action 14 july 1944", null, "awarded 517th oak leaves 26 june 1944\n(154th) swords 8 may 1945?", null, null, "killed in action 8 april 1945", "awarded 93rd oak leaves 17 may 1942\n11th swords 19 may 1942\n5th diamonds 16 september 1942", null, null, "killed in action 17 february 1944", null, null, "killed in action 14 july 1943", "awarded 248th oak leaves 23 may 1943", "killed in action 16 september 1944", null, null, "awarded 344th oak leaves 5 december 1943", "awarded 288th oak leaves 31 august 1943", null, null, null, "awarded (868th) oak leaves 8 may 1945?", null, null, null, null, null, "awarded 692nd oak leaves 9 january 1945", null, null, "killed in action 2 november 1943", null, null, null, "awarded 216th oak leaves 2 april 1943\n92nd swords 28 august 1944", null, null, "awarded 572nd oak leaves 5 september 1944", "awarded 840th oak leaves 17 april 1945", null, null, null, null, null, null, null, null, null, "awarded 242nd oak leaves 17 may 1943\n53rd swords 6 march 1944", null, "killed in action 5 august 1944", null, null, null, null, "died of wounds 13 october 1943", "awarded 776th oak leaves 11 march 1945", "awarded 446th oak leaves 11 april 1944", null, null, null, "awarded 693rd oak leaves 9 january 1945", null, null, null, "killed in action 19 june 1944", null, null, null, null, null, null, null, null, null, null, null, "killed on active service 20 november 1943", null, null, "awarded 292nd oak leaves 4 september 1943", "died of wounds 29 january 1944", null, null, null, null, null, null, null, null, null, null, null, null, null, "awarded 436th oak leaves 26 march 1944", null, "awarded 244th oak leaves 17 may 1943", null, null, null, null, null, null, null, null, null, null, null, null, null, null, null, null, null, "awarded 24th oak leaves 17 july 1941", null, null, null, null, null, "killed in action 10 january 1944", null, null, "awarded 184th oak leaves 21 january 1943", null, "killed in action 26 september 1944", null, null, "awarded 171st oak leaves 8 january 1943", null, null, "killed in action 31 october 1944", null, null, null, "died of wounds 13 february 1943", "awarded 624th oak leaves 18 october 1944", null, null, null, null, null, null, null, null, "awarded 250th oak leaves 31 may 1943"]}], [{"col": "c7", "type": "EMPTY", "data": ["", "", "", "", "", "", "", "", "", "", "", "", "", "", "", "", "", "", "", "", "", "", "", "", "", "", "", "", "", "", "", "", "", "", "", "", "", "", "", "", "", "", "", "", "", "", "", "", "", "", "", "", "", "", "", "", "", "", "", "", "", "", "", "", "", "", "", "", "", "", "", "", "", "", "", "", "", "", "", "", "", "", "", "", "", "", "", "", "", "", "", "", "", "", "", "", "", "", "", "", "", "", "", "", "", "", "", "", "", "", "", "", "", "", "", "", "", "", "", "", "", "", "", "", "", "", "", "", "", "", "", "", "", "", "", "", "", "", "", "", "", "", "", "", "", "", "", "", "", "", "", "", "", "", "", "", "", "", "", "", "", "", "", "", "", "", "", "", "", "", "", "", "", "", "", "", "", "", "", "", "", "", "", "", "", "", "", "", "", "", "", "", "", "", "", "", "", "", "", "", "", "", "", "", "", "", "", "", "", "", "", "", "", "", "", "", "", "", "", "", "", "", "", "", "", "", "", "", "", "", "", "", "", "", "", "", "", "", "", "", "", "", "", "", "", "", "", "", "", "", "", "", "", "", "", "", "", "", "", "", "", "", "", "", "", "", "", "", "", "", "", "", "", "", "", "", "", "", "", "", "", "", "", "", "", "", "", "", "", "", "", "", "", "", "", "", "", "", "", "", "", "", "", "", "", "", "", "", "", "", "", "", "", "", "", "", "", "", "", "", "", "", "", "", "", "", "", "", "", "", "", "", "", "", "", "", "", "", "", "", "", "", "", "", "", "", "", "", "", "", "", "", "", "", "", "", "", "", "", "", "", "", "", "", "", "", "", "", "", "", "", "", "", "", "", "", "", "", "", ""]}]], "is_list": {"id": false, "agg": false, "c1": false, "c2": false, "c3": false, "c3_first": false, "c3_second": false, "c4": false, "c5": false, "c5_number": false, "c5_parsed": false, "c5_year": false, "c5_month": false, "c5_day": false, "c6": false, "c7": false}}