{"headers": ["id", "agg", "party", "candidate(s)", "votes", "percentage"], "types": ["id", "agg", "text", "<n, text>", "number", "number"], "contents": [[{"col": "id", "type": "INTEGER", "data": [1, 2, 3, 4, 5, 6, 7, 8, 9, 10, 11, 12, 13, 14, 15, 16, 17, 18, 19]}], [{"col": "agg", "type": "INTEGER", "data": [0, 0, 0, 0, 0, 0, 0, 0, 0, 0, 0, 0, 0, 0, 0, 0, 0, 0, 0]}], [{"col": "c1", "type": "TEXT", "data": ["uup", "uk unionist", "dup", "alliance", "sdlp", "pup", "ulster democratic", "ni women's coalition", "conservative", "independent chambers", "green (ni)", "sinn fein", "labour coalition", "independent dup", "democratic left", "workers' party", "ulster independence", "independent voice", "natural law"]}], [{"col": "c2", "type": "TEXT", "data": ["peter weir\nalan mcfarland\nroy bradford\njohn shields\nirene cree", "robert mccartney\nvalerie kinghan\npatricia watson", "st clair mcalister\nruby cooling\ncecil noble", "oliver napier\nbrian wilson\neileen bell\nlarry thompson\njane copeland", "owen adams\njohn burke", "victor ash\nsamuel curry\nneil mehaffy\nkenneth sterrit", "james mccullough\nthomas lindsay", "emma mcguigan\nann marie foster\njane morrice", "ann thompson\nbruce mulligan", "alan chambers\njames arbuthnot\nrobert irvine", "paddy mcevoy\nmary ringland", "mairtin o mulleoir\njohn smith", "john magennis\nsean mcgouran", "thomas o'brien\nwilliam baxter", "daryl armitage\ntim davis", "dessie o'hagan\ncolum mullan", "geoffrey watson\nglenn pollock", "christopher carter\nfidelma carter", "peter mcgowan\nthomas mullins"]}, {"col": "c2_list", "type": "LIST TEXT", "data": [["peter weir", "alan mcfarland", "roy bradford", "john shields", "irene cree"], ["robert mccartney", "valerie kinghan", "patricia watson"], ["st clair mcalister", "ruby cooling", "cecil noble"], ["oliver napier", "brian wilson", "eileen bell", "larry thompson", "jane copeland"], ["owen adams", "john burke"], ["victor ash", "samuel curry", "neil mehaffy", "kenneth sterrit"], ["james mccullough", "thomas lindsay"], ["emma mcguigan", "ann marie foster", "jane morrice"], ["ann thompson", "bruce mulligan"], ["alan chambers", "james arbuthnot", "robert irvine"], ["paddy mcevoy", "mary ringland"], ["mairtin o mulleoir", "john smith"], ["john magennis", "sean mcgouran"], ["thomas o'brien", "william baxter"], ["daryl armitage", "tim davis"], ["dessie o'hagan", "colum mullan"], ["geoffrey watson", "glenn pollock"], ["christopher carter", "fidelma carter"], ["peter mcgowan", "thomas mullins"]]}, {"col": "c2_length", "type": "INTEGER", "data": [5, 3, 3, 5, 2, 4, 2, 3, 2, 3, 2, 2, 2, 2, 2, 2, 2, 2, 2]}], [{"col": "c3", "type": "TEXT", "data": ["9270", "7579", "6699", "6186", "1798", "1694", "651", "496", "444", "334", "283", "275", "171", "97", "95", "60", "49", "49", "15"]}, {"col": "c3_number", "type": "REAL", "data": [9270.0, 7579.0, 6699.0, 6186.0, 1798, 1694, 651.0, 496.0, 444.0, 334.0, 283.0, 275.0, 171.0, 97.0, 95.0, 60.0, 49.0, 49.0, 15.0]}], [{"col": "c4", "type": "TEXT", "data": ["25.6", "20.9", "18.5", "17.1", "5", "4.7", "1.8", "1.4", "1.2", "0.9", "0.8", "0.8", "0.5", "0.3", "0.3", "0.2", "0.1", "0.1", "0"]}, {"col": "c4_number", "type": "REAL", "data": [25.6, 20.9, 18.5, 17.1, 5.0, 4.7, 1.8, 1.4, 1.2, 0.9, 0.8, 0.8, 0.5, 0.3, 0.3, 0.2, 0.1, 0.1, 0.0]}]], "is_list": {"id": false, "agg": false, "c1": false, "c2": false, "c2_list": true, "c2_length": false, "c3": false, "c3_number": false, "c4": false, "c4_number": false}}