{"headers": ["id", "agg", "rank", "player", "from", "to", "transfer fee\n(\u20ac million)", "year"], "types": ["id", "agg", "number", "text", "text", "text", "number", "number"], "contents": [[{"col": "id", "type": "INTEGER", "data": [1, 2, 3, 4, 5, 6, 7, 8, 9, 10, 11]}], [{"col": "agg", "type": "INTEGER", "data": [0, 0, 0, 0, 0, 0, 0, 0, 0, 0, 0]}], [{"col": "c1", "type": "TEXT", "data": ["1", "2", "3", "4", "5", "6", "7", "8", "9", "10", "11"]}, {"col": "c1_number", "type": "REAL", "data": [1.0, 2.0, 3.0, 4.0, 5.0, 6.0, 7.0, 8.0, 9.0, 10.0, 11.0]}], [{"col": "c2", "type": "TEXT", "data": ["miralem sulejmani", "strootman & mertens", "mateja kezman", "klaas-jan huntelaar", "nikos machlas", "zlatan ibrahimovic", "jan vennegoor of hesselink", "luis suarez", "dario cvitanich", "ferdi vierklau", "adam maher"]}], [{"col": "c3", "type": "TEXT", "data": ["heerenveen", "utrecht", "partizan", "heerenveen", "vitesse", "malmo ff", "twente", "groningen", "banfield", "tenerife", "az"]}], [{"col": "c4", "type": "TEXT", "data": ["ajax", "psv", "psv", "ajax", "ajax", "ajax", "psv", "ajax", "ajax", "ajax", "psv"]}], [{"col": "c5", "type": "TEXT", "data": ["16.25", "13", "11.3", "9", "8.6", "8.4", "8.2", "7.5", "7.5", "7.3", "6.5"]}, {"col": "c5_number", "type": "REAL", "data": [16.25, 13.0, 11.3, 9.0, 8.6, 8.4, 8.2, 7.5, 7.5, 7.3, 6.5]}], [{"col": "c6", "type": "TEXT", "data": ["2008", "2011", "2000", "2006", "1999", "2001", "2001", "2007", "2008", "1998", "2013"]}, {"col": "c6_number", "type": "INTEGER", "data": [2008, 2011, 2000, 2006, 1999, 2001, 2001, 2007, 2008, 1998, 2013]}]], "is_list": {"id": false, "agg": false, "c1": false, "c1_number": false, "c2": false, "c3": false, "c4": false, "c5": false, "c5_number": false, "c6": false, "c6_number": false}}