{"headers": ["id", "agg", "against", "played", "won", "drawn", "lost", "win %"], "types": ["id", "agg", "text", "number", "number", "number", "number", "percentage"], "contents": [[{"col": "id", "type": "INTEGER", "data": [1, 2, 3, 4, 5, 6, 7, 8, 9, 10, 11, 12, 13, 14, 15, 16, 17, 18, 19, 20, 21, 22, 23, 24, 25, 26, 27, 28, 29, 30, 31, 32, 33, 34, 35, 36, 37, 38, 39, 40, 41, 42, 43, 44, 45, 46, 47, 48, 49, 50, 51]}], [{"col": "agg", "type": "INTEGER", "data": ["0", "0", "0", "0", "0", "0", "0", "0", "0", "0", "0", "0", "0", "0", "0", "0", "0", "0", "0", "0", "0", "0", "0", "0", "0", "0", "0", "0", "0", "0", "0", "0", "0", "0", "0", "0", "0", "0", "0", "0", "0", "0", "0", "0", "0", "0", "0", "0", "0", "0", "1"]}], [{"col": "c1", "type": "TEXT", "data": ["andorra", "argentina", "australia", "australia emerging", "belgium", "barbarians", "canada", "chile", "croatia", "denmark", "england a", "england counties", "royal air force rugby team", "fiji", "france", "france a", "france u", "french protectorate of morocco", "georgia", "germany", "hungary", "italy", "japan", "moldova", "morocco", "namibia", "netherlands", "new zealand services", "poland", "portugal", "czech republic", "czechoslovakia", "romania", "russia", "scotland", "slovenia", "south africa", "south africa \"a\"", "soviet union", "sweden", "switzerland", "tunisia", "ukraine", "uruguay", "united states", "wales", "wales a", "west germany", "yugoslavia", "zimbabwe", "total"]}], [{"col": "c2", "type": "TEXT", "data": ["3", "4", "1", "1", "14", "1", "1", "4", "2", "1", "7", "1", "4", "1", "24", "2", "2", "4", "12", "7", "1", "27", "3", "1", "17", "2", "13", "2", "16", "33", "8", "5", "29", "16", "8", "1", "1", "1", "7", "2", "1", "6", "2", "7", "3", "1", "3", "12", "4", "7", "336"]}, {"col": "c2_number", "type": "REAL", "data": [3.0, 4.0, 1.0, 1.0, 14.0, 1.0, 1.0, 4.0, 2.0, 1.0, 7.0, 1.0, 4.0, 1.0, 24.0, 2.0, 2.0, 4.0, 12.0, 7.0, 1.0, 27.0, 3.0, 1.0, 17.0, 2.0, 13.0, 2.0, 16.0, 33.0, 8.0, 5.0, 29.0, 16.0, 8.0, 1.0, 1.0, 1.0, 7.0, 2.0, 1.0, 6.0, 2.0, 7.0, 3.0, 1.0, 3.0, 12.0, 4.0, 7.0, 336.0]}], [{"col": "c3", "type": "TEXT", "data": ["3", "0", "0", "0", "12", "0", "0", "2", "1", "1", "0", "0", "0", "0", "0", "0", "1", "1", "3", "6", "1", "3", "0", "1", "10", "2", "12", "0", "10", "21", "2", "2", "2", "2", "0", "1", "0", "0", "0", "2", "1", "1", "2", "3", "0", "0", "0", "7", "4", "5", "126"]}, {"col": "c3_number", "type": "REAL", "data": [3.0, 0.0, 0.0, 0.0, 12.0, 0.0, 0.0, 2.0, 1.0, 1.0, 0.0, 0.0, 0.0, 0.0, 0.0, 0.0, 1.0, 1.0, 3.0, 6.0, 1.0, 3.0, 0.0, 1.0, 10.0, 2.0, 12.0, 0.0, 10.0, 21.0, 2.0, 2.0, 2.0, 2.0, 0.0, 1.0, 0.0, 0.0, 0.0, 2.0, 1.0, 1.0, 2.0, 3.0, 0.0, 0.0, 0.0, 7.0, 4.0, 5.0, 126.0]}], [{"col": "c4", "type": "TEXT", "data": ["0", "0", "0", "1", "1", "0", "0", "0", "1", "0", "0", "0", "2", "0", "0", "0", "0", "1", "1", "0", "0", "1", "0", "0", "1", "0", "1", "0", "0", "2", "0", "1", "0", "0", "0", "0", "0", "0", "0", "0", "0", "0", "0", "0", "0", "0", "0", "1", "0", "0", "14"]}, {"col": "c4_number", "type": "REAL", "data": [0.0, 0.0, 0.0, 1.0, 1.0, 0.0, 0.0, 0.0, 1.0, 0.0, 0.0, 0.0, 2.0, 0.0, 0.0, 0.0, 0.0, 1.0, 1.0, 0.0, 0.0, 1.0, 0.0, 0.0, 1.0, 0.0, 1.0, 0.0, 0.0, 2.0, 0.0, 1.0, 0.0, 0.0, 0.0, 0.0, 0.0, 0.0, 0.0, 0.0, 0.0, 0.0, 0.0, 0.0, 0.0, 0.0, 0.0, 1.0, 0.0, 0.0, 14.0]}], [{"col": "c5", "type": "TEXT", "data": ["0", "4", "1", "0", "1", "1", "1", "2", "0", "0", "7", "1", "2", "1", "24", "2", "1", "2", "8", "1", "0", "23", "3", "0", "6", "0", "0", "2", "6", "10", "6", "2", "27", "14", "8", "0", "1", "1", "7", "0", "0", "5", "0", "4", "3", "1", "3", "4", "0", "2", "197"]}, {"col": "c5_number", "type": "REAL", "data": [0.0, 4.0, 1.0, 0.0, 1.0, 1.0, 1.0, 2.0, 0.0, 0.0, 7.0, 1.0, 2.0, 1.0, 24.0, 2.0, 1.0, 2.0, 8.0, 1.0, 0.0, 23.0, 3.0, 0.0, 6.0, 0.0, 0.0, 2.0, 6.0, 10.0, 6.0, 2.0, 27.0, 14.0, 8.0, 0.0, 1.0, 1.0, 7.0, 0.0, 0.0, 5.0, 0.0, 4.0, 3.0, 1.0, 3.0, 4.0, 0.0, 2.0, 197.0]}], [{"col": "c6", "type": "TEXT", "data": ["100%", "0%", "0%", "0%", "85.71%", "0%", "0%", "50%", "50%", "100%", "0%", "0%", "0%", "0%", "0%", "0%", "50%", "25%", "25%", "85.71%", "100%", "11.11%", "0%", "100%", "58.82%", "100%", "92.31%", "0%", "62.50%", "63.63%", "75%", "40%", "6.90%", "12.50%", "0%", "100%", "0%", "0%", "0%", "100%", "100%", "83.33%", "100%", "42.86%", "0%", "0%", "0%", "33.33%", "100%", "71.43%", "37.50%"]}, {"col": "c6_number", "type": "REAL", "data": [100.0, 0.0, 0.0, 0.0, 85.71, 0.0, 0.0, 50.0, 50.0, 100.0, 0.0, 0.0, 0.0, 0.0, 0.0, 0.0, 50.0, 25.0, 25.0, 85.71, 100.0, 11.11, 0.0, 100.0, 58.82, 100.0, 92.31, 0.0, 62.5, 63.63, 75.0, 40.0, 6.9, 12.5, 0.0, 100.0, 0.0, 0.0, 0.0, 100.0, 100.0, 83.33, 100.0, 42.86, 0.0, 0.0, 0.0, 33.33, 100.0, 71.43, 37.5]}]], "is_list": {"id": false, "agg": false, "c1": false, "c2": false, "c2_number": false, "c3": false, "c3_number": false, "c4": false, "c4_number": false, "c5": false, "c5_number": false, "c6": false, "c6_number": false}}