{"headers": ["id", "agg", "category", "", "area\n(sq miles)", "area\n(km2)", "population\n(2011)", "density\n(per km2)"], "types": ["id", "agg", "text", "text", "number", "number", "number", "number"], "contents": [[{"col": "id", "type": "INTEGER", "data": [1, 2, 3, 4, 5, 6, 7, 8, 9, 10, 11, 12, 13, 14, 15, 16, 17, 18, 19, 20, 21, 22, 23, 24, 25, 26, 27, 28, 29, 30, 31, 32, 33, 34, 35]}], [{"col": "agg", "type": "INTEGER", "data": ["0", "0", "0", "0", "0", "0", "0", "0", "0", "0", "0", "0", "0", "0", "0", "0", "0", "0", "0", "0", "0", "0", "0", "0", "0", "0", "0", "0", "0", "1", "0", "0", "0", "1", "1"]}], [{"col": "c1", "type": "TEXT", "data": ["mainland", "mainland", "mainland", "mainland", "mainland", "mainland", "mainland", "mainland", "mainland", "mainland", "mainland", "mainland", "mainland", "mainland", "mainland", "mainland", "mainland", "mainland", "mainland", "mainland", "mainland", "mainland", "mainland", "mainland", "mainland", "mainland", "mainland", "mainland", "mainland", null, "island", "island", "island", null, null]}], [{"col": "c2", "type": "TEXT", "data": ["aberdeen city", "aberdeenshire", "angus", "argyll and bute", "clackmannanshire", "dumfries and galloway", "dundee city", "east ayrshire", "east dunbartonshire", "east lothian", "east renfrewshire", "city of edinburgh", "falkirk", "fife", "glasgow city", "highland", "inverclyde", "midlothian", "moray", "north ayrshire", "north lanarkshire", "perth and kinross", "renfrewshire", "scottish borders", "south ayrshire", "south lanarkshire", "stirling", "west dunbartonshire", "west lothian", "total mainland", "na h-eileanan siar", "orkney islands", "shetland islands", "total islands", "total scotland"]}], [{"col": "c3", "type": "TEXT", "data": ["70", "2439", "843", "2712", "61", "2489", "21", "492", "68", "257", "65", "100", "113", "517", "68", "10085", "64", "135", "864", "343", "184", "2083", "102", "1825", "475", "686", "866", "68", "165", "28260", "1185", "396", "568", "2149", "30409"]}, {"col": "c3_number", "type": "REAL", "data": [70.0, 2439, 843.0, 2712, 61.0, 2489, 21.0, 492.0, 68.0, 257.0, 65.0, 100.0, 113.0, 517.0, 68.0, 10085.0, 64.0, 135.0, 864.0, 343.0, 184.0, 2083, 102.0, 1825, 475.0, 686.0, 866.0, 68.0, 165.0, 28260.0, 1185, 396.0, 568.0, 2149, 30409.0]}], [{"col": "c4", "type": "TEXT", "data": ["182", "6317", "2184", "7023", "158", "6446", "55", "1275", "176", "666", "168", "260", "293", "1340", "175", "26119", "167", "350", "2237", "888", "476", "5395", "263", "4727", "1230", "1778", "2243", "176", "427", "73193", "3070", "1025", "1471", "5566", "78759"]}, {"col": "c4_number", "type": "REAL", "data": [182.0, 6317.0, 2184, 7023.0, 158.0, 6446.0, 55.0, 1275, 176.0, 666.0, 168.0, 260.0, 293.0, 1340, 175.0, 26119.0, 167.0, 350.0, 2237, 888.0, 476.0, 5395.0, 263.0, 4727.0, 1230, 1778, 2243, 176.0, 427.0, 73193.0, 3070.0, 1025, 1471, 5566.0, 78759.0]}], [{"col": "c5", "type": "TEXT", "data": ["222800", "253000", "116000", "88200", "51400", "151300", "147300", "122700", "105000", "99700", "90600", "476600", "156000", "365200", "593200", "232100", "81500", "83200", "93300", "138200", "337800", "146700", "174900", "113900", "112800", "313800", "90200", "90700", "175100", "5223100", "27700", "21400", "23200", "72300", "5295400"]}, {"col": "c5_number", "type": "REAL", "data": [222800.0, 253000.0, 116000.0, 88200.0, 51400.0, 151300.0, 147300.0, 122700.0, 105000.0, 99700.0, 90600.0, 476600.0, 156000.0, 365200.0, 593200.0, 232100.0, 81500.0, 83200.0, 93300.0, 138200.0, 337800.0, 146700.0, 174900.0, 113900.0, 112800.0, 313800.0, 90200.0, 90700.0, 175100.0, 5223100.0, 27700.0, 21400.0, 23200.0, 72300.0, 5295400.0]}], [{"col": "c6", "type": "TEXT", "data": ["1224", "40", "53", "13", "325", "23", "2678", "96", "597", "150", "539", "1833", "532", "273", "3390", "9", "488", "238", "42", "156", "710", "27", "665", "24", "92", "176", "40", "515", "410", "71", "8", "21", "15", "13", "67"]}, {"col": "c6_number", "type": "REAL", "data": [1224, 40.0, 53.0, 13.0, 325.0, 23.0, 2678, 96.0, 597.0, 150.0, 539.0, 1833, 532.0, 273.0, 3390.0, 9.0, 488.0, 238.0, 42.0, 156.0, 710.0, 27.0, 665.0, 24.0, 92.0, 176.0, 40.0, 515.0, 410.0, 71.0, 8.0, 21.0, 15.0, 13.0, 67.0]}]], "is_list": {"id": false, "agg": false, "c1": false, "c2": false, "c3": false, "c3_number": false, "c4": false, "c4_number": false, "c5": false, "c5_number": false, "c6": false, "c6_number": false}}