{"headers": ["id", "agg", "outcome", "no.", "date", "tournament", "surface", "opponent", "score"], "types": ["id", "agg", "text", "number", "date", "address", "text(text)", "text", "<c, score(number)>"], "contents": [[{"col": "id", "type": "INTEGER", "data": [1, 2, 3, 4, 5, 6, 7, 8, 9, 10, 11, 12, 13, 14, 15, 16, 17, 18]}], [{"col": "agg", "type": "INTEGER", "data": [0, 0, 0, 0, 0, 0, 0, 0, 0, 0, 0, 0, 0, 0, 0, 0, 0, 0]}], [{"col": "c1", "type": "TEXT", "data": ["runner-up", "runner-up", "runner-up", "winner", "runner-up", "runner-up", "runner-up", "runner-up", "runner-up", "runner-up", "winner", "runner-up", "winner", "runner-up", "winner", "runner-up", "winner", "runner-up"]}], [{"col": "c2", "type": "TEXT", "data": ["1", "2", "3", "1", "4", "5", "6", "7", "8", "9", "2", "10", "3", "11", "4", "12", "5", "13"]}, {"col": "c2_number", "type": "REAL", "data": [1.0, 2.0, 3.0, 1.0, 4.0, 5.0, 6.0, 7.0, 8.0, 9.0, 2.0, 10.0, 3.0, 11.0, 4.0, 12.0, 5.0, 13.0]}], [{"col": "c3", "type": "TEXT", "data": ["6 october 2003", "14 june 2005", "1 may 2006", "25 july 2006", "31 july 2006", "13 march 2007", "3 april 2007", "9 april 2007", "9 july 2007", "11 october 2010", "18 october 2010", "16 november 2010", "7 june 2011", "14 june 2011", "20 june 2011", "27 august 2012", "4 september 2012", "12 may 2013"]}, {"col": "c3_number", "type": "INTEGER", "data": [6, 14, 1, 25, 31, 13, 3, 9, 9, 11, 18, 16, 7, 14, 20, 27, 4, 12]}, {"col": "c3_parsed", "type": "TEXT", "data": ["2003-10-06", "2005-06-14", "2006-05-01", "2006-07-25", "2006-07-31", "2007-03-13", "2007-04-03", "2007-04-09", "2007-07-09", "2010-10-11", "2010-10-18", "2010-11-16", "2011-06-07", "2011-06-14", "2011-06-20", "2012-08-27", "2012-09-04", "2013-05-12"]}, {"col": "c3_year", "type": "INTEGER", "data": [2003, 2005, 2006, 2006, 2006, 2007, 2007, 2007, 2007, 2010, 2010, 2010, 2011, 2011, 2011, 2012, 2012, 2013]}, {"col": "c3_month", "type": "INTEGER", "data": [10, 6, 5, 7, 7, 3, 4, 4, 7, 10, 10, 11, 6, 6, 6, 8, 9, 5]}, {"col": "c3_day", "type": "INTEGER", "data": [6, 14, 1, 25, 31, 13, 3, 9, 9, 11, 18, 16, 7, 14, 20, 27, 4, 12]}], [{"col": "c4", "type": "TEXT", "data": ["bari, italy", "lenzerheide, switzerland", "catania, italy", "monteroni d'arbia, italy", "martina franca, italy", "orange, usa", "dinan, france", "civitavecchia, italy", "biella, italy", "settimo san pietro, italy", "seville, spain", "mallorca, spain", "campobasso, italy", "padova, italy", "rome, italy", "bagnatica, italy", "mestre, italy", "trnava, slovakia"]}, {"col": "c4_address", "type": "LIST TEXT", "data": [["bari", "italy"], ["lenzerheide", "switzerland"], ["catania", "italy"], ["monteroni d'arbia", "italy"], ["martina franca", "italy"], ["orange", "usa"], ["dinan", "france"], ["civitavecchia", "italy"], ["biella", "italy"], ["settimo san pietro", "italy"], ["seville", "spain"], ["mallorca", "spain"], ["campobasso", "italy"], ["padova", "italy"], ["rome", "italy"], ["bagnatica", "italy"], ["mestre", "italy"], ["trnava", "slovakia"]]}], [{"col": "c5", "type": "TEXT", "data": ["clay", "clay", "clay", "clay", "clay", "hard", "clay (i)", "clay", "clay", "clay", "clay", "clay", "clay", "clay", "clay", "clay", "clay", "clay"]}, {"col": "c5_first", "type": "TEXT", "data": ["clay", "clay", "clay", "clay", "clay", "hard", "clay", "clay", "clay", "clay", "clay", "clay", "clay", "clay", "clay", "clay", "clay", "clay"]}, {"col": "c5_second", "type": "TEXT", "data": [null, null, null, null, null, null, "i", null, null, null, null, null, null, null, null, null, null, null]}], [{"col": "c6", "type": "TEXT", "data": ["bettina pirker", "danica krstajic", "maria jose martinez sanchez", "edina gallovits-hall", "margalita chakhnashvili", "naomi cavaday", "masa zec peskiric", "darya kustova", "agnieszka radwanska", "anastasia grymalska", "andrea gamiz", "diana enache", "alize lim", "kristina mladenovic", "laura thorpe", "maria-elena camerin", "estrella cabeza candela", "barbora zahlavova-strycova"]}], [{"col": "c7", "type": "TEXT", "data": ["6-2, 7-5", "6-2, 7-5", "6-3, 4-6, 6-4", "6-2, 6-1", "6-3, 7-5", "6-1, 6-1", "6-4, 6-2", "3-6, 6-4, 6-4", "6-3, 6-3", "4-6, 6-2, 7-5", "6-0, 6-1", "6-4, 6-2", "6-2, 6-4", "3-6, 6-4, 6-0", "6-3, 6-0", "7-6(5), 6-4", "6-1, 3-6, 6-1", "6-2, 6-4"]}, {"col": "c7_list", "type": "LIST TEXT", "data": [["6-2", "7-5"], ["6-2", "7-5"], ["6-3", "4-6", "6-4"], ["6-2", "6-1"], ["6-3", "7-5"], ["6-1", "6-1"], ["6-4", "6-2"], ["3-6", "6-4", "6-4"], ["6-3", "6-3"], ["4-6", "6-2", "7-5"], ["6-0", "6-1"], ["6-4", "6-2"], ["6-2", "6-4"], ["3-6", "6-4", "6-0"], ["6-3", "6-0"], ["7-6(5)", "6-4"], ["6-1", "3-6", "6-1"], ["6-2", "6-4"]]}, {"col": "c7_length", "type": "INTEGER", "data": [2, 2, 3, 2, 2, 2, 2, 3, 2, 3, 2, 2, 2, 3, 2, 2, 3, 2]}, {"col": "c7_list_first", "type": "LIST TEXT", "data": [["6-2", "7-5"], ["6-2", "7-5"], ["6-3", "4-6", "6-4"], ["6-2", "6-1"], ["6-3", "7-5"], ["6-1", "6-1"], ["6-4", "6-2"], ["3-6", "6-4", "6-4"], ["6-3", "6-3"], ["4-6", "6-2", "7-5"], ["6-0", "6-1"], ["6-4", "6-2"], ["6-2", "6-4"], ["3-6", "6-4", "6-0"], ["6-3", "6-0"], ["7-6", "6-4"], ["6-1", "3-6", "6-1"], ["6-2", "6-4"]]}, {"col": "c7_list_second", "type": "LIST TEXT", "data": [[], [], [], [], [], [], [], [], [], [], [], [], [], [], [], ["5"], [], []]}, {"col": "c7_list_first_number", "type": "LIST INTEGER", "data": [[6, 7], [6, 7], [6, 4, 6], [6, 6], [6, 7], [6, 6], [6, 6], [3, 6, 6], [6, 6], [4, 6, 7], [6, 6], [6, 6], [6, 6], [3, 6, 6], [6, 6], [7, 6], [6, 3, 6], [6, 6]]}, {"col": "c7_list_first_number1", "type": "LIST INTEGER", "data": [[6, 7], [6, 7], [6, 4, 6], [6, 6], [6, 7], [6, 6], [6, 6], [3, 6, 6], [6, 6], [4, 6, 7], [6, 6], [6, 6], [6, 6], [3, 6, 6], [6, 6], [7, 6], [6, 3, 6], [6, 6]]}, {"col": "c7_list_first_number2", "type": "LIST INTEGER", "data": [[2, 5], [2, 5], [3, 6, 4], [2, 1], [3, 5], [1, 1], [4, 2], [6, 4, 4], [3, 3], [6, 2, 5], [0, 1], [4, 2], [2, 4], [6, 4, 0], [3, 0], [6, 4], [1, 6, 1], [2, 4]]}, {"col": "c7_list_second_number", "type": "LIST REAL", "data": [[], [], [], [], [], [], [], [], [], [], [], [], [], [], [], [5.0], [], []]}]], "is_list": {"id": false, "agg": false, "c1": false, "c2": false, "c2_number": false, "c3": false, "c3_number": false, "c3_parsed": false, "c3_year": false, "c3_month": false, "c3_day": false, "c4": false, "c4_address": true, "c5": false, "c5_first": false, "c5_second": false, "c6": false, "c7": false, "c7_list": true, "c7_length": false, "c7_list_first": true, "c7_list_second": true, "c7_list_first_number": true, "c7_list_first_number1": true, "c7_list_first_number2": true, "c7_list_second_number": true}}