{"headers": ["id", "agg", "", "name", "took office", "left office", "party", "notes/events"], "types": ["id", "agg", "number", "text", "date", "date", "text", "text"], "contents": [[{"col": "id", "type": "INTEGER", "data": [1, 2, 3, 4, 5, 6, 7]}], [{"col": "agg", "type": "INTEGER", "data": [0, 0, 0, 0, 0, 0, 0]}], [{"col": "c1", "type": "TEXT", "data": ["11", "12", "13", "14", "14", "14", "15"]}, {"col": "c1_number", "type": "REAL", "data": [11.0, 12.0, 13.0, 14.0, 14.0, 14.0, 15.0]}], [{"col": "c2", "type": "TEXT", "data": ["william mccreery", "alexander mckim", "william pinkney", "peter little", "peter little", "peter little", "benjamin c. howard"]}], [{"col": "c3", "type": "TEXT", "data": ["march 4, 1803", "march 4, 1809", "march 4, 1815", "september 2, 1816", "march 4, 1823", "march 4, 1825", "march 4, 1829"]}, {"col": "c3_number", "type": "INTEGER", "data": [4, 4, 4, 2, 4, 4, 4]}, {"col": "c3_parsed", "type": "TEXT", "data": ["1803-03-04", "1809-03-04", "1815-03-04", "1816-09-02", "1823-03-04", "1825-03-04", "1829-03-04"]}, {"col": "c3_year", "type": "INTEGER", "data": [1803, 1809, 1815, 1816, 1823, 1825, 1829]}, {"col": "c3_month", "type": "INTEGER", "data": [3, 3, 3, 9, 3, 3, 3]}, {"col": "c3_day", "type": "INTEGER", "data": [4, 4, 4, 2, 4, 4, 4]}], [{"col": "c4", "type": "TEXT", "data": ["march 3, 1809", "march 3, 1815", "april 18, 1816", "march 3, 1823", "march 3, 1825", "march 3, 1829", "march 3, 1833"]}, {"col": "c4_number", "type": "INTEGER", "data": [3, 3, 18, 3, 3, 3, 3]}, {"col": "c4_parsed", "type": "TEXT", "data": ["1809-03-03", "1815-03-03", "1816-04-18", "1823-03-03", "1825-03-03", "1829-03-03", "1833-03-03"]}, {"col": "c4_year", "type": "INTEGER", "data": [1809, 1815, 1816, 1823, 1825, 1829, 1833]}, {"col": "c4_month", "type": "INTEGER", "data": [3, 3, 4, 3, 3, 3, 3]}, {"col": "c4_day", "type": "INTEGER", "data": [3, 3, 18, 3, 3, 3, 3]}], [{"col": "c5", "type": "TEXT", "data": ["democratic republican", "democratic republican", "democratic republican", "democratic republican", "jacksonian dr", "adams", "jacksonian"]}], [{"col": "c6", "type": "TEXT", "data": [null, null, "resigned to accept position as minister plenipotentiary to russia", null, null, null, null]}]], "is_list": {"id": false, "agg": false, "c1": false, "c1_number": false, "c2": false, "c3": false, "c3_number": false, "c3_parsed": false, "c3_year": false, "c3_month": false, "c3_day": false, "c4": false, "c4_number": false, "c4_parsed": false, "c4_year": false, "c4_month": false, "c4_day": false, "c5": false, "c6": false}}