{"headers": ["id", "agg", "week", "date", "opponent", "result", "attendance"], "types": ["id", "agg", "number", "date", "text(address)", "score", "number"], "contents": [[{"col": "id", "type": "INTEGER", "data": [1, 2, 3, 4, 5, 6, 7, 8, 9, 10, 11, 12]}], [{"col": "agg", "type": "INTEGER", "data": [0, 0, 0, 0, 0, 0, 0, 0, 0, 0, 0, 0]}], [{"col": "c1", "type": "TEXT", "data": ["1", "2", "3", "4", "5", "6", "7", "8", "9", "10", "11", "12"]}, {"col": "c1_number", "type": "REAL", "data": [1.0, 2.0, 3.0, 4.0, 5.0, 6.0, 7.0, 8.0, 9.0, 10.0, 11.0, 12.0]}], [{"col": "c2", "type": "TEXT", "data": ["september 26, 1959", "october 4, 1959", "october 11, 1959", "october 18, 1959", "october 25, 1959", "november 1, 1959", "november 8, 1959", "november 15, 1959", "november 22, 1959", "november 29, 1959", "december 6, 1959", "december 13, 1959"]}, {"col": "c2_number", "type": "INTEGER", "data": [26, 4, 11, 18, 25, 1, 8, 15, 22, 29, 6, 13]}, {"col": "c2_parsed", "type": "TEXT", "data": ["1959-09-26", "1959-10-04", "1959-10-11", "1959-10-18", "1959-10-25", "1959-11-01", "1959-11-08", "1959-11-15", "1959-11-22", "1959-11-29", "1959-12-06", "1959-12-13"]}, {"col": "c2_year", "type": "INTEGER", "data": [1959, 1959, 1959, 1959, 1959, 1959, 1959, 1959, 1959, 1959, 1959, 1959]}, {"col": "c2_month", "type": "INTEGER", "data": [9, 10, 10, 10, 10, 11, 11, 11, 11, 11, 12, 12]}, {"col": "c2_day", "type": "INTEGER", "data": [26, 4, 11, 18, 25, 1, 8, 15, 22, 29, 6, 13]}], [{"col": "c3", "type": "TEXT", "data": ["at los angeles rams", "at philadelphia eagles", "at cleveland browns", "philadelphia eagles", "at pittsburgh steelers", "green bay packers", "chicago cardinals", "pittsburgh steelers", "at chicago cardinals (bloomington, mn)", "washington redskins", "cleveland browns", "at washington redskins"]}, {"col": "c3_raw", "type": "TEXT", "data": ["los angeles rams", "philadelphia eagles", "cleveland browns", "philadelphia eagles", "pittsburgh steelers", "green bay packers", "chicago cardinals", "pittsburgh steelers", "chicago cardinals (bloomington, mn)", "washington redskins", "cleveland browns", "washington redskins"]}, {"col": "c3_home", "type": "TEXT", "data": ["away", "away", "away", "home", "away", "home", "home", "home", "away", "home", "home", "away"]}, {"col": "c3_first", "type": "TEXT", "data": ["at los angeles rams", "at philadelphia eagles", "at cleveland browns", "philadelphia eagles", "at pittsburgh steelers", "green bay packers", "chicago cardinals", "pittsburgh steelers", "at chicago cardinals", "washington redskins", "cleveland browns", "at washington redskins"]}, {"col": "c3_second", "type": "TEXT", "data": [null, null, null, null, null, null, null, null, "bloomington, mn", null, null, null]}, {"col": "c3_second_address", "type": "LIST TEXT", "data": [[], [], [], [], [], [], [], [], ["bloomington", "mn"], [], [], []]}], [{"col": "c4", "type": "TEXT", "data": ["w 23-21", "l 49-21", "w 10-6", "w 24-7", "w 21-16", "w 20-3", "w 9-3", "l 14-9", "w 30-20", "w 45-14", "w 48-7", "w 24-10"]}, {"col": "c4_result", "type": "TEXT", "data": ["w", "l", "w", "w", "w", "w", "w", "l", "w", "w", "w", "w"]}, {"col": "c4_number", "type": "INTEGER", "data": [23, 49, 10, 24, 21, 20, 9, 14, 30, 45, 48, 24]}, {"col": "c4_number1", "type": "INTEGER", "data": [23, 49, 10, 24, 21, 20, 9, 14, 30, 45, 48, 24]}, {"col": "c4_number2", "type": "INTEGER", "data": [21, 21, 6, 7, 16, 3, 3, 9, 20, 14, 7, 10]}], [{"col": "c5", "type": "TEXT", "data": ["71297", "27023", "65534", "68783", "33596", "68837", "56779", "66786", "26625", "60982", "68436", "26198"]}, {"col": "c5_number", "type": "REAL", "data": [71297.0, 27023.0, 65534.0, 68783.0, 33596.0, 68837.0, 56779.0, 66786.0, 26625.0, 60982.0, 68436.0, 26198.0]}]], "is_list": {"id": false, "agg": false, "c1": false, "c1_number": false, "c2": false, "c2_number": false, "c2_parsed": false, "c2_year": false, "c2_month": false, "c2_day": false, "c3": false, "c3_raw": false, "c3_home": false, "c3_first": false, "c3_second": false, "c3_second_address": true, "c4": false, "c4_result": false, "c4_number": false, "c4_number1": false, "c4_number2": false, "c5": false, "c5_number": false}}