{"headers": ["id", "agg", "state", "incumbent", "party", "result", "candidates"], "types": ["id", "agg", "<n, text>", "text", "text", "<n, text>", "<n, text>"], "contents": [[{"col": "id", "type": "INTEGER", "data": [1, 2, 3, 4, 5, 6, 7, 8, 9, 10, 11, 12, 13, 14, 15, 16, 17, 18, 19, 20, 21, 22, 23, 24, 25, 26, 27, 28, 29, 30, 31, 32, 33, 34, 35]}], [{"col": "agg", "type": "INTEGER", "data": [0, 0, 0, 0, 0, 0, 0, 0, 0, 0, 0, 0, 0, 0, 0, 0, 0, 0, 0, 0, 0, 0, 0, 0, 0, 0, 0, 0, 0, 0, 0, 0, 0, 0, 0]}], [{"col": "c1", "type": "TEXT", "data": ["alabama", "arizona", "arkansas", "california", "colorado", "connecticut", "florida", "georgia", "idaho", "illinois", "indiana", "iowa", "kansas", "kentucky", "kentucky\nspecial: class 2", "louisiana", "maryland", "missouri", "nevada", "new hampshire", "new york", "north carolina", "north dakota", "ohio", "oklahoma", "oregon", "pennsylvania", "south carolina", "south carolina\nspecial: class 2", "south dakota", "utah", "vermont", "washington", "west virginia\nspecial: class 1", "wisconsin"]}, {"col": "c1_list", "type": "LIST TEXT", "data": [["alabama"], ["arizona"], ["arkansas"], ["california"], ["colorado"], ["connecticut"], ["florida"], ["georgia"], ["idaho"], ["illinois"], ["indiana"], ["iowa"], ["kansas"], ["kentucky"], ["kentucky", "special: class 2"], ["louisiana"], ["maryland"], ["missouri"], ["nevada"], ["new hampshire"], ["new york"], ["north carolina"], ["north dakota"], ["ohio"], ["oklahoma"], ["oregon"], ["pennsylvania"], ["south carolina"], ["south carolina", "special: class 2"], ["south dakota"], ["utah"], ["vermont"], ["washington"], ["west virginia", "special: class 1"], ["wisconsin"]]}, {"col": "c1_length", "type": "INTEGER", "data": [1, 1, 1, 1, 1, 1, 1, 1, 1, 1, 1, 1, 1, 1, 2, 1, 1, 1, 1, 1, 1, 1, 1, 1, 1, 1, 1, 1, 2, 1, 1, 1, 1, 2, 1]}], [{"col": "c2", "type": "TEXT", "data": ["lister hill", "carl hayden", "j. william fulbright", "thomas h. kuchel", "eugene d. millikin", "prescott s. bush", "george a. smathers", "walter f. george", "herman welker", "everett m. dirksen", "homer e. capehart", "bourke b. hickenlooper", "frank carlson", "earle c. clements", "robert humphreys", "russell b. long", "john m. butler", "thomas c. hennings, jr", "alan bible", "norris cotton", "herbert h. lehman", "sam j. ervin, jr", "milton r. young", "george h. bender", "a. s. mike monroney", "wayne morse", "james h. duff", "olin b. johnston", "thomas a. wofford", "francis case", "wallace f. bennett", "george d. aiken", "warren g. magnuson", "william r. laird, iii", "alexander wiley"]}], [{"col": "c3", "type": "TEXT", "data": ["democratic", "democratic", "democratic", "republican", "republican", "republican", "democratic", "democratic", "republican", "republican", "republican", "republican", "republican", "democratic", "democratic", "democratic", "republican", "democratic", "democratic", "republican", "democratic", "democratic", "republican", "republican", "democratic", "democratic", "republican", "democratic", "democratic", "republican", "republican", "republican", "democratic", "democratic", "republican"]}], [{"col": "c4", "type": "TEXT", "data": ["re-elected", "re-elected", "re-elected", "re-elected", "retired\ndemocratic gain", "re-elected", "re-elected", "retired\ndemocratic hold", "lost re-election\ndemocratic gain", "re-elected", "re-elected", "re-elected", "re-elected", "lost re-election\nrepublican gain", "appointee retired\nwinner elected to finish term ending january 3, 1961\nrepublican gain", "re-elected", "re-elected", "re-elected", "re-elected", "re-elected", "retired\nrepublican gain", "re-elected", "re-elected", "lost re-election\ndemocratic gain", "re-elected", "re-elected", "lost re-election\ndemocratic gain", "re-elected", "appointee retired\nwinner elected to finish term ending january 3, 1961\ndemocratic hold", "re-elected", "re-elected", "re-elected", "re-elected", "appointee retired\nwinner elected to finish term ending january 3, 1959\nrepublican gain", "re-elected"]}, {"col": "c4_list", "type": "LIST TEXT", "data": [["re-elected"], ["re-elected"], ["re-elected"], ["re-elected"], ["retired", "democratic gain"], ["re-elected"], ["re-elected"], ["retired", "democratic hold"], ["lost re-election", "democratic gain"], ["re-elected"], ["re-elected"], ["re-elected"], ["re-elected"], ["lost re-election", "republican gain"], ["appointee retired", "winner elected to finish term ending january 3", "1961", "republican gain"], ["re-elected"], ["re-elected"], ["re-elected"], ["re-elected"], ["re-elected"], ["retired", "republican gain"], ["re-elected"], ["re-elected"], ["lost re-election", "democratic gain"], ["re-elected"], ["re-elected"], ["lost re-election", "democratic gain"], ["re-elected"], ["appointee retired", "winner elected to finish term ending january 3", "1961", "democratic hold"], ["re-elected"], ["re-elected"], ["re-elected"], ["re-elected"], ["appointee retired", "winner elected to finish term ending january 3", "1959", "republican gain"], ["re-elected"]]}, {"col": "c4_length", "type": "INTEGER", "data": [1, 1, 1, 1, 2, 1, 1, 2, 2, 1, 1, 1, 1, 2, 4, 1, 1, 1, 1, 1, 2, 1, 1, 2, 1, 1, 2, 1, 4, 1, 1, 1, 1, 4, 1]}], [{"col": "c5", "type": "TEXT", "data": ["lister hill (democratic) unopposed", "carl hayden (democratic) 61.4%\nross f. jones (republican) 38.6%", "j. william fulbright (democratic) 83.0%\nben c. henley (republican) 17.0%", "thomas h. kuchel (republican) 54.0%\nrichard richards (democratic) 45.6%\nray gourley (prohibition) 0.4%", "john a. carroll (democratic) 50.2%\ndan thornton (republican) 49.8%", "prescott s. bush (republican) 54.8%\nthomas j. dodd (democratic) 43.1%", "george a. smathers (democratic) unopposed", "herman e. talmadge (democratic) unopposed", "frank church (democratic) 56.2%\nherman welker (republican) 38.7%", "everett m. dirksen (republican) 54.1%\nw. richard stengel (democratic) 45.7%", "homer e. capehart (republican) 55.2%\nclaude r. wickard (democratic) 44.4%", "bourke b. hickenlooper (republican) 53.9%\nr. m. evans (democratic) 46.1%", "frank carlson (republican) 57.9%\ngeorge hart (democratic) 40.5%", "thruston morton (republican) 50.4%\nearle c. clements (democratic) 49.7%", "john s. cooper (republican) 53.2%\nlawrence w. wetherby (democratic) 46.8%", "russell b. long (democratic) unopposed", "john m. butler (republican) 53.0%\ngeorge p. mahoney (democratic) 47.0%", "thomas c. hennings, jr. (democratic) 56.4%\nherbert douglas (republican) 43.6%", "alan bible (democratic) 52.6%\ncliff young (republican) 47.4%", "norris cotton (republican) 64.1%\nlaurence m. pickett (democratic) 35.9%", "jacob k. javits (republican) 53.3%\nrobert f. wagner, jr. (democratic) 46.7%", "sam j. ervin, jr. (democratic) 66.6%\njoel a. johnson (republican) 33.4%", "milton r. young (republican) 63.6%\nquentin n. burdick (democratic) 36.0%", "frank j. lausche (democratic) 52.9%\ngeorge h. bender (republican) 47.1%", "a. s. mike monroney (democratic) 55.4%\ndouglas mckeever (republican) 44.7%", "wayne morse (democratic) 54.2%\ndouglas mckay (republican) 45.8%", "joseph s. clark (democratic) 50.1%\njames h. duff (republican) 49.7%", "olin b. johnston (democratic) unopposed", "strom thurmond (democratic) unopposed", "francis case (republican) 50.8%\nkenneth holum (democratic) 49.2%", "wallace f. bennett (republican) 54.0%\nalonzo f. hopkin (democratic) 46.0%", "george d. aiken (republican) 66.4%\nbernard g. o'shea (democratic) 33.6%", "warren g. magnuson (democratic) 61.1%\narthur b. langlie (republican) 38.9%", "chapman revercomb (republican) 53.7%\nwilliam c. marland (democratic) 46.3%", "alexander wiley (republican) 58.6%\nhenry w. maier (democratic) 41.2%"]}, {"col": "c5_list", "type": "LIST TEXT", "data": [["lister hill (democratic) unopposed"], ["carl hayden (democratic) 61.4%", "ross f. jones (republican) 38.6%"], ["j. william fulbright (democratic) 83.0%", "ben c. henley (republican) 17.0%"], ["thomas h. kuchel (republican) 54.0%", "richard richards (democratic) 45.6%", "ray gourley (prohibition) 0.4%"], ["john a. carroll (democratic) 50.2%", "dan thornton (republican) 49.8%"], ["prescott s. bush (republican) 54.8%", "thomas j. dodd (democratic) 43.1%"], ["george a. smathers (democratic) unopposed"], ["herman e. talmadge (democratic) unopposed"], ["frank church (democratic) 56.2%", "herman welker (republican) 38.7%"], ["everett m. dirksen (republican) 54.1%", "w. richard stengel (democratic) 45.7%"], ["homer e. capehart (republican) 55.2%", "claude r. wickard (democratic) 44.4%"], ["bourke b. hickenlooper (republican) 53.9%", "r. m. evans (democratic) 46.1%"], ["frank carlson (republican) 57.9%", "george hart (democratic) 40.5%"], ["thruston morton (republican) 50.4%", "earle c. clements (democratic) 49.7%"], ["john s. cooper (republican) 53.2%", "lawrence w. wetherby (democratic) 46.8%"], ["russell b. long (democratic) unopposed"], ["john m. butler (republican) 53.0%", "george p. mahoney (democratic) 47.0%"], ["thomas c. hennings", "jr. (democratic) 56.4%", "herbert douglas (republican) 43.6%"], ["alan bible (democratic) 52.6%", "cliff young (republican) 47.4%"], ["norris cotton (republican) 64.1%", "laurence m. pickett (democratic) 35.9%"], ["jacob k. javits (republican) 53.3%", "robert f. wagner", "jr. (democratic) 46.7%"], ["sam j. ervin", "jr. (democratic) 66.6%", "joel a. johnson (republican) 33.4%"], ["milton r. young (republican) 63.6%", "quentin n. burdick (democratic) 36.0%"], ["frank j. lausche (democratic) 52.9%", "george h. bender (republican) 47.1%"], ["a. s. mike monroney (democratic) 55.4%", "douglas mckeever (republican) 44.7%"], ["wayne morse (democratic) 54.2%", "douglas mckay (republican) 45.8%"], ["joseph s. clark (democratic) 50.1%", "james h. duff (republican) 49.7%"], ["olin b. johnston (democratic) unopposed"], ["strom thurmond (democratic) unopposed"], ["francis case (republican) 50.8%", "kenneth holum (democratic) 49.2%"], ["wallace f. bennett (republican) 54.0%", "alonzo f. hopkin (democratic) 46.0%"], ["george d. aiken (republican) 66.4%", "bernard g. o'shea (democratic) 33.6%"], ["warren g. magnuson (democratic) 61.1%", "arthur b. langlie (republican) 38.9%"], ["chapman revercomb (republican) 53.7%", "william c. marland (democratic) 46.3%"], ["alexander wiley (republican) 58.6%", "henry w. maier (democratic) 41.2%"]]}, {"col": "c5_length", "type": "INTEGER", "data": [1, 2, 2, 3, 2, 2, 1, 1, 2, 2, 2, 2, 2, 2, 2, 1, 2, 3, 2, 2, 3, 3, 2, 2, 2, 2, 2, 1, 1, 2, 2, 2, 2, 2, 2]}]], "is_list": {"id": false, "agg": false, "c1": false, "c1_list": true, "c1_length": false, "c2": false, "c3": false, "c4": false, "c4_list": true, "c4_length": false, "c5": false, "c5_list": true, "c5_length": false}}