{"headers": ["id", "agg", "represented", "contestant", "age", "height", "hometown"], "types": ["id", "agg", "text", "text", "number", "unitnum(unitnum)", "text"], "contents": [[{"col": "id", "type": "INTEGER", "data": [1, 2, 3, 4, 5, 6, 7, 8, 9, 10, 11, 12, 13, 14, 15, 16, 17, 18, 19, 20, 21, 22, 23, 24, 25, 26, 27, 28, 29, 30]}], [{"col": "agg", "type": "INTEGER", "data": [0, 0, 0, 0, 0, 0, 0, 0, 0, 0, 0, 0, 0, 0, 0, 0, 0, 0, 0, 0, 0, 0, 0, 0, 0, 0, 0, 0, 0, 0]}], [{"col": "c1", "type": "TEXT", "data": ["azua", "bonao", "comendador", "com. dom. nueva york", "dajabon", "distrito nacional", "duverge", "el seibo", "hato mayor", "jimani", "la altagracia", "la romana", "la vega", "licey al medio", "maria trinidad sanchez", "moca", "monte cristi", "neiba", "puerto plata", "samana", "san cristobal", "san francisco de macoris", "san jose de las matas", "san juan", "san pedro de macoris", "santiago", "santiago rodriguez", "santo domingo oeste", "valverde", "villa gonzalez"]}], [{"col": "c2", "type": "TEXT", "data": ["patricia tomas ferro", "jeimi vanessa hernandez franjul", "eva duarte sanchez", "carol maria arciniegas jimenez", "elizabeth rondon garcia", "melanie pimentel de lara", "yilda santana subervi", "yorning mateo salves", "sarah maria reyes santos", "ana maria beldana ferriera", "mary ann fiallo reynosa", "suanny frontaan de la cruz", "norbelkis ramirez astro", "ana carolina frometa cruz", "yoneidy zamora berro", "cindy arias morton", "carolina ayala cromen", "sandra castellanos de fermin", "dina margarita encarnacion del rosario", "lucrecia vargas camacho", "elisa mercedes cid brito", "johanna del carmen espaillat romero", "karina german fernandez", "lizette de los santos petro", "dalisa magdalena alegria gomez", "amelia victoria vega polanco", "martha zamora taveras", "aurora sardena fiallo", "lourdes medina acosta", "linette seferino guzman"]}], [{"col": "c3", "type": "TEXT", "data": ["21", "24", "19", "20", "18", "26", "22", "18", "20", "23", "21", "22", "18", "22", "20", "25", "18", "21", "23", "20", "19", "19", "24", "23", "19", "17", "20", "25", "21", "19"]}, {"col": "c3_number", "type": "REAL", "data": [21.0, 24.0, 19.0, 20.0, 18.0, 26.0, 22.0, 18.0, 20.0, 23.0, 21.0, 22.0, 18.0, 22.0, 20.0, 25.0, 18.0, 21.0, 23.0, 20.0, 19.0, 19.0, 24.0, 23.0, 19.0, 17.0, 20.0, 25.0, 21.0, 19.0]}], [{"col": "c4", "type": "TEXT", "data": ["1.78 m (5 ft 10 in)", "1.81 m (5 ft 11 1\u20444 in)", "1.75 m (5 ft 9 in)", "1.78 m (5 ft 10 in)", "1.75 m (5 ft 9 in)", "1.69 m (5 ft 6 1\u20442 in)", "1.80 m (5 ft 10 3\u20444 in)", "1.68 m (5 ft 6 1\u20444 in)", "1.75 m (5 ft 9 in)", "1.70 m (5 ft 7 in)", "1.73 m (5 ft 8 in)", "1.82 m (5 ft 11 3\u20444 in)", "1.77 m (5 ft 9 3\u20444 in)", "1.77 m (5 ft 9 3\u20444 in)", "1.81 m (5 ft 11 1\u20444 in)", "1.80 m (5 ft 10 3\u20444 in)", "1.71 m (5 ft 7 1\u20444 in)", "1.76 m (5 ft 9 1\u20444 in)", "1.83 m (6 ft 0 in)", "1.74 m (5 ft 8 1\u20442 in)", "1.74 m (5 ft 8 1\u20442 in)", "1.76 m (5 ft 9 1\u20444 in)", "1.77 m (5 ft 9 3\u20444 in)", "1.78 m (5 ft 10 in)", "1.67 m (5 ft 5 3\u20444 in)", "1.85 m (6 ft 3\u20444 in)", "1.83 m (6 ft 0 in)", "1.79 m (5 ft 10 1\u20442 in)", "1.72 m (5 ft 7 3\u20444 in)", "1.81 m (5 ft 11 1\u20444 in)"]}, {"col": "c4_first", "type": "TEXT", "data": ["1.78 m", "1.81 m", "1.75 m", "1.78 m", "1.75 m", "1.69 m", "1.80 m", "1.68 m", "1.75 m", "1.70 m", "1.73 m", "1.82 m", "1.77 m", "1.77 m", "1.81 m", "1.80 m", "1.71 m", "1.76 m", "1.83 m", "1.74 m", "1.74 m", "1.76 m", "1.77 m", "1.78 m", "1.67 m", "1.85 m", "1.83 m", "1.79 m", "1.72 m", "1.81 m"]}, {"col": "c4_second", "type": "TEXT", "data": ["5 ft 10 in", "5 ft 11 1\u20444 in", "5 ft 9 in", "5 ft 10 in", "5 ft 9 in", "5 ft 6 1\u20442 in", "5 ft 10 3\u20444 in", "5 ft 6 1\u20444 in", "5 ft 9 in", "5 ft 7 in", "5 ft 8 in", "5 ft 11 3\u20444 in", "5 ft 9 3\u20444 in", "5 ft 9 3\u20444 in", "5 ft 11 1\u20444 in", "5 ft 10 3\u20444 in", "5 ft 7 1\u20444 in", "5 ft 9 1\u20444 in", "6 ft 0 in", "5 ft 8 1\u20442 in", "5 ft 8 1\u20442 in", "5 ft 9 1\u20444 in", "5 ft 9 3\u20444 in", "5 ft 10 in", "5 ft 5 3\u20444 in", "6 ft 3\u20444 in", "6 ft 0 in", "5 ft 10 1\u20442 in", "5 ft 7 3\u20444 in", "5 ft 11 1\u20444 in"]}, {"col": "c4_first_number", "type": "REAL", "data": [1.78, 1.81, 1.75, 1.78, 1.75, 1.69, 1.8, 1.68, 1.75, 1.7, 1.73, 1.82, 1.77, 1.77, 1.81, 1.8, 1.71, 1.76, 1.83, 1.74, 1.74, 1.76, 1.77, 1.78, 1.67, 1.85, 1.83, 1.79, 1.72, 1.81]}, {"col": "c4_second_number", "type": "INTEGER", "data": [5, 5, 5, 5, 5, 5, 5, 5, 5, 5, 5, 5, 5, 5, 5, 5, 5, 5, 6, 5, 5, 5, 5, 5, 5, 6, 6, 5, 5, 5]}], [{"col": "c5", "type": "TEXT", "data": ["santo domingo", "bonao", "san felipe de puerto plata", "washington heights", "loma de cabrera", "los alcarrizos", "santo domingo", "santo domingo", "san cristobal", "santiago de los caballeros", "santo domingo", "la romana", "santiago de los caballeros", "santiago de los caballeros", "villa mella", "moca", "san felipe de puerto plata", "santo domingo", "sosua", "moca", "san cristobal", "san francisco de macoris", "santiago de los caballeros", "san juan de la maguana", "san pedro de macoris", "santiago de los caballeros", "santiago de los caballeros", "santo domingo", "laguna salada", "santiago de los caballeros"]}]], "is_list": {"id": false, "agg": false, "c1": false, "c2": false, "c3": false, "c3_number": false, "c4": false, "c4_first": false, "c4_second": false, "c4_first_number": false, "c4_second_number": false, "c5": false}}