{"headers": ["id", "agg", "number", "event", "type", "matthew", "mark", "luke", "john"], "types": ["id", "agg", "number", "text", "text", "text", "text", "text", "text"], "contents": [[{"col": "id", "type": "INTEGER", "data": [1, 2, 3, 4, 5, 6, 7, 8, 9, 10, 11, 12, 13, 14, 15, 16, 17, 18, 19, 20, 21, 22, 23, 24, 25, 26, 27, 28, 29, 30, 31, 32, 33, 34, 35, 36, 37, 38, 39, 40, 41, 42, 43, 44, 45, 46, 47, 48, 49, 50, 51, 52, 53, 54, 55, 56, 57, 58, 59, 60, 61, 62, 63, 64, 65, 66, 67, 68, 69, 70, 71, 72, 73, 74, 75, 76, 77, 78, 79, 80, 81, 82, 83, 84, 85, 86, 87, 88, 89, 90, 91, 92, 93, 94, 95, 96, 97, 98, 99, 100, 101, 102, 103, 104, 105, 106, 107, 108, 109, 110, 111, 112, 113, 114, 115, 116, 117, 118, 119, 120, 121, 122, 123, 124, 125, 126, 127, 128, 129, 130, 131, 132, 133, 134, 135, 136, 137, 138, 139, 140, 141, 142, 143, 144, 145, 146, 147, 148, 149, 150, 151, 152, 153, 154, 155, 156, 157, 158, 159]}], [{"col": "agg", "type": "INTEGER", "data": [0, 0, 0, 0, 0, 0, 0, 0, 0, 0, 0, 0, 0, 0, 0, 0, 0, 0, 0, 0, 0, 0, 0, 0, 0, 0, 0, 0, 0, 0, 0, 0, 0, 0, 0, 0, 0, 0, 0, 0, 0, 0, 0, 0, 0, 0, 0, 0, 0, 0, 0, 0, 0, 0, 0, 0, 0, 0, 0, 0, 0, 0, 0, 0, 0, 0, 0, 0, 0, 0, 0, 0, 0, 0, 0, 0, 0, 0, 0, 0, 0, 0, 0, 0, 0, 0, 0, 0, 0, 0, 0, 0, 0, 0, 0, 0, 0, 0, 0, 0, 0, 0, 0, 0, 0, 0, 0, 0, 0, 0, 0, 0, 0, 0, 0, 0, 0, 0, 0, 0, 0, 0, 0, 0, 0, 0, 0, 0, 0, 0, 0, 0, 0, 0, 0, 0, 0, 0, 0, 0, 0, 0, 0, 0, 0, 0, 0, 0, 0, 0, 0, 0, 0, 0, 0, 0, 0, 0, 0]}], [{"col": "c1", "type": "TEXT", "data": ["1", "2", "3", "4", "5", "6", "7", "8", "9", "10", "11", "12", "13", "14", "15", "16", "17", "18", "19", "20", "21", "22", "24", "25", "26", "27", "28", "29", "30", "31", "32", "33", "34", "35", "36", "37", "38", "39", "40", "41", "42", "43", "44", "45", "46", "47", "48", "49", "50", "51", "52", "53", "54", "55", "56", "57", "58", "59", "60", "61", "62", "63", "64", "65", "66", "67", "68", "69", "70", "71", "72", "73", "74", "75", "76", "77", "78", "79", "80", "81", "82", "83", "84", "85", "86", "87", "88", "89", "90", "91", "92", "93", "94", "95", "96", "97", "98", "99", "100", "101", "102", "103", "104", "105", "106", "107", "108", "109", "110", "111", "112", "113", "114", "115", "116", "117", "118", "119", "120", "121", "122", "123", "124", "125", "126", "127", "128", "129", "130", "131", "132", "133", "134", "135", "136", "137", "138", "139", "140", "141", "142", "143", "144", "145", "146", "147", "148", "149", "150", "151", "152", "153", "154", "155", "156", "157", "158", "159", "160"]}, {"col": "c1_number", "type": "REAL", "data": [1.0, 2.0, 3.0, 4.0, 5.0, 6.0, 7.0, 8.0, 9.0, 10.0, 11.0, 12.0, 13.0, 14.0, 15.0, 16.0, 17.0, 18.0, 19.0, 20.0, 21.0, 22.0, 24.0, 25.0, 26.0, 27.0, 28.0, 29.0, 30.0, 31.0, 32.0, 33.0, 34.0, 35.0, 36.0, 37.0, 38.0, 39.0, 40.0, 41.0, 42.0, 43.0, 44.0, 45.0, 46.0, 47.0, 48.0, 49.0, 50.0, 51.0, 52.0, 53.0, 54.0, 55.0, 56.0, 57.0, 58.0, 59.0, 60.0, 61.0, 62.0, 63.0, 64.0, 65.0, 66.0, 67.0, 68.0, 69.0, 70.0, 71.0, 72.0, 73.0, 74.0, 75.0, 76.0, 77.0, 78.0, 79.0, 80.0, 81.0, 82.0, 83.0, 84.0, 85.0, 86.0, 87.0, 88.0, 89.0, 90.0, 91.0, 92.0, 93.0, 94.0, 95.0, 96.0, 97.0, 98.0, 99.0, 100.0, 101.0, 102.0, 103.0, 104.0, 105.0, 106.0, 107.0, 108.0, 109.0, 110.0, 111.0, 112.0, 113.0, 114.0, 115.0, 116.0, 117.0, 118.0, 119.0, 120.0, 121.0, 122.0, 123.0, 124.0, 125.0, 126.0, 127.0, 128.0, 129.0, 130.0, 131.0, 132.0, 133.0, 134.0, 135.0, 136.0, 137.0, 138.0, 139.0, 140.0, 141.0, 142.0, 143.0, 144.0, 145.0, 146.0, 147.0, 148.0, 149.0, 150.0, 151.0, 152.0, 153.0, 154.0, 155.0, 156.0, 157.0, 158.0, 159.0, 160.0]}], [{"col": "c2", "type": "TEXT", "data": ["pre-existence of christ", "genealogy of jesus", "birth of john the baptist", "annunciation", "visitation of mary", "birth of jesus", "annunciation to the shepherds", "adoration of the shepherds", "circumcision of jesus", "infant jesus at the temple", "star of bethlehem", "visit of the magi", "flight into egypt", "massacre of the innocents", "herod the great's death", "return of young jesus to nazareth", "finding jesus in the temple", "john the baptist", "ministry of john the baptist", "baptism of jesus", "temptation of jesus", "marriage at cana", "jesus & nicodemus", "return of jesus to galilee", "exorcism at the synagogue in capernaum", "the growing seed", "hometown rejection of jesus", "first disciples of jesus", "miraculous draught of fishes", "beatitudes", "young man from nain", "the two debtors", "the lamp under a bushel", "expounding of the law", "seventy disciples", "discourse on ostentation", "parable of the good samaritan", "jesus at the home of martha and mary", "the lord's prayer", "the friend at night", "the rich fool", "samaritan woman at the well", "the birds of heaven", "discourse on judging", "discourse on holiness", "the test of a good person", "the wise and the foolish builders", "cleansing a leper", "the centurion's servant", "healing the mother of peter's wife", "exorcising at sunset", "calming the storm", "gerasenes demonic", "paralytic at capernaum", "calling of matthew", "new wine into old wineskins", "daughter of jairus", "the bleeding woman", "two blind men at galilee", "exorcising a mute", "commissioning the twelve apostles", "but to bring a sword", "messengers from john the baptist", "paralytic at bethesda", "lord of the sabbath", "man with withered hand", "the lord's prayer", "exorcising the blind and mute man", "parable of the strong man", "eternal sin", "jesus' true relatives", "parable of the sower", "the birds of heaven", "the tares", "the barren fig tree", "an infirm woman", "parable of the mustard seed", "the leaven", "parable of the pearl", "drawing in the net", "the hidden treasure", "rejection of jesus", "beheading of st. john the baptist", "feeding the 5000", "jesus' walk on water", "healing in gennesaret", "discourse on defilement", "canaanite woman's daughter", "deaf mute of decapolis", "feeding the 4000", "blind man of bethsaida", "confession of peter", "transfiguration of jesus", "boy possessed by a demon", "coin in the fish's mouth", "bread of life discourse", "the little children", "man with dropsy", "counting the cost", "the lost sheep", "the unforgiving servant", "the little children", "the lost coin", "parable of the prodigal son", "the unjust steward", "rich man and lazarus", "the master and servant", "cleansing ten lepers", "the unjust judge", "pharisees and the publican", "jesus and the rich young man", "jesus and the woman taken in adultery", "the workers in the vineyard", "jesus predicts his death", "the blind at birth", "son of man came to serve", "the good shepherd", "blind near jericho", "raising of lazarus", "jesus and zacchaeus", "palm sunday", "cleansing of the temple", "cursing the fig tree", "authority of jesus questioned", "the two sons", "the wicked husbandmen", "the great banquet", "render unto caesar", "woes of the pharisees", "widow's mite", "second coming prophecy", "the budding fig tree", "the faithful servant", "the ten virgins", "the talents or minas", "the sheep and the goats", "anointing of jesus", "bargain of judas", "the grain of wheat", "last supper", "promising a paraclete", "gethsemane", "the kiss of judas", "healing the ear of a servant", "arrest of jesus", "sanhedrin trial of jesus", "blood curse", "carrying the cross", "crucifixion of jesus", "myrrhbearers", "empty tomb", "resurrection of jesus", "noli me tangere", "road to emmaus appearance", "resurrected jesus appears to apostles", "great commission", "doubting thomas", "catch of 153 fish", "ascension of jesus"]}], [{"col": "c3", "type": "TEXT", "data": ["miscellaneous", "nativity", "nativity", "nativity", "nativity", "nativity", "nativity", "nativity", "nativity", "nativity", "nativity", "nativity", "nativity", "nativity", "miscellaneous", "youth", "youth", "miscellaneous", "miscellaneous", "miscellaneous", "miscellaneous", "miracle", "ministry", "ministry", "miracle", "parable", "ministry", "ministry", "miracle", "sermon", "miracle", "parable", "parable", "sermon", "ministry", "sermon", "parable", "ministry", "ministry", "parable", "parable", "ministry", "ministry", "sermon", "sermon", "sermon", "parable", "miracle", "miracle", "miracle", "miracle", "miracle", "miracle", "miracle", "ministry", "parable", "miracle", "miracle", "miracle", "miracle", "ministry", "ministry", "ministry", "miracle", "ministry", "miracle", "ministry", "miracle", "parable", "ministry", "ministry", "parable", "ministry", "parable", "parable", "miracle", "parable", "parable", "parable", "parable", "parable", "ministry", "ministry", "miracle", "miracle", "miracle", "sermon", "miracle", "miracle", "miracle", "miracle", "ministry", "miracle", "miracle", "miracle", "sermon", "ministry", "miracle", "parable", "parable", "parable", "ministry", "parable", "parable", "parable", "parable", "parable", "miracle", "parable", "parable", "ministry", "ministry", "parable", "ministry", "miracle", "ministry", "ministry", "miracle", "miracle", "ministry", "ministry", "ministry", "miracle", "ministry", "parable", "parable", "parable", "ministry", "ministry", "sermon", "ministry", "parable", "parable", "parable", "parable", "parable", "ministry", "miscellaneous", "ministry", "ministry", "ministry", "miscellaneous", "passion", "miracle", "passion", "passion", "passion", "passion", "passion", "resurrection appearance", "resurrection appearance", "resurrection appearance", "resurrection appearance", "resurrection appearance", "resurrection appearance", "resurrection appearance", "resurrection appearance", "miracle", "resurrection appearance"]}], [{"col": "c4", "type": "TEXT", "data": [null, "matthew 01:01-17", null, null, null, "matthew 01:18-25", null, null, null, null, "matthew 02:01-02", "matthew 02:03-12", "matthew 02:13-15", "matthew 02:16-18", "matthew 02:19-20", "matthew 02:21-23", null, null, "matthew 03:01-12", "matthew 03:13-17", "matthew 04:01-11", null, null, "matthew 04:12-12", null, null, "matthew 04:13-16", "matthew 04:18-22", null, "matthew 05:02-12", null, null, "matthew 05:14-15", "matthew 05:17-48", null, "matthew 06:01-18", null, null, "matthew 06:09-13", null, null, null, "matthew 06:25-34", "matthew 07:01-05", "matthew 07:13-27", "matthew 07:15-20", "matthew 07:24-27", "matthew 08:01-04", "matthew 08:05-13", "matthew 08:14-17", "matthew 08:16-17", "matthew 08:23-27", "matthew 08:28-34", "matthew 09:01-08", "matthew 09:09", "matthew 09:17-17", "matthew 09:18-26", "matthew 09:20-22", "matthew 09:27-31", "matthew 09:32-34", "matthew 10:02-04", "matthew 10:34-36", "matthew 11:02-06", null, "matthew 12:01-08", "matthew 12:09-13", null, "matthew 12:22-28", "matthew 12:29-29", "matthew 12:30-32", "matthew 12:46-50", "matthew 13:03-09", null, "matthew 13:24-30", null, null, "matthew 13:31-32", "matthew 13:33-33", "matthew 13:44-46", "matthew 13:47-50", "matthew 13:52-52", "matthew 13:54-58", "matthew 14:06-12", "matthew 14:13-21", "matthew 14:22-33", "matthew 14:34-36", "matthew 15:01-11", "matthew 15:21-28", null, "matthew 15:32-39", null, "matthew 16:13-20", "matthew 17:01-13", "matthew 17:14-21", "matthew 17:24-27", null, "matthew 18:01-06", null, null, "matthew 18:10-14", "matthew 18:23-35", "matthew 18:01-06", null, null, null, null, null, null, null, null, "matthew 19:16-30", null, "matthew 20:01-16", "matthew 20:17-19", null, "matthew 20:20-28", null, "matthew 20:29-34", null, null, "matthew 21:01-11", "matthew 21:12-13", "matthew 21:18-22", "matthew 21:23-27", "matthew 21:28-32", "matthew 21:33-41", "matthew 22:01-14", "matthew 22:15-22", "matthew 23:01-39", null, "matthew 24:01-31", "matthew 24:32-35", "matthew 24:42-51", "matthew 25:01-13", "matthew 25:14-30", "matthew 25:31-46", "matthew 26:01-13", "matthew 26:14-16", null, "matthew 26:26-29", null, "matthew 26:36-46", "matthew 26:47-49", null, "matthew 26:50-56", "matthew 26:57-68", "matthew 27:24-25", "matthew 27:27-33", "matthew 27:34-61", "matthew 28:01", "matthew 28:02-08", "matthew 28:09-10", null, null, null, "matthew 28:16-20", null, null, null]}], [{"col": "c5", "type": "TEXT", "data": [null, null, null, null, null, null, null, null, null, null, null, null, null, null, null, null, null, "mark 01:01-08", null, "mark 01:09-11", "mark 01:12-13", null, null, "mark 01:14-14", "mark 01:21-28", "mark 04:26-29", "mark 06:01-06", "mark 01:16-20", null, null, null, null, "mark 04:21-25", null, null, null, null, null, null, null, null, null, null, null, null, null, null, "mark 01:40-45", null, "mark 01:29-34", "mark 01:32-34", "mark 04:35-41", "mark 05:01-20", "mark 02:01-12", "mark 02:13-14", "mark 02:22-22", "mark 05:21-43", "mark 05:24-34", null, null, "mark 03:13-19", null, null, null, "mark 02:23-28", "mark 03:01-06", null, "mark 03:20-30", "mark 03:27-27", "mark 03:28-29", "mark 03:31-35", "mark 04:03-09", null, null, null, null, "mark 04:30-32", null, null, null, null, null, "mark 06:21-29", "mark 06:31-34", "mark 06:45-52", "mark 06:53-56", "mark 07:01-23", "mark 07:24-30", "mark 07:31-37", "mark 08:01-09", "mark 08:22-26", "mark 08:27-30", "mark 09:02-13", "mark 09:14-29", null, null, "mark 09:33-37", null, null, null, null, "mark 09:33-37", null, null, null, null, null, null, null, null, "mark 10:17-31", null, null, "mark 10:32-34", null, "mark 10:35-45", null, "mark 10:46-52", null, null, "mark 11:01-11", "mark 11:15-18", "mark 11:12-14", "mark 11:27-33", null, "mark 12:01-09", null, "mark 12:13-17", "mark 12:35-37", "mark 12:41-44", "mark 13:01-27", "mark 13:28-31", "mark 13:34-37", null, null, null, "mark 14:03-09", "mark 14:10-11", null, "mark 14:18-21", null, "mark 14:32-42", "mark 14:43-45", null, "mark 14:46-49", "mark 14:53-65", null, "mark 15:20-22", "mark 15:23-47", "mark 16:01", "mark 16:02-08", null, null, "mark 16:12-13", null, "mark 16:14-18", null, null, "mark 16:19-20"]}], [{"col": "c6", "type": "TEXT", "data": [null, "luke 03:23-38", "luke 01:05-25", "luke 01:26-38", "luke 01:39-56", "luke 02:01-07", "luke 02:08-15", "luke 02:16-20", "luke 02:21", "luke 02:22-38", null, null, null, null, null, "luke 02:39-39", "luke 02:41-51", null, null, "luke 03:21-22", "luke 04:01-13", null, null, null, "luke 04:31-37", null, "luke 04:16-30", null, "luke 05:01-11", "luke 06:20-23", "luke 07:11-17", "luke 07:41-43", "luke 08:16-18", "luke 06:29-42", "luke 10:01-24", null, "luke 10:30-37", "luke 10:38-42", "luke 11:02-04", "luke 11:05-08", "luke 12:16-21", null, "luke 12:22-34", "luke 06:41-42", null, null, "luke 06:46-49", "luke 05:12-16", "luke 07:01-10", "luke 04:38-41", "luke 04:40-41", "luke 08:22-25", "luke 08:26-39", "luke 05:17-26", "luke 05:27-28", "luke 05:37-39", "luke 08:40-56", "luke 08:43-48", null, null, "luke 06:12-16", null, "luke 07:18-23", null, null, "luke 06:06-11", "luke 11:02-04", "luke 11:14-23", "luke 11:21-22", "luke 12:08-10", "luke 08:19-21", "luke 08:05-08", "luke 12:22-34", null, "luke 13:06-09", "luke 13:10-17", "luke 13:18-19", "luke 13:20-21", null, null, null, null, null, "luke 09:10-17", null, null, null, null, null, null, null, "luke 09:18-21", "luke 09:28-36", "luke 09:37-49", null, null, "luke 09:46-48", "luke 14:01-06", "luke 14:25-33", "luke 15:04-06", null, "luke 09:46-48", "luke 15:08-09", "luke 15:11-32", "luke 16:01-13", "luke 16:19-31", "luke 17:07-10", "luke 17:11-19", "luke 18:01-09", "luke 18:10-14", "luke 18:18-30", null, null, "luke 18:31-34", null, null, null, "luke 18:35-43", null, "luke 19:02-28", "luke 19:29-44", "luke 19:45-48", null, "luke 20:01-08", null, "luke 20:09-16", "luke 14:16-24", "luke 20:20-26", "luke 20:45-47", "luke 21:01-04", "luke 21:05-36", "luke 21:29-33", "luke 12:35-48", null, "luke 19:12-27", null, "luke 7:36-50", "luke 22:01-06", null, "luke 22:17-20", null, "luke 22:39-46", "luke 22:47-48", "luke 22:49-51", "luke 22:52-54", "luke 22:63-71", null, "luke 23:26-32", "luke 23:33-54", "luke 24:01", "luke 24:02-12", "luke 24:01-08", null, "luke 24:13-32", "luke 24:36-43", "luke 24:44-49", null, null, "luke 24:50-53"]}], [{"col": "c7", "type": "TEXT", "data": ["john 01:01-18", null, null, null, null, null, null, null, null, null, null, null, null, null, null, null, null, null, "john 01:19-34", null, null, "john 02:01-11", "john 03:01-21", "john 04:01-03", null, null, null, "john 01:35-51", null, null, null, null, null, null, null, null, null, null, null, null, null, "john 04:04-26", null, null, null, null, null, null, "john 04:46-54", null, null, null, null, null, null, null, null, null, null, null, null, null, null, "john 05:01-18", null, null, null, null, null, null, null, null, null, null, null, null, null, null, null, null, null, null, null, "john 06:05-15", "john 06:16-21", null, null, null, null, null, null, null, null, null, null, "john 06:22-59", null, null, null, null, null, null, null, null, null, null, null, null, null, null, null, "john 08:02-11", null, null, "john 09:01-12", null, "john 10:01-21", null, "john 11:01-44", null, "john 12:12-19", "john 02:13-25", null, null, null, null, null, null, null, null, null, null, null, null, null, null, "john 12:02-08", null, "john 12:24-26", "john 13:01-31", "john 16:05-15", null, "john 18:02-09", null, "john 18:10-12", "john 18:12-24", null, "john 19:16-17", "john 19:18-38", null, "john 20:01-13", "john 20:14-16", "john 20:17-17", null, "john 20:19-20", "john 20:21-23", "john 20:24-29", "john 21:01-24", null]}]], "is_list": {"id": false, "agg": false, "c1": false, "c1_number": false, "c2": false, "c3": false, "c4": false, "c5": false, "c6": false, "c7": false}}