{"headers": ["id", "agg", "high school", "join\nyear", "from", "left", "league left to"], "types": ["id", "agg", "text", "<n,number>", "text", "<n,number>", "<n,text>"], "contents": [[{"col": "id", "type": "INTEGER", "data": [1, 2, 3, 4, 5, 6, 7, 8, 9, 10, 11, 12, 13, 14, 15, 16, 17, 18, 19]}], [{"col": "agg", "type": "INTEGER", "data": [0, 0, 0, 0, 0, 0, 0, 0, 0, 0, 0, 0, 0, 0, 0, 0, 0, 0, 0]}], [{"col": "c1", "type": "TEXT", "data": ["ainsworth", "atherton", "beecher", "bendle", "bentley", "brandon", "clio", "davison", "durand", "fenton", "flushing", "grand blanc", "hartland", "kearsley", "lake fenton", "lakeville", "linden", "mt. morris", "swartz creek"]}], [{"col": "c2", "type": "TEXT", "data": ["1954", "1960", "1950", "1950", "1960", "1977", "1950", "1950", "1964", "1940", "1950", "1950", "1976", "1950", "1976", "1956\n1964", "1974", "1950", "1960"]}, {"col": "c2_list", "type": "LIST TEXT", "data": [["1954"], ["1960"], ["1950"], ["1950"], ["1960"], ["1977"], ["1950"], ["1950"], ["1964"], ["1940"], ["1950"], ["1950"], ["1976"], ["1950"], ["1976"], ["1956", "1964"], ["1974"], ["1950"], ["1960"]]}, {"col": "c2_length", "type": "INTEGER", "data": [1, 1, 1, 1, 1, 1, 1, 1, 1, 1, 1, 1, 1, 1, 1, 2, 1, 1, 1]}, {"col": "c2_list_number", "type": "LIST INTEGER", "data": [[1954], [1960], [1950], [1950], [1960], [1977], [1950], [1950], [1964], [1940], [1950], [1950], [1976], [1950], [1976], [1956, 1964], [1974], [1950], [1960]]}], [{"col": "c3", "type": "TEXT", "data": [null, null, null, null, null, null, null, null, null, null, null, null, null, null, null, null, null, null, "county c league"]}], [{"col": "c4", "type": "TEXT", "data": ["1961", "1976", "1960", "1975", "1978", "1978", "1960", "1960", "1978", "1968", "1960", "1960", "1978", "1960", "1978", "1962\n1976", "1978", "1960", "1968"]}, {"col": "c4_list", "type": "LIST TEXT", "data": [["1961"], ["1976"], ["1960"], ["1975"], ["1978"], ["1978"], ["1960"], ["1960"], ["1978"], ["1968"], ["1960"], ["1960"], ["1978"], ["1960"], ["1978"], ["1962", "1976"], ["1978"], ["1960"], ["1968"]]}, {"col": "c4_length", "type": "INTEGER", "data": [1, 1, 1, 1, 1, 1, 1, 1, 1, 1, 1, 1, 1, 1, 1, 2, 1, 1, 1]}, {"col": "c4_list_number", "type": "LIST INTEGER", "data": [[1961], [1976], [1960], [1975], [1978], [1978], [1960], [1960], [1978], [1968], [1960], [1960], [1978], [1960], [1978], [1962, 1976], [1978], [1960], [1968]]}], [{"col": "c5", "type": "TEXT", "data": ["big nine conference", "mid-eastern eight conference", "big nine conference", "mid-eastern eight conference", "genesee eight", "five county 5 league", "big nine conference", "big nine conference", "flint metro league", "flint metro league", "big nine conference", "big nine conference", "five county 5", "big nine conference", "genesee eight", "independent\nflint metro league", "genesee eight", "big nine conference", "flint metro league"]}, {"col": "c5_list", "type": "LIST TEXT", "data": [["big nine conference"], ["mid-eastern eight conference"], ["big nine conference"], ["mid-eastern eight conference"], ["genesee eight"], ["five county 5 league"], ["big nine conference"], ["big nine conference"], ["flint metro league"], ["flint metro league"], ["big nine conference"], ["big nine conference"], ["five county 5"], ["big nine conference"], ["genesee eight"], ["independent", "flint metro league"], ["genesee eight"], ["big nine conference"], ["flint metro league"]]}, {"col": "c5_length", "type": "INTEGER", "data": [1, 1, 1, 1, 1, 1, 1, 1, 1, 1, 1, 1, 1, 1, 1, 2, 1, 1, 1]}]], "is_list": {"id": false, "agg": false, "c1": false, "c2": false, "c2_list": true, "c2_length": false, "c2_list_number": true, "c3": false, "c4": false, "c4_list": true, "c4_length": false, "c4_list_number": true, "c5": false, "c5_list": true, "c5_length": false}}