{"headers": ["id", "agg", "genre", "date", "japanese title (original title)", "english title", "scoring", "notes"], "types": ["id", "agg", "text", "<cn, timespan>", "text", "text", "text", "text"], "contents": [[{"col": "id", "type": "INTEGER", "data": [1, 2, 3, 4, 5, 6, 7, 8, 9, 10, 11, 12, 13, 14, 15, 16, 17, 18, 19, 20, 21, 22, 23, 24, 25, 26, 27, 28, 29, 30, 31, 32, 33, 34, 35, 36, 37, 38, 39, 40, 41, 42, 43, 44, 45, 46, 47, 48, 49, 50, 51, 52, 53, 54, 55, 56, 57, 58, 59, 60, 61, 62, 63, 64, 65, 66, 67, 68, 69, 70, 71, 72, 73, 74, 75, 76, 77, 78, 79, 80, 81, 82, 83, 84, 85, 86, 87, 88, 89, 90, 91, 92, 93, 94, 95, 96, 97, 98, 99, 100, 101, 102, 103, 104, 105, 106, 107, 108, 109, 110, 111, 112, 113, 114, 115, 116, 117, 118, 119, 120, 121, 122, 123, 124, 125, 126, 127, 128, 129, 130, 131, 132, 133, 134, 135, 136, 137, 138, 139, 140, 141, 142, 143, 144, 145, 146, 147, 148, 149, 150, 151, 152, 153, 154, 155, 156, 157, 158, 159, 160, 161, 162, 163, 164, 165, 166, 167, 168, 169, 170, 171, 172, 173, 174, 175, 176, 177, 178, 179, 180, 181, 182, 183, 184, 185, 186, 187, 188, 189, 190, 191, 192, 193, 194, 195, 196, 197, 198, 199, 200, 201, 202, 203, 204, 205, 206, 207, 208, 209, 210, 211, 212, 213, 214, 215, 216, 217, 218, 219, 220, 221, 222, 223, 224, 225, 226, 227, 228, 229, 230, 231, 232, 233, 234, 235, 236, 237, 238, 239, 240, 241, 242, 243, 244, 245, 246, 247, 248, 249, 250, 251, 252, 253, 254, 255, 256, 257, 258, 259, 260, 261, 262, 263, 264, 265, 266, 267, 268, 269, 270, 271, 272, 273, 274, 275, 276, 277, 278, 279, 280, 281, 282, 283, 284, 285, 286, 287, 288, 289, 290, 291, 292, 293, 294, 295, 296, 297, 298, 299, 300, 301, 302, 303, 304, 305, 306, 307, 308, 309, 310, 311, 312, 313, 314, 315, 316, 317, 318, 319, 320, 321, 322, 323, 324, 325, 326, 327, 328, 329, 330, 331, 332, 333, 334, 335, 336, 337, 338, 339, 340, 341, 342, 343, 344, 345, 346, 347, 348, 349, 350, 351, 352, 353, 354, 355, 356, 357, 358, 359, 360, 361, 362, 363, 364, 365, 366, 367, 368, 369, 370, 371, 372, 373, 374, 375, 376, 377, 378, 379, 380, 381, 382, 383, 384, 385, 386, 387, 388, 389, 390, 391, 392, 393, 394, 395, 396, 397, 398, 399, 400, 401, 402, 403, 404, 405, 406, 407, 408, 409, 410, 411, 412, 413, 414, 415, 416, 417, 418]}], [{"col": "agg", "type": "INTEGER", "data": [0, 0, 0, 0, 0, 0, 0, 0, 0, 0, 0, 0, 0, 0, 0, 0, 0, 0, 0, 0, 0, 0, 0, 0, 0, 0, 0, 0, 0, 0, 0, 0, 0, 0, 0, 0, 0, 0, 0, 0, 0, 0, 0, 0, 0, 0, 0, 0, 0, 0, 0, 0, 0, 0, 0, 0, 0, 0, 0, 0, 0, 0, 0, 0, 0, 0, 0, 0, 0, 0, 0, 0, 0, 0, 0, 0, 0, 0, 0, 0, 0, 0, 0, 0, 0, 0, 0, 0, 0, 0, 0, 0, 0, 0, 0, 0, 0, 0, 0, 0, 0, 0, 0, 0, 0, 0, 0, 0, 0, 0, 0, 0, 0, 0, 0, 0, 0, 0, 0, 0, 0, 0, 0, 0, 0, 0, 0, 0, 0, 0, 0, 0, 0, 0, 0, 0, 0, 0, 0, 0, 0, 0, 0, 0, 0, 0, 0, 0, 0, 0, 0, 0, 0, 0, 0, 0, 0, 0, 0, 0, 0, 0, 0, 0, 0, 0, 0, 0, 0, 0, 0, 0, 0, 0, 0, 0, 0, 0, 0, 0, 0, 0, 0, 0, 0, 0, 0, 0, 0, 0, 0, 0, 0, 0, 0, 0, 0, 0, 0, 0, 0, 0, 0, 0, 0, 0, 0, 0, 0, 0, 0, 0, 0, 0, 0, 0, 0, 0, 0, 0, 0, 0, 0, 0, 0, 0, 0, 0, 0, 0, 0, 0, 0, 0, 0, 0, 0, 0, 0, 0, 0, 0, 0, 0, 0, 0, 0, 0, 0, 0, 0, 0, 0, 0, 0, 0, 0, 0, 0, 0, 0, 0, 0, 0, 0, 0, 0, 0, 0, 0, 0, 0, 0, 0, 0, 0, 0, 0, 0, 0, 0, 0, 0, 0, 0, 0, 0, 0, 0, 0, 0, 0, 0, 0, 0, 0, 0, 0, 0, 0, 0, 0, 0, 0, 0, 0, 0, 0, 0, 0, 0, 0, 0, 0, 0, 0, 0, 0, 0, 0, 0, 0, 0, 0, 0, 0, 0, 0, 0, 0, 0, 0, 0, 0, 0, 0, 0, 0, 0, 0, 0, 0, 0, 0, 0, 0, 0, 0, 0, 0, 0, 0, 0, 0, 0, 0, 0, 0, 0, 0, 0, 0, 0, 0, 0, 0, 0, 0, 0, 0, 0, 0, 0, 0, 0, 0, 0, 0, 0, 0, 0, 0, 0, 0, 0, 0, 0, 0, 0, 0, 0, 0, 0, 0, 0, 0, 0, 0, 0, 0, 0, 0, 0, 0, 0, 0, 0, 0, 0, 0, 0, 0, 0, 0, 0, 0, 0, 0]}], [{"col": "c1", "type": "TEXT", "data": ["orchestral", "orchestral", "orchestral", "orchestral", "orchestral", "orchestral", "orchestral", "orchestral", "orchestral", "orchestral", "orchestral", "orchestral", "orchestral", "orchestral", "orchestral", "orchestral", "orchestral", "orchestral", "orchestral", "orchestral", "orchestral", "orchestral", "orchestral", "orchestral", "orchestral", "orchestral", "concertante", "concertante", "concertante", "concertante", "concertante", "concertante", "concertante", "concertante", "concertante", "concertante", "concertante", "concertante", "concertante", "concertante", "concertante", "concertante", "concertante", "concertante", "concertante", "concertante", "concertante", "concertante", "concertante", "concertante", "concertante", "concertante", "concertante", "concertante", "chamber music", "chamber music", "chamber music", "chamber music", "chamber music", "chamber music", "chamber music", "chamber music", "chamber music", "chamber music", "chamber music", "chamber music", "chamber music", "chamber music", "chamber music", "chamber music", "chamber music", "chamber music", "chamber music", "chamber music", "chamber music", "chamber music", "chamber music", "chamber music", "chamber music", "chamber music", "chamber music", "chamber music", "chamber music", "chamber music", "chamber music", "chamber music", "chamber music", "chamber music", "chamber music", "chamber music", "chamber music", "chamber music", "chamber music", "chamber music", "chamber music", "chamber music", "chamber music", "chamber music", "chamber music", "chamber music", "chamber music", "chamber music", "chamber music", "chamber music", "chamber music", "chamber music", "chamber music", "chamber music", "chamber music", "chamber music", "chamber music", "chamber music", "keyboard", "keyboard", "keyboard", "keyboard", "keyboard", "keyboard", "keyboard", "keyboard", "keyboard", "keyboard", "keyboard", "keyboard", "keyboard", "keyboard", "keyboard", "keyboard", "keyboard", "keyboard", "keyboard", "keyboard", "keyboard", "keyboard", "choral", "choral", "choral", "choral", "choral", "choral", "choral", "choral", "choral", "choral", "vocal", "vocal", "vocal", "vocal", "vocal", "vocal", "vocal", "vocal", "vocal", "vocal", "vocal", "vocal", "vocal", "vocal", "vocal", "vocal", "vocal", "vocal", "vocal", "vocal", "vocal", "vocal", "vocal", "vocal", "jazz", "jazz", "jazz", "stage", "stage", "stage", "stage", "stage", "stage", "stage", "stage", "stage", "stage", "stage", "stage", "stage", "stage", "stage", "stage", "stage", "stage", "stage", "stage", "stage", "stage", "stage", "stage", "stage", "stage", "stage", "stage", "stage", "stage", "stage", "stage", "stage", "stage", "stage", "electronic music", "electronic music", "electronic music", "electronic music", "electronic music", "electronic music", "electronic music", "electronic music", "electronic music", "electronic music", "electronic music", "electronic music", "electronic music", "electronic music", "electronic music", "commercial music", "commercial music", "film scores", "film scores", "film scores", "film scores", "film scores", "film scores", "film scores", "film scores", "film scores", "film scores", "film scores", "film scores", "film scores", "film scores", "film scores", "film scores", "film scores", "film scores", "film scores", "film scores", "film scores", "film scores", "film scores", "film scores", "film scores", "film scores", "film scores", "film scores", "film scores", "film scores", "film scores", "film scores", "film scores", "film scores", "film scores", "film scores", "film scores", "film scores", "film scores", "film scores", "film scores", "film scores", "film scores", "film scores", "film scores", "film scores", "film scores", "film scores", "film scores", "film scores", "film scores", "film scores", "film scores", "film scores", "film scores", "film scores", "film scores", "film scores", "film scores", "film scores", "film scores", "film scores", "film scores", "film scores", "film scores", "film scores", "film scores", "film scores", "film scores", "film scores", "film scores", "film scores", "film scores", "film scores", "film scores", "film scores", "film scores", "film scores", "film scores", "film scores", "film scores", "film scores", "film scores", "film scores", "film scores", "film scores", "film scores", "film scores", "film scores", "film scores", "film scores", "film scores", "film scores", "film scores", "film scores", "film scores", "film scores", "film scores", "film scores", "film scores", "film scores", "film scores", "film scores", "film scores", "film scores", "film scores", "film scores", "film scores", "radio scores", "radio scores", "radio scores", "radio scores", "radio scores", "radio scores", "radio scores", "radio scores", "radio scores", "radio scores", "radio scores", "radio scores", "radio scores", "radio scores", "radio scores", "radio scores", "radio scores", "radio scores", "radio scores", "radio scores", "radio scores", "radio scores", "radio scores", "radio scores", "radio scores", "radio scores", "radio scores", "radio scores", "radio scores", "radio scores", "radio scores", "radio scores", "radio scores", "radio scores", "radio scores", "radio scores", "television scores", "television scores", "television scores", "television scores", "television scores", "television scores", "television scores", "television scores", "television scores", "television scores", "television scores", "television scores", "television scores", "television scores", "television scores", "television scores", "television scores", "television scores", "television scores", "television scores", "television scores", "television scores", "television scores", "television scores", "television scores", "television scores", "television scores", "television scores", "television scores", "television scores", "television scores", "television scores", "television scores", "television scores", "television scores", "television scores", "television scores", "television scores", "television scores", "television scores", "television scores", "television scores", "television scores", "television scores", "television scores", "television scores", "television scores", "television scores", "television scores", "television scores", "television scores"]}], [{"col": "c2", "type": "TEXT", "data": ["1957", "1958", "1961", "1962", "1964", "1967", "1971", "1973, 1979", "1976", "1977", "1981", "1981", "1982", "1982", "1983", "1985", "1988", "1988", "1988", "1990", "1991", "1992", "1992", "1993", "1994", "1994, 1995", "1959", "1964", "1963-1966\n1963\n1966\n1963", "1964-1966\n1964\n1966\n1966", "1967", "1968", "1970", "1971", "1973", "1974", "1974-1975", "1980", "1981", "1983", "1984", "1984", "1984", "1971-1986", "1987", "1987", "1987", "1989", "1990", "1991", "1991", "1994", "1995", "1995", "1951, 1989", "1955", "1958", "1958", "1959", "1959-1960", "1960", "1960", "1961", "1961", "1962", "1964", "1965", "1965, 1969", "1966", "1966", "1968", "1969", "1970", "1967-1971", "1971", "1971", "1971", "1972", "1973", "1974", "1974", "1974-1977", "1975", "1976", "1976", "1977", "1977-1978", "1980", "1981", "1981", "1981, 1989", "1982", "1982", "1983", "1983", "1983", "1984", "1986", "1987", "1987", "1987", "1989", "1991", "1992", "1993", "1993", "1993", "1993", "1994", "1994", "1995", "1995", "1948", "1948", "1948", "1948", "1949", "1948-1949", "1950", "1952", "1952, 1959\n1952\n1959\n1959", "1960", "1960", "1961", "1962", "1973", "1978", "1979", "1982", "1986", "1988", "1989", "1992", "1992", "1953", "1961-1966", "1963", "1963", "1969", "1982", "1983", "1987", "1990", "1991", "1950s", "1954", "1955", "1958", "1958", "1961", "1961", "1962", "1962", "1963", "1963", "1963", "1963", "1965", "1965", "1966", "1968", "1978", "1978", "1979", "1983", "1985", "1985", "1995", "1958", "1960", "1961", "1951", "1953", "1954", "1954", "1955", "1955", "1955", "1956", "1956", "1956", "1956", "1957", "1957", "1958", "1959", "1959", "1959", "1960", "1960", "1961", "1961", "1962", "1962", "1964", "1964", "1964", "1966", "1966", "1972", "1973", "1974", "1975", "1979", "1982", "1984", "1955", "1956", "1956", "1956", "1958", "1956-1957", "1957", "1960", "1960", "1964", "1964", "1970", "1970", "1986", "1986", "1954", "1982", "1955", "1955", "1956", "1956", "1956", "1957", "1958", "1959", "1959", "1959", "1959", "1959", "1960", "1960", "1961", "1961", "1961", "1962", "1962", "1962", "1962", "1962", "1962", "1962", "1963", "1963", "1963", "1963", "1963", "1963", "1964", "1964", "1964", "1964", "1964", "1964", "1964", "1964", "1964", "1964", "1965", "1965", "1965", "1965", "1965", "1965", "1965", "1966", "1966", "1966", "1966", "1967", "1967", "1967", "1967", "1968", "1968", "1968", "1968", "1969", "1969", "1970", "1970", "1970", "1971", "1971", "1971", "1971", "1971", "1972", "1972", "1972", "1973", "1973", "1974", "1974", "1974", "1975", "1977", "1977", "1978", "1978", "1978", "1979", "1980", "1980", "1981", "1981", "1981", "1982", "1983", "1984", "1985", "1985", "1985", "1985", "1985", "1986", "1987", "1988", "1989", "1989", "1991", "1992", "1992", "1993", "1995", "1995", "1955", "1955", "1955", "1956", "1956", "1956", "1957", "1957", "1957", "1958", "1958", "1958", "1958", "1958", "1958", "1959", "1959", "1959", "1960", "1960", "1960", "1960", "1960", "1962", "1962", "1962", "1962", "1963", "1977", "1978", "1980", "1980", "1981", "1983", "1983", "1988", "1955", "1959", "1960", "1961", "1961", "1962", "1962", "1962", "1963", "1963", "1964", "1964", "1965", "1965", "1966", "1966", "1966", "1966", "1966", "1967", "1968", "1968", "1969", "1971", "1971", "1972", "1972", "1972", "1973", "1974", "1974", "1976", "1977", "1977", "1978", "1979", "1979", "1980", "1981", "1982", "1983", "1983", "1983", "1983", "1984", "1985", "1985", "1986", "1987", "1989", "1993"]}, {"col": "c2_list", "type": "LIST TEXT", "data": [["1957"], ["1958"], ["1961"], ["1962"], ["1964"], ["1967"], ["1971"], ["1973", "1979"], ["1976"], ["1977"], ["1981"], ["1981"], ["1982"], ["1982"], ["1983"], ["1985"], ["1988"], ["1988"], ["1988"], ["1990"], ["1991"], ["1992"], ["1992"], ["1993"], ["1994"], ["1994", "1995"], ["1959"], ["1964"], ["1963-1966", "1963", "1966", "1963"], ["1964-1966", "1964", "1966", "1966"], ["1967"], ["1968"], ["1970"], ["1971"], ["1973"], ["1974"], ["1974-1975"], ["1980"], ["1981"], ["1983"], ["1984"], ["1984"], ["1984"], ["1971-1986"], ["1987"], ["1987"], ["1987"], ["1989"], ["1990"], ["1991"], ["1991"], ["1994"], ["1995"], ["1995"], ["1951", "1989"], ["1955"], ["1958"], ["1958"], ["1959"], ["1959-1960"], ["1960"], ["1960"], ["1961"], ["1961"], ["1962"], ["1964"], ["1965"], ["1965", "1969"], ["1966"], ["1966"], ["1968"], ["1969"], ["1970"], ["1967-1971"], ["1971"], ["1971"], ["1971"], ["1972"], ["1973"], ["1974"], ["1974"], ["1974-1977"], ["1975"], ["1976"], ["1976"], ["1977"], ["1977-1978"], ["1980"], ["1981"], ["1981"], ["1981", "1989"], ["1982"], ["1982"], ["1983"], ["1983"], ["1983"], ["1984"], ["1986"], ["1987"], ["1987"], ["1987"], ["1989"], ["1991"], ["1992"], ["1993"], ["1993"], ["1993"], ["1993"], ["1994"], ["1994"], ["1995"], ["1995"], ["1948"], ["1948"], ["1948"], ["1948"], ["1949"], ["1948-1949"], ["1950"], ["1952"], ["1952", "1959", "1952", "1959", "1959"], ["1960"], ["1960"], ["1961"], ["1962"], ["1973"], ["1978"], ["1979"], ["1982"], ["1986"], ["1988"], ["1989"], ["1992"], ["1992"], ["1953"], ["1961-1966"], ["1963"], ["1963"], ["1969"], ["1982"], ["1983"], ["1987"], ["1990"], ["1991"], ["1950s"], ["1954"], ["1955"], ["1958"], ["1958"], ["1961"], ["1961"], ["1962"], ["1962"], ["1963"], ["1963"], ["1963"], ["1963"], ["1965"], ["1965"], ["1966"], ["1968"], ["1978"], ["1978"], ["1979"], ["1983"], ["1985"], ["1985"], ["1995"], ["1958"], ["1960"], ["1961"], ["1951"], ["1953"], ["1954"], ["1954"], ["1955"], ["1955"], ["1955"], ["1956"], ["1956"], ["1956"], ["1956"], ["1957"], ["1957"], ["1958"], ["1959"], ["1959"], ["1959"], ["1960"], ["1960"], ["1961"], ["1961"], ["1962"], ["1962"], ["1964"], ["1964"], ["1964"], ["1966"], ["1966"], ["1972"], ["1973"], ["1974"], ["1975"], ["1979"], ["1982"], ["1984"], ["1955"], ["1956"], ["1956"], ["1956"], ["1958"], ["1956-1957"], ["1957"], ["1960"], ["1960"], ["1964"], ["1964"], ["1970"], ["1970"], ["1986"], ["1986"], ["1954"], ["1982"], ["1955"], ["1955"], ["1956"], ["1956"], ["1956"], ["1957"], ["1958"], ["1959"], ["1959"], ["1959"], ["1959"], ["1959"], ["1960"], ["1960"], ["1961"], ["1961"], ["1961"], ["1962"], ["1962"], ["1962"], ["1962"], ["1962"], ["1962"], ["1962"], ["1963"], ["1963"], ["1963"], ["1963"], ["1963"], ["1963"], ["1964"], ["1964"], ["1964"], ["1964"], ["1964"], ["1964"], ["1964"], ["1964"], ["1964"], ["1964"], ["1965"], ["1965"], ["1965"], ["1965"], ["1965"], ["1965"], ["1965"], ["1966"], ["1966"], ["1966"], ["1966"], ["1967"], ["1967"], ["1967"], ["1967"], ["1968"], ["1968"], ["1968"], ["1968"], ["1969"], ["1969"], ["1970"], ["1970"], ["1970"], ["1971"], ["1971"], ["1971"], ["1971"], ["1971"], ["1972"], ["1972"], ["1972"], ["1973"], ["1973"], ["1974"], ["1974"], ["1974"], ["1975"], ["1977"], ["1977"], ["1978"], ["1978"], ["1978"], ["1979"], ["1980"], ["1980"], ["1981"], ["1981"], ["1981"], ["1982"], ["1983"], ["1984"], ["1985"], ["1985"], ["1985"], ["1985"], ["1985"], ["1986"], ["1987"], ["1988"], ["1989"], ["1989"], ["1991"], ["1992"], ["1992"], ["1993"], ["1995"], ["1995"], ["1955"], ["1955"], ["1955"], ["1956"], ["1956"], ["1956"], ["1957"], ["1957"], ["1957"], ["1958"], ["1958"], ["1958"], ["1958"], ["1958"], ["1958"], ["1959"], ["1959"], ["1959"], ["1960"], ["1960"], ["1960"], ["1960"], ["1960"], ["1962"], ["1962"], ["1962"], ["1962"], ["1963"], ["1977"], ["1978"], ["1980"], ["1980"], ["1981"], ["1983"], ["1983"], ["1988"], ["1955"], ["1959"], ["1960"], ["1961"], ["1961"], ["1962"], ["1962"], ["1962"], ["1963"], ["1963"], ["1964"], ["1964"], ["1965"], ["1965"], ["1966"], ["1966"], ["1966"], ["1966"], ["1966"], ["1967"], ["1968"], ["1968"], ["1969"], ["1971"], ["1971"], ["1972"], ["1972"], ["1972"], ["1973"], ["1974"], ["1974"], ["1976"], ["1977"], ["1977"], ["1978"], ["1979"], ["1979"], ["1980"], ["1981"], ["1982"], ["1983"], ["1983"], ["1983"], ["1983"], ["1984"], ["1985"], ["1985"], ["1986"], ["1987"], ["1989"], ["1993"]]}, {"col": "c2_length", "type": "INTEGER", "data": [1, 1, 1, 1, 1, 1, 1, 2, 1, 1, 1, 1, 1, 1, 1, 1, 1, 1, 1, 1, 1, 1, 1, 1, 1, 2, 1, 1, 4, 4, 1, 1, 1, 1, 1, 1, 1, 1, 1, 1, 1, 1, 1, 1, 1, 1, 1, 1, 1, 1, 1, 1, 1, 1, 2, 1, 1, 1, 1, 1, 1, 1, 1, 1, 1, 1, 1, 2, 1, 1, 1, 1, 1, 1, 1, 1, 1, 1, 1, 1, 1, 1, 1, 1, 1, 1, 1, 1, 1, 1, 2, 1, 1, 1, 1, 1, 1, 1, 1, 1, 1, 1, 1, 1, 1, 1, 1, 1, 1, 1, 1, 1, 1, 1, 1, 1, 1, 1, 1, 1, 5, 1, 1, 1, 1, 1, 1, 1, 1, 1, 1, 1, 1, 1, 1, 1, 1, 1, 1, 1, 1, 1, 1, 1, 1, 1, 1, 1, 1, 1, 1, 1, 1, 1, 1, 1, 1, 1, 1, 1, 1, 1, 1, 1, 1, 1, 1, 1, 1, 1, 1, 1, 1, 1, 1, 1, 1, 1, 1, 1, 1, 1, 1, 1, 1, 1, 1, 1, 1, 1, 1, 1, 1, 1, 1, 1, 1, 1, 1, 1, 1, 1, 1, 1, 1, 1, 1, 1, 1, 1, 1, 1, 1, 1, 1, 1, 1, 1, 1, 1, 1, 1, 1, 1, 1, 1, 1, 1, 1, 1, 1, 1, 1, 1, 1, 1, 1, 1, 1, 1, 1, 1, 1, 1, 1, 1, 1, 1, 1, 1, 1, 1, 1, 1, 1, 1, 1, 1, 1, 1, 1, 1, 1, 1, 1, 1, 1, 1, 1, 1, 1, 1, 1, 1, 1, 1, 1, 1, 1, 1, 1, 1, 1, 1, 1, 1, 1, 1, 1, 1, 1, 1, 1, 1, 1, 1, 1, 1, 1, 1, 1, 1, 1, 1, 1, 1, 1, 1, 1, 1, 1, 1, 1, 1, 1, 1, 1, 1, 1, 1, 1, 1, 1, 1, 1, 1, 1, 1, 1, 1, 1, 1, 1, 1, 1, 1, 1, 1, 1, 1, 1, 1, 1, 1, 1, 1, 1, 1, 1, 1, 1, 1, 1, 1, 1, 1, 1, 1, 1, 1, 1, 1, 1, 1, 1, 1, 1, 1, 1, 1, 1, 1, 1, 1, 1, 1, 1, 1, 1, 1, 1, 1, 1, 1, 1, 1, 1, 1, 1, 1, 1, 1, 1, 1, 1, 1, 1, 1, 1, 1, 1, 1, 1, 1, 1, 1, 1, 1, 1, 1, 1, 1, 1, 1, 1, 1, 1, 1]}, {"col": "c2_list_minimum_number", "type": "LIST INTEGER", "data": [[1957], [1958], [1961], [1962], [1964], [1967], [1971], [1973, 1979], [1976], [1977], [1981], [1981], [1982], [1982], [1983], [1985], [1988], [1988], [1988], [1990], [1991], [1992], [1992], [1993], [1994], [1994, 1995], [1959], [1964], [1963, 1963, 1966, 1963], [1964, 1964, 1966, 1966], [1967], [1968], [1970], [1971], [1973], [1974], [1974], [1980], [1981], [1983], [1984], [1984], [1984], [1971], [1987], [1987], [1987], [1989], [1990], [1991], [1991], [1994], [1995], [1995], [1951, 1989], [1955], [1958], [1958], [1959], [1959], [1960], [1960], [1961], [1961], [1962], [1964], [1965], [1965, 1969], [1966], [1966], [1968], [1969], [1970], [1967], [1971], [1971], [1971], [1972], [1973], [1974], [1974], [1974], [1975], [1976], [1976], [1977], [1977], [1980], [1981], [1981], [1981, 1989], [1982], [1982], [1983], [1983], [1983], [1984], [1986], [1987], [1987], [1987], [1989], [1991], [1992], [1993], [1993], [1993], [1993], [1994], [1994], [1995], [1995], [1948], [1948], [1948], [1948], [1949], [1948], [1950], [1952], [1952, 1959, 1952, 1959, 1959], [1960], [1960], [1961], [1962], [1973], [1978], [1979], [1982], [1986], [1988], [1989], [1992], [1992], [1953], [1961], [1963], [1963], [1969], [1982], [1983], [1987], [1990], [1991], [], [1954], [1955], [1958], [1958], [1961], [1961], [1962], [1962], [1963], [1963], [1963], [1963], [1965], [1965], [1966], [1968], [1978], [1978], [1979], [1983], [1985], [1985], [1995], [1958], [1960], [1961], [1951], [1953], [1954], [1954], [1955], [1955], [1955], [1956], [1956], [1956], [1956], [1957], [1957], [1958], [1959], [1959], [1959], [1960], [1960], [1961], [1961], [1962], [1962], [1964], [1964], [1964], [1966], [1966], [1972], [1973], [1974], [1975], [1979], [1982], [1984], [1955], [1956], [1956], [1956], [1958], [1956], [1957], [1960], [1960], [1964], [1964], [1970], [1970], [1986], [1986], [1954], [1982], [1955], [1955], [1956], [1956], [1956], [1957], [1958], [1959], [1959], [1959], [1959], [1959], [1960], [1960], [1961], [1961], [1961], [1962], [1962], [1962], [1962], [1962], [1962], [1962], [1963], [1963], [1963], [1963], [1963], [1963], [1964], [1964], [1964], [1964], [1964], [1964], [1964], [1964], [1964], [1964], [1965], [1965], [1965], [1965], [1965], [1965], [1965], [1966], [1966], [1966], [1966], [1967], [1967], [1967], [1967], [1968], [1968], [1968], [1968], [1969], [1969], [1970], [1970], [1970], [1971], [1971], [1971], [1971], [1971], [1972], [1972], [1972], [1973], [1973], [1974], [1974], [1974], [1975], [1977], [1977], [1978], [1978], [1978], [1979], [1980], [1980], [1981], [1981], [1981], [1982], [1983], [1984], [1985], [1985], [1985], [1985], [1985], [1986], [1987], [1988], [1989], [1989], [1991], [1992], [1992], [1993], [1995], [1995], [1955], [1955], [1955], [1956], [1956], [1956], [1957], [1957], [1957], [1958], [1958], [1958], [1958], [1958], [1958], [1959], [1959], [1959], [1960], [1960], [1960], [1960], [1960], [1962], [1962], [1962], [1962], [1963], [1977], [1978], [1980], [1980], [1981], [1983], [1983], [1988], [1955], [1959], [1960], [1961], [1961], [1962], [1962], [1962], [1963], [1963], [1964], [1964], [1965], [1965], [1966], [1966], [1966], [1966], [1966], [1967], [1968], [1968], [1969], [1971], [1971], [1972], [1972], [1972], [1973], [1974], [1974], [1976], [1977], [1977], [1978], [1979], [1979], [1980], [1981], [1982], [1983], [1983], [1983], [1983], [1984], [1985], [1985], [1986], [1987], [1989], [1993]]}, {"col": "c2_list_minimum_parsed", "type": "LIST TEXT", "data": [["1957"], ["1958"], ["1961"], ["1962"], ["1964"], ["1967"], ["1971"], ["1973", "1979"], ["1976"], ["1977"], ["1981"], ["1981"], ["1982"], ["1982"], ["1983"], ["1985"], ["1988"], ["1988"], ["1988"], ["1990"], ["1991"], ["1992"], ["1992"], ["1993"], ["1994"], ["1994", "1995"], ["1959"], ["1964"], ["1963", "1963", "1966", "1963"], ["1964", "1964", "1966", "1966"], ["1967"], ["1968"], ["1970"], ["1971"], ["1973"], ["1974"], ["1974"], ["1980"], ["1981"], ["1983"], ["1984"], ["1984"], ["1984"], ["1971"], ["1987"], ["1987"], ["1987"], ["1989"], ["1990"], ["1991"], ["1991"], ["1994"], ["1995"], ["1995"], ["1951", "1989"], ["1955"], ["1958"], ["1958"], ["1959"], ["1959"], ["1960"], ["1960"], ["1961"], ["1961"], ["1962"], ["1964"], ["1965"], ["1965", "1969"], ["1966"], ["1966"], ["1968"], ["1969"], ["1970"], ["1967"], ["1971"], ["1971"], ["1971"], ["1972"], ["1973"], ["1974"], ["1974"], ["1974"], ["1975"], ["1976"], ["1976"], ["1977"], ["1977"], ["1980"], ["1981"], ["1981"], ["1981", "1989"], ["1982"], ["1982"], ["1983"], ["1983"], ["1983"], ["1984"], ["1986"], ["1987"], ["1987"], ["1987"], ["1989"], ["1991"], ["1992"], ["1993"], ["1993"], ["1993"], ["1993"], ["1994"], ["1994"], ["1995"], ["1995"], ["1948"], ["1948"], ["1948"], ["1948"], ["1949"], ["1948"], ["1950"], ["1952"], ["1952", "1959", "1952", "1959", "1959"], ["1960"], ["1960"], ["1961"], ["1962"], ["1973"], ["1978"], ["1979"], ["1982"], ["1986"], ["1988"], ["1989"], ["1992"], ["1992"], ["1953"], ["1961"], ["1963"], ["1963"], ["1969"], ["1982"], ["1983"], ["1987"], ["1990"], ["1991"], [], ["1954"], ["1955"], ["1958"], ["1958"], ["1961"], ["1961"], ["1962"], ["1962"], ["1963"], ["1963"], ["1963"], ["1963"], ["1965"], ["1965"], ["1966"], ["1968"], ["1978"], ["1978"], ["1979"], ["1983"], ["1985"], ["1985"], ["1995"], ["1958"], ["1960"], ["1961"], ["1951"], ["1953"], ["1954"], ["1954"], ["1955"], ["1955"], ["1955"], ["1956"], ["1956"], ["1956"], ["1956"], ["1957"], ["1957"], ["1958"], ["1959"], ["1959"], ["1959"], ["1960"], ["1960"], ["1961"], ["1961"], ["1962"], ["1962"], ["1964"], ["1964"], ["1964"], ["1966"], ["1966"], ["1972"], ["1973"], ["1974"], ["1975"], ["1979"], ["1982"], ["1984"], ["1955"], ["1956"], ["1956"], ["1956"], ["1958"], ["1956"], ["1957"], ["1960"], ["1960"], ["1964"], ["1964"], ["1970"], ["1970"], ["1986"], ["1986"], ["1954"], ["1982"], ["1955"], ["1955"], ["1956"], ["1956"], ["1956"], ["1957"], ["1958"], ["1959"], ["1959"], ["1959"], ["1959"], ["1959"], ["1960"], ["1960"], ["1961"], ["1961"], ["1961"], ["1962"], ["1962"], ["1962"], ["1962"], ["1962"], ["1962"], ["1962"], ["1963"], ["1963"], ["1963"], ["1963"], ["1963"], ["1963"], ["1964"], ["1964"], ["1964"], ["1964"], ["1964"], ["1964"], ["1964"], ["1964"], ["1964"], ["1964"], ["1965"], ["1965"], ["1965"], ["1965"], ["1965"], ["1965"], ["1965"], ["1966"], ["1966"], ["1966"], ["1966"], ["1967"], ["1967"], ["1967"], ["1967"], ["1968"], ["1968"], ["1968"], ["1968"], ["1969"], ["1969"], ["1970"], ["1970"], ["1970"], ["1971"], ["1971"], ["1971"], ["1971"], ["1971"], ["1972"], ["1972"], ["1972"], ["1973"], ["1973"], ["1974"], ["1974"], ["1974"], ["1975"], ["1977"], ["1977"], ["1978"], ["1978"], ["1978"], ["1979"], ["1980"], ["1980"], ["1981"], ["1981"], ["1981"], ["1982"], ["1983"], ["1984"], ["1985"], ["1985"], ["1985"], ["1985"], ["1985"], ["1986"], ["1987"], ["1988"], ["1989"], ["1989"], ["1991"], ["1992"], ["1992"], ["1993"], ["1995"], ["1995"], ["1955"], ["1955"], ["1955"], ["1956"], ["1956"], ["1956"], ["1957"], ["1957"], ["1957"], ["1958"], ["1958"], ["1958"], ["1958"], ["1958"], ["1958"], ["1959"], ["1959"], ["1959"], ["1960"], ["1960"], ["1960"], ["1960"], ["1960"], ["1962"], ["1962"], ["1962"], ["1962"], ["1963"], ["1977"], ["1978"], ["1980"], ["1980"], ["1981"], ["1983"], ["1983"], ["1988"], ["1955"], ["1959"], ["1960"], ["1961"], ["1961"], ["1962"], ["1962"], ["1962"], ["1963"], ["1963"], ["1964"], ["1964"], ["1965"], ["1965"], ["1966"], ["1966"], ["1966"], ["1966"], ["1966"], ["1967"], ["1968"], ["1968"], ["1969"], ["1971"], ["1971"], ["1972"], ["1972"], ["1972"], ["1973"], ["1974"], ["1974"], ["1976"], ["1977"], ["1977"], ["1978"], ["1979"], ["1979"], ["1980"], ["1981"], ["1982"], ["1983"], ["1983"], ["1983"], ["1983"], ["1984"], ["1985"], ["1985"], ["1986"], ["1987"], ["1989"], ["1993"]]}, {"col": "c2_list_minimum_year", "type": "LIST INTEGER", "data": [[1957], [1958], [1961], [1962], [1964], [1967], [1971], [1973, 1979], [1976], [1977], [1981], [1981], [1982], [1982], [1983], [1985], [1988], [1988], [1988], [1990], [1991], [1992], [1992], [1993], [1994], [1994, 1995], [1959], [1964], [1963, 1963, 1966, 1963], [1964, 1964, 1966, 1966], [1967], [1968], [1970], [1971], [1973], [1974], [1974], [1980], [1981], [1983], [1984], [1984], [1984], [1971], [1987], [1987], [1987], [1989], [1990], [1991], [1991], [1994], [1995], [1995], [1951, 1989], [1955], [1958], [1958], [1959], [1959], [1960], [1960], [1961], [1961], [1962], [1964], [1965], [1965, 1969], [1966], [1966], [1968], [1969], [1970], [1967], [1971], [1971], [1971], [1972], [1973], [1974], [1974], [1974], [1975], [1976], [1976], [1977], [1977], [1980], [1981], [1981], [1981, 1989], [1982], [1982], [1983], [1983], [1983], [1984], [1986], [1987], [1987], [1987], [1989], [1991], [1992], [1993], [1993], [1993], [1993], [1994], [1994], [1995], [1995], [1948], [1948], [1948], [1948], [1949], [1948], [1950], [1952], [1952, 1959, 1952, 1959, 1959], [1960], [1960], [1961], [1962], [1973], [1978], [1979], [1982], [1986], [1988], [1989], [1992], [1992], [1953], [1961], [1963], [1963], [1969], [1982], [1983], [1987], [1990], [1991], [], [1954], [1955], [1958], [1958], [1961], [1961], [1962], [1962], [1963], [1963], [1963], [1963], [1965], [1965], [1966], [1968], [1978], [1978], [1979], [1983], [1985], [1985], [1995], [1958], [1960], [1961], [1951], [1953], [1954], [1954], [1955], [1955], [1955], [1956], [1956], [1956], [1956], [1957], [1957], [1958], [1959], [1959], [1959], [1960], [1960], [1961], [1961], [1962], [1962], [1964], [1964], [1964], [1966], [1966], [1972], [1973], [1974], [1975], [1979], [1982], [1984], [1955], [1956], [1956], [1956], [1958], [1956], [1957], [1960], [1960], [1964], [1964], [1970], [1970], [1986], [1986], [1954], [1982], [1955], [1955], [1956], [1956], [1956], [1957], [1958], [1959], [1959], [1959], [1959], [1959], [1960], [1960], [1961], [1961], [1961], [1962], [1962], [1962], [1962], [1962], [1962], [1962], [1963], [1963], [1963], [1963], [1963], [1963], [1964], [1964], [1964], [1964], [1964], [1964], [1964], [1964], [1964], [1964], [1965], [1965], [1965], [1965], [1965], [1965], [1965], [1966], [1966], [1966], [1966], [1967], [1967], [1967], [1967], [1968], [1968], [1968], [1968], [1969], [1969], [1970], [1970], [1970], [1971], [1971], [1971], [1971], [1971], [1972], [1972], [1972], [1973], [1973], [1974], [1974], [1974], [1975], [1977], [1977], [1978], [1978], [1978], [1979], [1980], [1980], [1981], [1981], [1981], [1982], [1983], [1984], [1985], [1985], [1985], [1985], [1985], [1986], [1987], [1988], [1989], [1989], [1991], [1992], [1992], [1993], [1995], [1995], [1955], [1955], [1955], [1956], [1956], [1956], [1957], [1957], [1957], [1958], [1958], [1958], [1958], [1958], [1958], [1959], [1959], [1959], [1960], [1960], [1960], [1960], [1960], [1962], [1962], [1962], [1962], [1963], [1977], [1978], [1980], [1980], [1981], [1983], [1983], [1988], [1955], [1959], [1960], [1961], [1961], [1962], [1962], [1962], [1963], [1963], [1964], [1964], [1965], [1965], [1966], [1966], [1966], [1966], [1966], [1967], [1968], [1968], [1969], [1971], [1971], [1972], [1972], [1972], [1973], [1974], [1974], [1976], [1977], [1977], [1978], [1979], [1979], [1980], [1981], [1982], [1983], [1983], [1983], [1983], [1984], [1985], [1985], [1986], [1987], [1989], [1993]]}, {"col": "c2_list_maximum_number", "type": "LIST INTEGER", "data": [[1957], [1958], [1961], [1962], [1964], [1967], [1971], [1973, 1979], [1976], [1977], [1981], [1981], [1982], [1982], [1983], [1985], [1988], [1988], [1988], [1990], [1991], [1992], [1992], [1993], [1994], [1994, 1995], [1959], [1964], [1966, 1963, 1966, 1963], [1966, 1964, 1966, 1966], [1967], [1968], [1970], [1971], [1973], [1974], [1975], [1980], [1981], [1983], [1984], [1984], [1984], [1986], [1987], [1987], [1987], [1989], [1990], [1991], [1991], [1994], [1995], [1995], [1951, 1989], [1955], [1958], [1958], [1959], [1960], [1960], [1960], [1961], [1961], [1962], [1964], [1965], [1965, 1969], [1966], [1966], [1968], [1969], [1970], [1971], [1971], [1971], [1971], [1972], [1973], [1974], [1974], [1977], [1975], [1976], [1976], [1977], [1978], [1980], [1981], [1981], [1981, 1989], [1982], [1982], [1983], [1983], [1983], [1984], [1986], [1987], [1987], [1987], [1989], [1991], [1992], [1993], [1993], [1993], [1993], [1994], [1994], [1995], [1995], [1948], [1948], [1948], [1948], [1949], [1949], [1950], [1952], [1952, 1959, 1952, 1959, 1959], [1960], [1960], [1961], [1962], [1973], [1978], [1979], [1982], [1986], [1988], [1989], [1992], [1992], [1953], [1966], [1963], [1963], [1969], [1982], [1983], [1987], [1990], [1991], [], [1954], [1955], [1958], [1958], [1961], [1961], [1962], [1962], [1963], [1963], [1963], [1963], [1965], [1965], [1966], [1968], [1978], [1978], [1979], [1983], [1985], [1985], [1995], [1958], [1960], [1961], [1951], [1953], [1954], [1954], [1955], [1955], [1955], [1956], [1956], [1956], [1956], [1957], [1957], [1958], [1959], [1959], [1959], [1960], [1960], [1961], [1961], [1962], [1962], [1964], [1964], [1964], [1966], [1966], [1972], [1973], [1974], [1975], [1979], [1982], [1984], [1955], [1956], [1956], [1956], [1958], [1957], [1957], [1960], [1960], [1964], [1964], [1970], [1970], [1986], [1986], [1954], [1982], [1955], [1955], [1956], [1956], [1956], [1957], [1958], [1959], [1959], [1959], [1959], [1959], [1960], [1960], [1961], [1961], [1961], [1962], [1962], [1962], [1962], [1962], [1962], [1962], [1963], [1963], [1963], [1963], [1963], [1963], [1964], [1964], [1964], [1964], [1964], [1964], [1964], [1964], [1964], [1964], [1965], [1965], [1965], [1965], [1965], [1965], [1965], [1966], [1966], [1966], [1966], [1967], [1967], [1967], [1967], [1968], [1968], [1968], [1968], [1969], [1969], [1970], [1970], [1970], [1971], [1971], [1971], [1971], [1971], [1972], [1972], [1972], [1973], [1973], [1974], [1974], [1974], [1975], [1977], [1977], [1978], [1978], [1978], [1979], [1980], [1980], [1981], [1981], [1981], [1982], [1983], [1984], [1985], [1985], [1985], [1985], [1985], [1986], [1987], [1988], [1989], [1989], [1991], [1992], [1992], [1993], [1995], [1995], [1955], [1955], [1955], [1956], [1956], [1956], [1957], [1957], [1957], [1958], [1958], [1958], [1958], [1958], [1958], [1959], [1959], [1959], [1960], [1960], [1960], [1960], [1960], [1962], [1962], [1962], [1962], [1963], [1977], [1978], [1980], [1980], [1981], [1983], [1983], [1988], [1955], [1959], [1960], [1961], [1961], [1962], [1962], [1962], [1963], [1963], [1964], [1964], [1965], [1965], [1966], [1966], [1966], [1966], [1966], [1967], [1968], [1968], [1969], [1971], [1971], [1972], [1972], [1972], [1973], [1974], [1974], [1976], [1977], [1977], [1978], [1979], [1979], [1980], [1981], [1982], [1983], [1983], [1983], [1983], [1984], [1985], [1985], [1986], [1987], [1989], [1993]]}, {"col": "c2_list_maximum_parsed", "type": "LIST TEXT", "data": [["1957"], ["1958"], ["1961"], ["1962"], ["1964"], ["1967"], ["1971"], ["1973", "1979"], ["1976"], ["1977"], ["1981"], ["1981"], ["1982"], ["1982"], ["1983"], ["1985"], ["1988"], ["1988"], ["1988"], ["1990"], ["1991"], ["1992"], ["1992"], ["1993"], ["1994"], ["1994", "1995"], ["1959"], ["1964"], ["1966", "1963", "1966", "1963"], ["1966", "1964", "1966", "1966"], ["1967"], ["1968"], ["1970"], ["1971"], ["1973"], ["1974"], ["1975"], ["1980"], ["1981"], ["1983"], ["1984"], ["1984"], ["1984"], ["1986"], ["1987"], ["1987"], ["1987"], ["1989"], ["1990"], ["1991"], ["1991"], ["1994"], ["1995"], ["1995"], ["1951", "1989"], ["1955"], ["1958"], ["1958"], ["1959"], ["1960"], ["1960"], ["1960"], ["1961"], ["1961"], ["1962"], ["1964"], ["1965"], ["1965", "1969"], ["1966"], ["1966"], ["1968"], ["1969"], ["1970"], ["1971"], ["1971"], ["1971"], ["1971"], ["1972"], ["1973"], ["1974"], ["1974"], ["1977"], ["1975"], ["1976"], ["1976"], ["1977"], ["1978"], ["1980"], ["1981"], ["1981"], ["1981", "1989"], ["1982"], ["1982"], ["1983"], ["1983"], ["1983"], ["1984"], ["1986"], ["1987"], ["1987"], ["1987"], ["1989"], ["1991"], ["1992"], ["1993"], ["1993"], ["1993"], ["1993"], ["1994"], ["1994"], ["1995"], ["1995"], ["1948"], ["1948"], ["1948"], ["1948"], ["1949"], ["1949"], ["1950"], ["1952"], ["1952", "1959", "1952", "1959", "1959"], ["1960"], ["1960"], ["1961"], ["1962"], ["1973"], ["1978"], ["1979"], ["1982"], ["1986"], ["1988"], ["1989"], ["1992"], ["1992"], ["1953"], ["1966"], ["1963"], ["1963"], ["1969"], ["1982"], ["1983"], ["1987"], ["1990"], ["1991"], [], ["1954"], ["1955"], ["1958"], ["1958"], ["1961"], ["1961"], ["1962"], ["1962"], ["1963"], ["1963"], ["1963"], ["1963"], ["1965"], ["1965"], ["1966"], ["1968"], ["1978"], ["1978"], ["1979"], ["1983"], ["1985"], ["1985"], ["1995"], ["1958"], ["1960"], ["1961"], ["1951"], ["1953"], ["1954"], ["1954"], ["1955"], ["1955"], ["1955"], ["1956"], ["1956"], ["1956"], ["1956"], ["1957"], ["1957"], ["1958"], ["1959"], ["1959"], ["1959"], ["1960"], ["1960"], ["1961"], ["1961"], ["1962"], ["1962"], ["1964"], ["1964"], ["1964"], ["1966"], ["1966"], ["1972"], ["1973"], ["1974"], ["1975"], ["1979"], ["1982"], ["1984"], ["1955"], ["1956"], ["1956"], ["1956"], ["1958"], ["1957"], ["1957"], ["1960"], ["1960"], ["1964"], ["1964"], ["1970"], ["1970"], ["1986"], ["1986"], ["1954"], ["1982"], ["1955"], ["1955"], ["1956"], ["1956"], ["1956"], ["1957"], ["1958"], ["1959"], ["1959"], ["1959"], ["1959"], ["1959"], ["1960"], ["1960"], ["1961"], ["1961"], ["1961"], ["1962"], ["1962"], ["1962"], ["1962"], ["1962"], ["1962"], ["1962"], ["1963"], ["1963"], ["1963"], ["1963"], ["1963"], ["1963"], ["1964"], ["1964"], ["1964"], ["1964"], ["1964"], ["1964"], ["1964"], ["1964"], ["1964"], ["1964"], ["1965"], ["1965"], ["1965"], ["1965"], ["1965"], ["1965"], ["1965"], ["1966"], ["1966"], ["1966"], ["1966"], ["1967"], ["1967"], ["1967"], ["1967"], ["1968"], ["1968"], ["1968"], ["1968"], ["1969"], ["1969"], ["1970"], ["1970"], ["1970"], ["1971"], ["1971"], ["1971"], ["1971"], ["1971"], ["1972"], ["1972"], ["1972"], ["1973"], ["1973"], ["1974"], ["1974"], ["1974"], ["1975"], ["1977"], ["1977"], ["1978"], ["1978"], ["1978"], ["1979"], ["1980"], ["1980"], ["1981"], ["1981"], ["1981"], ["1982"], ["1983"], ["1984"], ["1985"], ["1985"], ["1985"], ["1985"], ["1985"], ["1986"], ["1987"], ["1988"], ["1989"], ["1989"], ["1991"], ["1992"], ["1992"], ["1993"], ["1995"], ["1995"], ["1955"], ["1955"], ["1955"], ["1956"], ["1956"], ["1956"], ["1957"], ["1957"], ["1957"], ["1958"], ["1958"], ["1958"], ["1958"], ["1958"], ["1958"], ["1959"], ["1959"], ["1959"], ["1960"], ["1960"], ["1960"], ["1960"], ["1960"], ["1962"], ["1962"], ["1962"], ["1962"], ["1963"], ["1977"], ["1978"], ["1980"], ["1980"], ["1981"], ["1983"], ["1983"], ["1988"], ["1955"], ["1959"], ["1960"], ["1961"], ["1961"], ["1962"], ["1962"], ["1962"], ["1963"], ["1963"], ["1964"], ["1964"], ["1965"], ["1965"], ["1966"], ["1966"], ["1966"], ["1966"], ["1966"], ["1967"], ["1968"], ["1968"], ["1969"], ["1971"], ["1971"], ["1972"], ["1972"], ["1972"], ["1973"], ["1974"], ["1974"], ["1976"], ["1977"], ["1977"], ["1978"], ["1979"], ["1979"], ["1980"], ["1981"], ["1982"], ["1983"], ["1983"], ["1983"], ["1983"], ["1984"], ["1985"], ["1985"], ["1986"], ["1987"], ["1989"], ["1993"]]}, {"col": "c2_list_maximum_year", "type": "LIST INTEGER", "data": [[1957], [1958], [1961], [1962], [1964], [1967], [1971], [1973, 1979], [1976], [1977], [1981], [1981], [1982], [1982], [1983], [1985], [1988], [1988], [1988], [1990], [1991], [1992], [1992], [1993], [1994], [1994, 1995], [1959], [1964], [1966, 1963, 1966, 1963], [1966, 1964, 1966, 1966], [1967], [1968], [1970], [1971], [1973], [1974], [1975], [1980], [1981], [1983], [1984], [1984], [1984], [1986], [1987], [1987], [1987], [1989], [1990], [1991], [1991], [1994], [1995], [1995], [1951, 1989], [1955], [1958], [1958], [1959], [1960], [1960], [1960], [1961], [1961], [1962], [1964], [1965], [1965, 1969], [1966], [1966], [1968], [1969], [1970], [1971], [1971], [1971], [1971], [1972], [1973], [1974], [1974], [1977], [1975], [1976], [1976], [1977], [1978], [1980], [1981], [1981], [1981, 1989], [1982], [1982], [1983], [1983], [1983], [1984], [1986], [1987], [1987], [1987], [1989], [1991], [1992], [1993], [1993], [1993], [1993], [1994], [1994], [1995], [1995], [1948], [1948], [1948], [1948], [1949], [1949], [1950], [1952], [1952, 1959, 1952, 1959, 1959], [1960], [1960], [1961], [1962], [1973], [1978], [1979], [1982], [1986], [1988], [1989], [1992], [1992], [1953], [1966], [1963], [1963], [1969], [1982], [1983], [1987], [1990], [1991], [], [1954], [1955], [1958], [1958], [1961], [1961], [1962], [1962], [1963], [1963], [1963], [1963], [1965], [1965], [1966], [1968], [1978], [1978], [1979], [1983], [1985], [1985], [1995], [1958], [1960], [1961], [1951], [1953], [1954], [1954], [1955], [1955], [1955], [1956], [1956], [1956], [1956], [1957], [1957], [1958], [1959], [1959], [1959], [1960], [1960], [1961], [1961], [1962], [1962], [1964], [1964], [1964], [1966], [1966], [1972], [1973], [1974], [1975], [1979], [1982], [1984], [1955], [1956], [1956], [1956], [1958], [1957], [1957], [1960], [1960], [1964], [1964], [1970], [1970], [1986], [1986], [1954], [1982], [1955], [1955], [1956], [1956], [1956], [1957], [1958], [1959], [1959], [1959], [1959], [1959], [1960], [1960], [1961], [1961], [1961], [1962], [1962], [1962], [1962], [1962], [1962], [1962], [1963], [1963], [1963], [1963], [1963], [1963], [1964], [1964], [1964], [1964], [1964], [1964], [1964], [1964], [1964], [1964], [1965], [1965], [1965], [1965], [1965], [1965], [1965], [1966], [1966], [1966], [1966], [1967], [1967], [1967], [1967], [1968], [1968], [1968], [1968], [1969], [1969], [1970], [1970], [1970], [1971], [1971], [1971], [1971], [1971], [1972], [1972], [1972], [1973], [1973], [1974], [1974], [1974], [1975], [1977], [1977], [1978], [1978], [1978], [1979], [1980], [1980], [1981], [1981], [1981], [1982], [1983], [1984], [1985], [1985], [1985], [1985], [1985], [1986], [1987], [1988], [1989], [1989], [1991], [1992], [1992], [1993], [1995], [1995], [1955], [1955], [1955], [1956], [1956], [1956], [1957], [1957], [1957], [1958], [1958], [1958], [1958], [1958], [1958], [1959], [1959], [1959], [1960], [1960], [1960], [1960], [1960], [1962], [1962], [1962], [1962], [1963], [1977], [1978], [1980], [1980], [1981], [1983], [1983], [1988], [1955], [1959], [1960], [1961], [1961], [1962], [1962], [1962], [1963], [1963], [1964], [1964], [1965], [1965], [1966], [1966], [1966], [1966], [1966], [1967], [1968], [1968], [1969], [1971], [1971], [1972], [1972], [1972], [1973], [1974], [1974], [1976], [1977], [1977], [1978], [1979], [1979], [1980], [1981], [1982], [1983], [1983], [1983], [1983], [1984], [1985], [1985], [1986], [1987], [1989], [1993]]}], [{"col": "c3", "type": "TEXT", "data": ["\u5f26\u697d\u306e\u305f\u3081\u306e\u30ec\u30af\u30a4\u30a8\u30e0", "\u30bd\u30ea\u30c1\u30e5\u30fc\u30c8\u30fb\u30bd\u30ce\u30fc\u30eb", "\u6a39\u306e\u66f2", "\u30b3\u30ed\u30caii", "\u5730\u5e73\u7dda\u306e\u30c8\u30fc\u30ea\u30a2", "\u30af\u30ea\u30fc\u30f3", "\u51ac", "\u79cb\u5ead\u6b4c\u4e00\u5177", "\u30de\u30fc\u30b7\u30ca\u30ea\u30a2", "\u9ce5\u306f\u661f\u578b\u306e\u5ead\u306b\u964d\u308a\u308b", "\u30a2\u30fb\u30a6\u30a7\u30a4\u30fb\u30a2\u30fb\u30ed\u30fc\u30f3 ii", "\u5922\u306e\u6642", "\u96e8\u305d\u3075\u308b", "\u661f\u30fb\u5cf6", null, "\u5922\u7a93", "\u30c8\u30a5\u30a6\u30a3\u30eb\u30fb\u30cf\u30a4\u30fb\u30c8\u30ef\u30a4\u30e9\u30a4\u30c8 - \u30e2\u30fc\u30c8\u30f3\u30fb\u30d5\u30a7\u30eb\u30c8\u30de\u30f3\u306e\u8ffd\u61b6\u306b", "\u30c8\u30a5\u30ea\u30fc\u30fb\u30e9\u30a4\u30f3", null, "\u30a6\u30a3\u30b7\u30e7\u30f3\u30b9\n\u795e\u79d8\n\u9589\u3057\u305f\u773c", "\u30cf\u30a6\u30fb\u30b9\u30ed\u30fc\u30fb\u30b5\u30fb\u30a6\u30a3\u30f3\u30c8", "\u30bb\u30ec\u30e2\u30cb\u30a2\u30eb - an autumn ode -", "\u7cfb\u56f3 - \u82e5\u3044\u4eba\u305f\u3061\u306e\u305f\u3081\u306e\u97f3\u697d\u8a69 -", "\u7fa4\u5cf6s", "\u7cbe\u970a\u306e\u5ead", "\u4e09\u3064\u306e\u6620\u753b\u97f3\u697d\n\u300e\u30db\u30bb\u30fc\u30fb\u30c8\u30ec\u30b9\u300f\n\u300e\u4ed6\u4eba\u306e\u9854\u300f\n\u300e\u9ed2\u3044\u96e8\u300f", "\u30b7\u30fc\u30f3", "\u30c6\u30af\u30b9\u30c1\u30e5\u30a2\u30b9", "\u5f27(\u30a2\u30fc\u30af) \u7b2c1\u90e8\n\u30cf\u30a4\u30eb\n\u30bd\u30ea\u30c1\u30e5\u30fc\u30c8\nyour love and the crossing", "\u5f27(\u30a2\u30fc\u30af) \u7b2c2\u90e8\n\u30c6\u30af\u30b9\u30c1\u30e5\u30a2\u30b9\n\u30ea\u30d5\u30ec\u30af\u30b7\u30e7\u30f3\n\u30b3\u30fc\u30bf", "\u30ce\u30a6\u30a7\u30f3\u30cf\u30fc\u30fb\u30b9\u30c6\u30c3\u30d5\u30b9", "\u30a2\u30b9\u30c6\u30ea\u30b9\u30e0", "\u30e6\u30fc\u30ab\u30ea\u30d5\u30b9 i", "\u30ab\u30b7\u30aa\u30d8\u30a2", "\u79cb", "\u30b7\u30c6\u30a3\u30de\u30eb\u30e4", "\u30ab\u30c8\u30ec\u30fc\u30f3", "\u9060\u3044\u547c\u3072\u58f0\u306e\u5f7c\u65b9\u3078!", "\u6d77\u3078 ii\n\u591c\n\u767d\u9be8\n\u9c48\u5cac", "\u5922\u306e\u7e01\u3078", "\u8679\u3078\u5411\u304b\u3063\u3066\u3001\u30cf\u30eb\u30de", "\u30aa\u30ea\u30aa\u30f3\u3068\u30d5\u30ec\u30a2\u30c6\u30b9", "\u30ea\u30a6\u30a1\u30e9\u30f3", "\u30b7\u30a7\u30e2\u30fc", "\u30a6\u30a9\u30fc\u30bf\u30fc\u30fb\u30c8\u30ea\u30fc\u30df\u30f3\u30af", "\u30ce\u30b9\u30bf\u30eb\u30b7\u30a2 - \u30a2\u30f3\u30c8\u30ec\u30a4\u30fb\u30bf\u30eb\u30b3\u30d5\u30b9\u30ad\u30fc\u306e\u8ffd\u61b6\u306b -", "\u5915\u66ae\u308c\u306b", "\u30a2\u30fb\u30b9\u30c8\u30ea\u30f3\u30af\u30fb\u30a2\u30e9\u30a6\u30f3\u30c8\u30fb\u30aa\u30fc\u30bf\u30e0", "\u30d5\u30ed\u30e0\u30fb\u30df\u30fc\u30fb\u30d5\u30ed\u30a6\u30b9\u30fb\u30ef\u30c3\u30c8\u30fb\u30e6\u30fc\u30fb\u30b3\u30fc\u30eb\u30fb\u30bf\u30a4\u30e0", "\u30d5\u30a1\u30f3\u30bf\u30b9\u30de/\u30ab\u30f3\u30c8\u30b9", "\u5922\u306e\u5f15\u7528 - say sea, take me! -", "\u30d5\u30a1\u30f3\u30bf\u30b9\u30de/\u30ab\u30f3\u30c8\u30b9 ii", "\u30b9\u30d8\u30af\u30c8\u30e9\u30eb\u30fb\u30ab\u30f3\u30c6\u30a3\u30af\u30eb", "\u30df\u30ed\u306e\u5f6b\u523b\u306e\u3088\u3046\u306b", "\u5996\u7cbe\u306e\u8ddd\u96e2", "\u5ba4\u5185\u5354\u594f\u66f2", "\u30bd\u30f3\u30fb\u30ab\u30ea\u30af\u30e9\u30d5\u30a3 i", "\u30bd\u30f3\u30fb\u30ab\u30ea\u30af\u30e9\u30d5\u30a3 ii", "\u30b7\u30fc\u30f3", "\u30de\u30b9\u30af", "\u30bd\u30f3\u30fb\u30ab\u30ea\u30af\u30e9\u30d5\u30a3 iii", "\u30e9\u30f3\u30c8\u30b9\u30b1\u30fc\u30d5", "\u30ea\u30f3\u30af", "\u4e0d\u826f\u5c11\u5e74", "\u30b5\u30af\u30ea\u30d5\u30a1\u30a4\u30b9", "\u4e00\u67f3\u6167\u306e\u305f\u3081\u306e\u30d5\u30eb\u30fc\u30fb\u30aa\u30fc\u30ed\u30e9", "\u30bd\u30ca\u30f3\u30c8", "\u30a6\u30a1\u30ec\u30ea\u30a2", "\u60b2\u6b4c", "\u30a8\u30af\u30ea\u30d5\u30b9<\u8755>", "\u30af\u30ed\u30b9\u30fb\u30c8\u30fc\u30af", "\u30b9\u30bf\u30f3\u30b5 i", "\u56db\u5b63", "\u30e0\u30ca\u30fc\u30ea\u30fb\u30cf\u30a4\u30fb\u30e0\u30ca\u30fc\u30ea", "\u58f0(\u30a6\u30a9\u30a4\u30b9)", "\u30e6\u30fc\u30ab\u30ea\u30d5\u30b9ii", "\u30b9\u30bf\u30f3\u30b5ii", "\u30c6\u30a3\u30b9\u30bf\u30f3\u30b9", "\u65c5", "\u30ab\u30fc\u30c6\u30f3\u30fb\u30ec\u30a4\u30f3", "\u30d5\u30a9\u30ea\u30aa\u30b9", "\u30ad\u30bf\u30fc\u306e\u305f\u3081\u306e12\u306e\u3046\u305f\n\u30ed\u30f3\u30c8\u30f3\u30c6\u30ea\u30fc\u306e\u6b4c\n\u30aa\u30fc\u30cf\u30fc\u30fb\u30b5\u30fb\u30ec\u30a4\u30f3\u30db\u30fc\n\u30b5\u30de\u30fc\u30bf\u30a4\u30e0\n\u65e9\u6625\u8ce6\n\u5931\u308f\u308c\u305f\u604b\n\u661f\u306e\u4e16\u754c\n\u30b7\u30fc\u30af\u30ec\u30c3\u30c8\u30fb\u30e9\u30a6\n\u30d2\u30a2\u30fb\u30bb\u30a2\u30fb\u30a2\u30f3\u30c8\u30fb\u30a8\u30a6\u30ea\u30a6\u30a7\u30a2\n\u30df\u30c3\u30b7\u30a7\u30eb\n\u30d8\u30a4\u30fb\u30b7\u30e5\u30fc\u30c8\n\u30a4\u30a8\u30b9\u30bf\u30c6\u30a4\n\u30a4\u30f3\u30bf\u30fc\u30ca\u30b7\u30e7\u30ca\u30eb", "\u661f\u305f\u3061\u306e\u606f\u5b50 - \u7b2c\u4e00\u5e55\u3078\u306e\u524d\u594f\u66f2\u300e\u5929\u8077\u300f -", "\u30d5\u30e9\u30a4\u30b9", "\u30a6\u30a7\u30a4\u30d5\u30b9<\u6ce2>", "\u30ab\u30c8\u30ec\u30fc\u30f3ii", "\u30a6\u30a9\u30fc\u30bf\u30fc\u30a6\u30a7\u30a4\u30b9", "\u30a2\u30fb\u30a6\u30a7\u30a4\u30fb\u30a2\u30fb\u30ed\u30fc\u30f3", "\u6d77\u3078\n\u591c\n\u767d\u9be8\n\u9c48\u5cac", "\u96e8\u306e\u6a39", "\u6d77\u3078 iii\n\u591c\n\u767d\u9be8\n\u9c48\u5cac", "\u96e8\u306e\u546a\u6587", "\u30af\u30ed\u30b9\u30fb\u30cf\u30c3\u30c1", "\u30e9\u30b9\u30c8\u30fb\u30ef\u30eb\u30c4", "\u5341\u4e00\u6708\u306e\u9727\u3068\u83ca\u306e\u5f7c\u65b9\u304b\u3089", "\u63fa\u308c\u308b\u93e1\u306e\u591c\u660e\u3051\n\u79cb\n\u904e\u304d\u3066\u3086\u304f\u9ce5\n\u5f71\u306e\u4e2d\u3066\n\u63fa\u308c\u308b\u93e1", "\u30aa\u30ea\u30aa\u30f3", "\u30a2\u30f3\u30c8\u30a5\u30eb\u30fb\u30bf\u30f3", "\u30b7\u30af\u30ca\u30eb\u30b9\u30fb\u30d5\u30ed\u30e0\u30fb\u30d8\u30a6\u30f3 - two antiphonal fanfares -\n\u30c6\u30a4\u30fb\u30b7\u30af\u30ca\u30eb\n\u30ca\u30a4\u30c8\u30fb\u30b7\u30af\u30ca\u30eb", "\u30d2\u30ed\u30b7\u30de\u3068\u3044\u3046\u540d\u306e\u5c11\u5e74", "\u30aa\u30fc\u30eb\u30fb\u30a4\u30f3\u30fb\u30c8\u30ef\u30a4\u30e9\u30a4\u30c8 - \u30ad\u30bf\u30fc\u306e\u305f\u3081\u306e\u56db\u3064\u306e\u5c0f\u54c1 -", "\u5de1\u308a - \u30a4\u30b5\u30e0\u30fb\u30ce\u30af\u30c1\u306e\u8ffd\u61b6\u306b -", "\u30ad\u30bf\u30fc\u306e\u305f\u3081\u306e\u5c0f\u54c1 - \u30b7\u30eb\u30a6\u30a1\u30fc\u30ce\u30fb\u30d5\u30bd\u30c3\u30c6\u30a3\u306e60\u6b73\u306e\u8a95\u751f\u65e5\u306b -", "\u305d\u3057\u3066\u3001\u305d\u308c\u304b\u98a8\u3066\u3042\u308b\u3053\u3068\u3092\u77e5\u3063\u305f", "\u30d2\u30c8\u30a5\u30a4\u30fc\u30f3\u30fb\u30bf\u30a4\u30b9", "\u30a8\u30ad\u30ce\u30af\u30b9", "\u79cb\u306e\u3046\u305f", "\u67af\u8449", "\u9ce5\u304b\u9053\u306b\u964d\u308a\u3066\u304d\u305f", "\u5f84 - \u30a6\u30a3\u30c8\u30eb\u30c8\u30fb\u30eb\u30c8\u30b9\u30ef\u30d5\u30b9\u30ad\u306e\u8ffd\u61b6\u306b -", "\u30a8\u30a2", "\u68ee\u306e\u4e2d\u3066 - \u30ad\u30bf\u30fc\u306e\u305f\u3081\u306e\u4e09\u3064\u306e\u5c0f\u54c1 -\n\u30a6\u30a7\u30a4\u30f3\u30b9\u30b3\u30c3\u30c8\u30fb\u30db\u30f3\u30c8-\u30b3\u30fc\u30cd\u30ea\u30a2\u30fb\u30d5\u30a9\u30b9\u306e\u7d75\u753b\u304b\u3089-\n\u30ed\u30fc\u30b9\u30c6\u30fc\u30eb\n\u30df\u30e5\u30a2\u30fc\u30fb\u30a6\u30c3\u30b9", "\u304b\u3051\u3072", null, "\u30af\u30e9\u30a6\u30b5\u30f3\u306e\u305f\u3081\u306b", "\u4e8c\u3064\u306e\u30e1\u30ed\u30c6\u30a3", "\u4e8c\u3064\u306e\u5c0f\u54c1", "\u30ed\u30de\u30f3\u30b9", "\u4e8c\u3064\u306e\u30ec\u30f3\u30c8", null, "\u906e\u3089\u308c\u306a\u3044\u4f11\u606f\n\u3086\u3063\u304f\u308a\u3068\u3001\u60b2\u3057\u304f\u8a9e\u308a\u304b\u3051\u308b\u3088\u3046\u306b\n\u9759\u304b\u306b\u6b8b\u9177\u306a\u97ff\u304d\u3066\n\u611b\u306e\u6b4c", "\u3042\u308f\u308c\u307f\u305f\u307e\u3048", "\u611b\u3057\u3066", "\u30d2\u30a2\u30ce\u30fb\u30c6\u30a3\u30b9\u30bf\u30f3\u30b9", "\u30d2\u30a2\u30cb\u30b9\u30c8\u306e\u305f\u3081\u306e\u30b3\u30ed\u30ca", "\u30d5\u30a9\u30fc\u30fb\u30a2\u30a6\u30a7\u30a4", "\u3053\u3068\u3082\u306e\u305f\u3081\u306e\u30d2\u30a2\u30ce\u5c0f\u54c1\n\u5fae\u98a8\n\u96f2", "\u9589\u3057\u305f\u773c - \u7027\u53e3\u4fee\u9020\u306e\u8ffd\u61b6\u306b -", "\u96e8\u306e\u6a39\u7d20\u63cf", "\u5922\u898b\u308b\u96e8", "\u9589\u3057\u305f\u773c ii", "\u30ea\u30bf\u30cb - \u30de\u30a4\u30b1\u30eb\u30fb\u30a6\u30a1\u30a4\u30ca\u30fc\u306e\u8ffd\u61b6\u306b -", "\u96e8\u306e\u6a39\u7d20\u63cf ii - \u30aa\u30ea\u30a6\u30a3\u30a8\u30fb\u30e1\u30b7\u30a2\u30f3\u306e\u8ffd\u61b6\u306b -", "\u30b3\u30fc\u30eb\u30c6\u30f3\u30fb\u30b9\u30e9\u30f3\u30cf\u30fc\u30b9", "\u7f8e\u5e4c\u753a\u753a\u6b4c", "\u98a8\u306e\u99ac", "\u4e09\u91cd\u770c\u7acb\u56db\u65e5\u5e02\u5357\u9ad8\u7b49\u5b66\u6821\u6821\u6b4c", "\u4e09\u91cd\u770c\u4f0a\u8cc0\u5e02\u4e0a\u91ce\u897f\u5c0f\u5b66\u6821\u6821\u6b4c", "\u30af\u30ed\u30c3\u30b7\u30f3\u30af", "\u829d\u751f", "\u6771\u6751\u5c71\u5e02\u4e45\u7c73\u5ddd\u6771\u5c0f\u5b66\u6821\u6821\u6b4c", "\u624b\u4f5c\u308a\u8afa - \u56db\u3064\u306e\u30db\u30c3\u30d5\u30fb\u30bd\u30f3\u30af -", "\u30de\u30a4\u30fb\u30a6\u30a7\u30a4\u30fb\u30aa\u30d5\u30fb\u30e9\u30a4\u30d5 -\u30de\u30a4\u30b1\u30eb\u30fb\u30a6\u30a1\u30a4\u30ca\u30fc\u306e\u8ffd\u61b6\u306b", "\u79cb\u8449\u5b66\u5712\u6b4c", "mi\u30fbyo\u30fbta", "\u3055\u3088\u3046\u306a\u3089", "\u5c0f\u3055\u306a\u90e8\u5c4b\u3066", "\u3046\u305f\u3046\u305f\u3051", "\u9ed2\u3044\u7d75\u753b \u30ec\u30aa\u30ce\u30fc\u30ec\u30fb\u30d5\u30a3\u30cb\u306b\u3088\u305b\u3066", "\u604b\u306e\u304b\u304f\u308c\u3093\u307b", "\u25cb\u3068\u25b3\u306e\u6b4c", "\u74b0\u7901", "\u5c0f\u3055\u306a\u7a7a", "\u96ea", "\u898b\u3048\u306a\u3044\u3053\u3068\u3082", "\u96f2\u306b\u5411\u304b\u3063\u3066\u8d77\u3064", "\u7d20\u6674\u3089\u3057\u3044\u60aa\u5973", "\u4e09\u6708\u306e\u3046\u305f", "\u6b7b\u3093\u305f\u7537\u306e\u6b8b\u3057\u305f\u3082\u306e\u306f", "\u30ef\u30eb\u30c4", "\u3081\u304f\u308a\u9022\u3044", "\u71c3\u3048\u308b\u79cb", "\u7ffc", "\u3055\u304f\u3089 \u3055\u304f\u3089", "\u5cf6\u3078", "\u660e\u65e5\u30cf\u6674\u30ec\u30ab\u30ca\u3001\u66c7\u30ea\u30ab\u30ca", "\u307b\u3064\u306d\u3093", "\u6628\u65e5\u306e\u3057\u307f", "\u30cf\u30ca\u30f3\u30d8\u306e\u601d\u3044\u304b\u3051\u306a\u3044\u52dd\u5229\u306e\u8a71-\u30a2\u30a4\u30cc\u6c11\u8a71\u3088\u308a\u306e\u81ea\u7531\u306a\u811a\u8272-", "\u304a\u4f11\u307f!", "3\u305f\u30593\u30683\u3072\u304f3", null, "\u9280\u6cb3\u9244\u9053\u306e\u65c5", null, "\u590f\u3068\u7159", "\u672a\u6765\u306e\u30a4\u30a6", "\u91ce\u6027\u306e\u5973", "\u30a2\u30f3\u30d5\u30a3\u30c8\u30ea\u30aa\u30f338", "\u611b\u306e\u6761\u4ef6\u3008\u30aa\u30eb\u30d5\u30a7\u3068\u30e6\u30ea\u30c6\u30a3\u30b9\u3009", "\u305b\u3080\u3057\u306e\u8056\u5973", "k\u306e\u6b7b", "\u30bf\u30f3\u30bf\u30ed\u30b9\u306e\u8e0a\u308a", "\u30c8\u30ed\u30a4\u6226\u4e89\u306f\u8d77\u3053\u3089\u306a\u3044\u305f\u308d\u3046", "\u5b88\u92ad\u5974", "\u56fd\u6027\u723a", "\u6d77\u8cca", "\u6b7b\u305b\u308b\u5973\u738b", "\u6012\u308a\u3092\u8fbc\u3081\u3066\u632f\u308a\u8fd4\u308c", "\u72fc\u751f\u304d\u308d\u8c5a\u306f\u6b7b\u306d", "\u304a\u829d\u5c45\u306f\u304a\u3057\u307e\u3044", "\u304a\u307e\u3048\u306e\u6575\u306f\u304a\u307e\u3048\u305f", "\u5730\u7344\u306e\u30aa\u30eb\u30d5\u30a7", "\u9ed2\u306e\u60b2\u5287", "\u767d\u591c", "\u4e00\u30ce\u8c37\u7269\u8a9e - \u7434\u9b42 -", null, null, null, "\u30ab\u30e9\u30de\u30fc\u30bd\u30d5\u306e\u5144\u5f1f", "\u30de\u30af\u30d8\u30b9", "\u611b\u306e\u773c\u93e1\u306f\u8272\u30ab\u30e9\u30b9", "\u795d\u5178\u559c\u5287 \u30db\u30bb\u30a4\u30c8\u30f3\u306e\u4eee\u9762\u969b", "\u30b7\u30e9\u30ce\u30fb\u30c8\u30fb\u30d8\u30eb\u30b7\u30e5\u30e9\u30c3\u30af", "\u5b50\u5348\u7dda\u306e\u7940\u308a", "\u30a6\u30a3\u30f3\u30af\u30b9 - \u7ffc -", "\u6ce2\u9577(\u30a6\u30a7\u30a4\u30d5\u30ec\u30f3\u30af\u30b9)", "\u30eb\u30ea\u30a8\u30d5\u30fb\u30b9\u30bf\u30c6\u30a3\u30af", "\u30a6\u30a9\u30fc\u30ab\u30ea\u30b9\u30e0a\u30fbi", "\u6728\u30fb\u7a7a\u30fb\u9ce5", "\u30e6\u30ea\u30c6\u30a3\u30b9\u306e\u6b7b", "\u7a7a\u3001\u99ac\u3001\u305d\u3057\u3066\u6b7b", "\u30af\u30e9\u30c3\u30d5\u30fb\u30a6\u30a9\u30fc\u30ab\u30ea\u30b9\u30e0", null, "\u30af\u30ef\u30a4\u30a8\u30c8\u30fb\u30c6\u30b5\u30a4\u30f3", "\u6c34\u306e\u66f2", "\u602a\u8ac7", "\u61d0\u304b\u3057\u306e\u30b5\u30f3\u30d5\u30e9\u30f3\u30b7\u30b9\u30b3", null, "\u30c8\u30a5\u30ef\u30fc\u30c8", "\u30df\u30cd\u30a2\u30db\u30ea\u30b9\u306e\u5ead", "\u9759\u5bc2\u306e\u6d77", "\u68ee\u6c38\u30c1\u30e7\u30b3\u30ec\u30fc\u30c8", "\u30b5\u30f3\u30c8\u30ea\u30fc\u30ea\u30b5\u30fc\u30d5", "\u5317\u658e", "\u9280\u8f2a", "\u72c2\u3063\u305f\u679c\u5b9f", "\u6731\u3068\u7dd1", "\u3064\u3086\u306e\u3042\u3068\u3055\u304d", "\u571f\u7802\u964d\u308a", "\u565b\u307f\u3064\u304b\u308c\u305f\u9854\u5f79", "\u30db\u30bb\u30fc\u30fb\u30c8\u30ec\u30b9", "\u6625\u3092\u5f85\u3064\u4eba\u3005", "\u5371\u967a\u65c5\u884c", "\u3044\u305f\u3064\u3089", "\u660e\u65e5\u3078\u306e\u76db\u88c5", "\u4e7e\u3044\u305f\u6e56", "\u6ce2\u306e\u5854", "\u3082\u3059", "\u6591\u5973", "\u4e0d\u826f\u5c11\u5e74", "\u71b1\u6d77\u30d5\u30eb\u30fc\u30b9", "\u5145\u305f\u3055\u308c\u305f\u751f\u6d3b", "\u304b\u3089\u307f\u5408\u3044", "\u5207\u8179", "\u304a\u3068\u3057\u7a74", "\u6d99\u3092\u3001\u7345\u5b50\u306e\u305f\u3066\u304b\u307f\u306b", "\u88f8\u4f53", "\u30a4\u30a6\u30fb\u30af\u30e9\u30a4\u30f3 \u30e2\u30ce\u30af\u30ed\u30fc\u30e0\u306e\u753b\u5bb6", "\u53e4\u90fd", "\u7d20\u6674\u3089\u3057\u3044\u60aa\u5973", "\u592a\u5e73\u6d0b\u3072\u3068\u308a\u307b\u3063\u3061", "\u5f7c\u5973\u3068\u5f7c", "\u767d\u3068\u9ed2", "\u7802\u306e\u5973", "\u4e7e\u3044\u305f\u82b1", "\u624b\u3092\u3064\u306a\u304f\u5b50\u3089", "\u767d\u3044\u671d", "\u602a\u8ac7", "\u4e8c\u5341\u4e00\u6b73\u306e\u7236", "\u6697\u6bba", "\u65e5\u672c\u8131\u51fa", "\u5973\u4f53", "\u81ea\u52d5\u8eca\u6ce5\u68d2", "\u7f8e\u3057\u3055\u3068\u54c0\u3057\u307f\u3068", "\u6700\u5f8c\u306e\u5be9\u5224", "\u4e0d\u601d\u8b70\u306a\u30af\u30df\u30b3", "\u30d5\u30ef\u30ca\u30fb\u30c8\u30b7\u306e\u6b4c", "\u7570\u805e\u733f\u98db\u4f50\u52a9", "\u56db\u8c37\u602a\u8ac7", "\u3051\u3082\u306e\u307f\u3061", "\u7d00\u30ce\u5ddd \u82b1\u306e\u5dfb \u6587\u7dd2\u306e\u5dfb", "\u51e6\u5211\u306e\u5cf6", "\u4ed6\u4eba\u306e\u9854", "\u3042\u3053\u304b\u308c", "\u4f0a\u8c46\u306e\u8e0a\u5b50", "\u4e0a\u610f\u8a0e\u3061 \u62dd\u9818\u59bb\u59cb\u672b", "\u3042\u304b\u306d\u96f2", "\u4e71\u308c\u96f2", "\u3081\u304f\u308a\u3042\u3044", "\u71c3\u3048\u3064\u304d\u305f\u5730\u56f3", "\u65e5\u672c\u306e\u9752\u6625", "\u4eac", "\u5fc3\u4e2d\u5929\u7db2\u5cf6", "\u5f3e\u75d5", "\u6771\u4eac\u6226\u4e89\u6226\u5f8c\u79d8\u8a71", "\u3068\u3066\u3059\u304b\u3066\u3093", "\u592a\u967d\u306e\u72e9\u4eba", "\u7526\u3048\u308b\u5927\u5730", "\u5100\u5f0f", "\u3044\u306e\u3061\u307b\u3046\u306b\u3075\u308d\u3046", "\u6c88\u9ed9", "\u5929\u7687\u306e\u4e16\u7d00", "\u30b5\u30de\u30fc\u30fb\u30bd\u30eb\u30b7\u30e3\u30fc", "\u590f\u306e\u59b9", "wonder world", "\u9752\u5e7b\u8a18 \u9060\u3044\u65e5\u306e\u6bcd\u306f\u7f8e\u3057\u304f", "\u5316\u77f3\u306e\u68ee", "\u5351\u5f25\u547c", "\u3057\u3042\u308f\u305b", "\u5316\u77f3", "\u685c\u306e\u68ee\u306e\u6e80\u958b\u306e\u4e0b", "\u9306\u3072\u305f\u708e", "\u306f\u306a\u308c\u77bd\u5973\u304a\u308a\u3093", "\u611b\u306e\u4ea1\u970a", "\u71c3\u3048\u308b\u79cb", "\u30d5\u30a1\u30fc\u30e0\u30fb\u30bd\u30f3\u30af - \u300c\u65e5\u672c\u4eba\u300d\u7b2c\u4e09\u90e8 -", "\u706b\u5b85 \u80fd\u300c\u6c42\u585a\u300d\u3088\u308a", "\u5929\u5e73\u306e\u750d", "\u6c17 breathing", "\u6c34\u4fe3\u306e\u56f3\u30fb\u7269\u8a9e", "\u84ee\u5982\u3068\u305d\u306e\u6bcd", "\u30b7\u30eb\u30af\u30ed\u30fc\u30c8 - \u5149\u3068\u98a8\u3068\u97f3 -", "\u4e88\u8a00", "\u6771\u4eac\u88c1\u5224", "\u30a2\u30f3\u30c8\u30cb\u30fc\u30fb\u30ab\u30a6\u30c6\u30a3\u30fc", "\u706b\u307e\u3064\u308a", "\u4e71", "ak \u30c8\u30ad\u30e5\u30e1\u30f3\u30c8\u9ed2\u6fa4\u660e", "\u30db\u30af\u306f\u30db\u30af\u306b\u4f1a\u3044\u306b\u884c\u3063\u305f", "\u98df\u5353\u306e\u306a\u3044\u5bb6", "\u8fd1\u677e\u9580\u5de6\u885b\u9580 \u9453\u306e\u6a29\u4e09", "\u30d2\u30ed\u30b7\u30de\u3068\u3044\u3046\u540d\u306e\u5c11\u5e74", "\u5d50\u304b\u4e18", "\u9ed2\u3044\u96e8", "\u5229\u4f11", "\u30a4\u30f3\u30e9\u30f3\u30c8\u30fb\u30b7\u30fc", "\u8c6a\u59eb", "\u5922\u7a93 \u5ead\u3068\u306e\u8a9e\u3089\u3044", "\u30e9\u30a4\u30b7\u30f3\u30af\u30fb\u30b5\u30f3", "\u5199\u697d", "\u65e5\u672c\u6620\u753b\u306e\u767e\u5e74", "\u97f3\u306e\u56db\u5b63", "\u6d77\u306e\u5e7b\u60f3", "\u708e", "k\u306e\u6b7b", "\u79cb\u306e\u8776", null, null, null, "\u7537\u306e\u6b7b", "\u9854\u307e\u305f\u306f\u30c8\u30f3\u30fb\u30d5\u30a1\u30f3\u306e\u6b7b", "\u9060\u3044\u58f0", null, "\u5fc3\u4e2d\u5929\u306e\u7db2\u5cf6", null, null, null, "\u30db\u30b7\u30b7\u30e7\u30f3", null, null, "\u767d\u3044\u6050\u6016", null, null, null, null, null, "\u760b\u7672\u8001\u4eba\u65e5\u8a18", null, "\u30c1\u30e3\u30f3\u30d2\u30aa\u30f3", null, null, null, null, "\u6d25\u306e\u56fd\u4eba", "\u304b\u305f\u3061\u3082\u306a\u304f\u5bc2\u3057", "\u4e0a\u6d77\u5e7b\u5f71\u8def", "\u3066\u3093\u3057\u3083\u307f\u3061", "\u5bb6\u306a\u304d\u5b50", "\u3042\u3055\u306e\u3042\u308b\u5973", "\u65e5\u672c\u4e00\u4e5d\u516d\u3007", "\u3042\u306a\u305f\u306f\u8ab0\u3066\u3057\u3087\u3046", "\u30e0\u30c3\u30af\u30ea\u3092\u5439\u304f\u5973", "\u65e5\u672c\u306e\u6587\u69d8", "\u5ec3\u589f", "\u796d", "\u3082\u3057\u3001\u3042\u306a\u305f\u305f\u3063\u305f\u3089", "\u6b63\u585a\u306e\u5a46\u3055\u3093", "\u9752\u6625\u306e\u7891", "\u76ee\u6483\u8005", "\u3042\u308b\u5973\u306e\u5f71", "\u6e90\u6c0f\u7269\u8a9e", "\u6e90\u7fa9\u7d4c", "\u4e8c\u5341\u6b73", "\u6960\u6728\u6b63\u6210", "\u8db3\u5229\u5c0a\u6c0f", "\u3042\u306a\u305f\u306f", "\u5263", "\u6069\u8b90\u306e\u5f7c\u65b9\u306b", "\u5143\u7984\u4e00\u4ee3\u5973", "\u60aa\u4e00\u4ee3", "\u3082\u3046\u4e00\u3064\u306e\u50b7", "\u5929\u7687\u306e\u4e16\u7d00", "\u5973\u4eba\u5e7b\u60f3", "\u30a4\u30f3\u30fb\u30e2\u30fc\u30b7\u30e7\u30f3 - \u97f3\u3068\u6620\u50cf\u306b\u3088\u308b\u97f3\u697d\u4f5c\u54c1 -", "\u5316\u77f3", "\u308f\u304b\u611b", "\u79c1\u3068\u3044\u3046\u4ed6\u4eba", "\u672a\u6765\u3078\u306e\u907a\u7523", "\u51ac\u306e\u8679", "\u547d\u3082\u3044\u3089\u3059\u540d\u3082\u3044\u3089\u3059\u30fb\u897f\u90f7\u9686\u76db\u4f1d", "\u5371\u967a\u306a\u7ae5\u8a71 \u79c1\u306f\u6bba\u3055\u306a\u3044", "\u304a\u306f\u3093", "\u30eb\u30fc\u30a6\u30eb\u7f8e\u8853\u9928-\u7d62\u721b\u305f\u308b\u4eba\u985e\u306e\u907a\u7523-", "\u8d64\u7a42\u6d6a\u58eb", "\u8840\u65cf", "\u5922\u5343\u4ee3\u65e5\u8a18", "nhk\u5e02\u6c11\u5927\u5b66", "\u30b7\u30e7\u30cf\u30f3\u30cb\u306e\u9280\u6cb3 1983", "\u307e\u3042\u3048\u3048\u308f\u3044\u306a", "\u8a71\u3059\u3053\u3068\u306f\u306a\u3044", "\u6ce2\u306e\u76c6", "21\u4e16\u7d00\u306f\u8b66\u544a\u3059\u308b", "\u304a\u3055\u3093\u306e\u604b", "\u8c37\u5d0e\u30fb\u305d\u306e\u611b\u3001\u6211\u3068\u3044\u3046\u4eba\u306e\u5fc3\u306f", "\u7985\u306e\u4e16\u754c", "\u4eca\u671d\u306e\u79cb", "\u5c71\u982d\u706b-\u4f55\u3066\u3053\u3093\u306a\u306b\u6dcb\u3057\u3044\u98a8\u304b\u3075\u304f-", "\u5e7b \u6e90\u6c0f\u7269\u8a9e\u7d75\u5dfb"]}], [{"col": "c4", "type": "TEXT", "data": ["requiem for strings", "solitude sonore", "music of trees", "corona ii", "the dorian horizon", "green", "winter", "in an autumn garden", "marginalia", "a flock descends into the pentagonal garden", "a way a lone ii", "dreamtime", "rain coming", "star-isle", "lacrima", "dream/window", "twill by twilight: in memory of morton feldman", "tree line", "for lenny's birthday, variations on a theme by bernstein", "visions\nmystere\nles yeux clos", "how slow the wind", "ceremonial: an autumn ode", "family tree: musical verses for young people", "archipelago s", "spirit garden", "three film scores\n\"jose torres\"\n\"the face of another\"\n\"black rain\"", "scene", "textures", "arc, part i\npile\nsolitude\nyour love and the crossing", "arc, part ii\ntextures\nreflection\ncoda: shall begin from the end", "november steps", "asterism", "eucalypts i", "cassiopeia", "autumn", "gitimalya: bouquet of songs", "quatrain", "far calls. coming, far!", "toward the sea ii\nthe night\nmoby dick\ncape cod", "to the edge of dream", "vers, l'arc-en-ciel, palma", "orion and pleiades", "riverrun", "gemeaux", "i hear the water dreaming", "nostalghia: in memory of andrej tarkovskij", "yugure ni", "a string around autumn", "from me flows what you call time", "fantasma/cantos", "quotation the dream: say sea, take me!", "fantasma/cantos ii", "spectral canticle", "comme la sculpture de miro", "distance de fee", "concerto de chambre", "le son-calligraphie i", "le son-calligraphie ii", "scene", "masque", "le son-calligraphie iii", "landscape", "ring", "bad boy", "sacrifice", "blue aurora for toshi ichiyanagi", "sonant", "valeria", "hika (elegy)", "eclipse", "cross talk", "stanza i", "seasons", "munari by munari", "voice", "eucalypts ii", "stanza ii", "distance", "voyage", "garden rain", "folios\nfolio i\nfolio ii\nfolio iii", "12 songs for guitar\nlondonderry air\nover the rainbow\nsummertime\na song of early spring\namours perdues\nwhat a friend\nsecret love\nhere, there and everywhere\nmichelle\nhey jude\nyesterday\nthe international", "le fils des etoiles: prelude du 1er acte \"la vocation\"", "bryce", "waves", "quatrain ii", "waterways", "a way a lone", "toward the sea\nthe night\nmoby dick\ncape cod", "rain tree", "toward the sea iii\nthe night\nmoby dick\ncape cod", "rain spell", "cross hatch", "the last waltz", "from far beyond chrysanthemums and november fog", "rocking mirror daybreak\nautumn\npassing bird\nin the shadows\nrocking mirror", "orion", "entre-temps", "signals from heaven, two antiphonal fanfares\nday signal\nnight signal", "a boy named hiroshima", "all in twilight, 4 pieces", "itinerant: in memory of isamu noguchi", "a piece for guitar: for the 60th birthday of sylvano bussotti", "and then i knew 'twas wind", "between tides", "equinox", "herbstlied (autumn song)", "les feuilles mortes (autumn leaves)", "a bird came down the walk", "paths: in memoriam of witold lutos\u0142awski", "air", "in the woods, 3 pieces\nwainscot pond - after a painting by cornelia foss\nrosedale\nmuir woods", "kakehi (conduit)", "kotouta", "for harpsichord (clavecin no tame ni)", "2 melodies", "2 pieces", "romance", "lento in due movimenti\nadagio\nlento misteriosamente", "at the circus", "uninterrupted rest (pause ininterrompue)\nslowly, sadly and as if to converse with\nquietly and with a cruel reverberation\na song of love", "miserere", "love me", "piano distance", "corona for pianist(s)\nstudy for vibration\nstudy for intonation\nstudy for articulation\nstudy for expression\nstudy for conversation", "for away", "piano pieces for children\nbreeze\nclouds", "les yeux clos: in memory of shuzo takiguchi", "rain tree sketch", "rain dreaming", "les yeux clos ii", "litany: in memory of michael vyner\nadagio\nlento misterioso", "rain tree sketch ii: in memory of olivier messiaen", "golden slumbers", "bihoro song", "wind horse\nvocalise i\nspell of fingers\nvocalise ii\nvocalise iii\nlegend of the dining table and coda", "yokkaichi minami high school song, yokkaichi, mie", "kamino nishi elementary school song, iga, mie", "crossing\naccording to what", "grass", "kumegawahigashi elementary school song, higashimurayama, tokyo", "handmade proverbs, 4 pop songs\nyour eyes\nthree bonzes\ncinderella's misfortune\na farewell gift", "my way of life: in memory of michael vyner", "akiba gakuen song", "mi\u30fbyo\u30fbta", "sayonara", "in a small room (chiisana heya de)", "i just sing (utau dake)", "tableau noir", "the game of love (koi no kakurenbo)", "a song of \u25cb's (circles) and \u25b3's (triangles) (maru to sankaku no uta)", "coral island", "small sky (chiisana sora)", "la neige (yuki)", "unseen child (mienai kodomo)", "take off for the clouds (kumo ni mukatte tatsu)", "a marvelous kid (subarashii akujo)", "in the month of march (sangatsu no uta)", "all that the man left behind when he died (shinda otoko no nokoshita mono wa)", "waltz", "the encounter (meguriai)", "glowing autumn (moeru aki)", "wings (tsubasa)", "sakura sakura", "to the island (shima e)", "will tomorrow, i wonder, be cloudy or clear? (ashita wa hare kana, kumori kana)", "all alone (potsunen)", "yesterday's spot (kino no shimi)", "panampe no omoigakenai shori no hanashi, based on the ainu folklore", "be sleep baby!", "3 tasu 3 to 3 hiku 3 (3 plus 3 and 3 minus 3)", "joie de vivre", "ginga tetsudo no tabi", "romantic suite: nutcracker for children", "summer and smoke", "eve of the future", "la sauvage", "amphitryon 38", "ai no joken (orphee et eurydice)", "a hunchbacked sacred woman", "the death of k (k no shi)", "tantalos no odori", "la guerre de troie n'aura pas lieu", "l'avare", "koxinga (kokusen'ya)", "le corsaire", "la reine morte", "look back in anger", "the wolf must live, the pig must die (ookami ikiro buta wa shine)", "the play is finished (oshibai wa oshimai)", "omae no teki wa omae da", "orpheus descending", "black tragedy (kuro no higeki)", "white night (byakuya): an intermezzo", "ichinotani monogatari: kotodama", "blue aurora for toshi ichiyanagi", "time perspective for jasper johns", "seven hills events for ay-o", "the brothers karamazov", "macbeth", "love wears tinted glasses (ai no megane wa iro garasu)", "poseidon mask festival (shukuten kigeki poseidon kamensai)", "cyrano de bergerac", "festival of the meridian (shigosen no matsuri)", "wings", "wavelength", "static relief", "vocalism a\u30fbi", "tree, sky, bird (ki\u30fbsora\u30fbtori)", "la mort de eurydice", "sky, horse and death", "clap vocalism", "dialogue", "quiet design", "water music", "kwaidan", "natsukashino san francisco [longed-for san francisco]", "years of ear - what is music? -", "toward", "a minneapolis garden", "the sea is still", "morinaga chocolate", "suntory reserve", "hokusai", "ginrin", "crazed fruit", "red and green, aka midnight visitor", "the rainy season", "cloudburst (doshaburi)", "the country boss", "jose torres", "waiting for spring", "dangerous trip, aka vagabond lovers", "joking, aka love letters", null, "dry lake, aka youth in fury", null, "the shrikes", "hannyo, aka woman of tokyo", "bad boys", "atami blues", "mitasareta seikatsu (a full life)", "the inheritance", "harakiri", "pitfall", "tears in the lion's mane", "the body", "yves klein: monochrome artist", "twin sisters in kyoto", "a marvelous kid, aka wonderful bad woman", "alone on the pacific", "kanojo to kare (she and he)", "white and black", "the woman in the dunes", "pale flower", "children hand in hand", "the white dawn", "kwaidan", "our happiness alone, aka 21-year-old father", "assassination", "nippon escape", "the call of flesh", "car thieves", "with beauty and sadness", "last judgement", "le mystere koumiko", "bwana toshi", "samurai spy", "yotsuya ghost story", "beast alley", null, "captive's island", "the face of another", "once a rainy day, aka longing", "the dancing girl of izu, aka izu dancer", "samurai rebellion", "clouds at sunset", "two in the shadow, aka bellowing clouds", "two hearts in the rain, aka the encounter", "the ruined map, aka the man without a map", "hymn to a tired man", "kyo", "double suicide", "the bullet wounded", "he died after the war", "dodes'ka-den", "sun's hunter", "the earth is born again", "the ceremony", "inn of evil", "silence", null, "summer soldiers", "dear summer sister", "wonder world", "time within memory", "the petrified forest", "himiko", "happiness", "the fossil", "under the blossoming cherry trees", "incandescent flame", "ballad of orin", "empire of passion", "glowing autumn", "the japanese, a film trilogy: farm song (part iii)", null, "an ocean to cross", "breathing", "the minamata mural", "rennyo, the priest and his mother", "silk road: hikari to kaze to oto", "prophecy", "tokyo trial (tokyo verdict)", "antonio gaudi", "fire festival", "ran", "a.k", "boku wa boku ni aini itta", "the empty table, aka home without a table", "gonza the spearman", "a boy named hiroshima", "wuthering heights", "black rain", "rikyu", "the inland sea", "basara, the princess goh", "dream window: reflections on the japanese garden", "rising sun", "sharaku", "100 years of japanese cinema", "oto no shiki: symphonic poem for concrete sound objects and music", "umi no genso", "honoo", "k no shi", "aki no cho", "ningen kazoku: radio fantasy", "gendai no jujiro", "sonanhi", "otoko no shi (billy the kid): a dialogic cantata", "kao, matawa don juan no shi: radio drama in kyogen style", "tooi koe", "taiyo no shogen: radio montage", "shinju ten no amijima: radio illusion", "hiroshima 1958: a documentary poetic drama", "children's corner", "onnamen", "position: collage of voices", "kyoko no ie", "kotoba no hiroba", "shiroi kyofu: a poem composed for radio", "hitachibo kaison", "operation 1960", "kuro no kiroku 1960 nen: magarikado de furikaeru", "gun king", "kuroi nagai kage no kiroku", "futen rojin nikki", "kokoro no uchu o iku", "champion: an architectural attempted by sound", "chikatetsu no alice", "aa mujo", "toyamaru wa naze shizundaka", "tooi anata e", "tsunokunibito", "katachi mo naku sabishi", "shanghai geneiro", "denshamichi", "ienakiko", "aza no aru onna", "nippon 1960", "anata wa dare desho", "mukkuri o fuku onna", "nippon no monyo", "haikyo", "matsuri", "moshi, anata dattara", "shozuka no baasan", "seishun no hi", "mokugekisha", "aru onna no kage", "genji monogatari (the tale of genji)", "minamotono yoshitsune", "hatachi", "kusunoki masashige", "ashikaga takauji", "anata wa", "ken", "onshu no kanata ni", "genroku ichidai onna", "aku ichidai", "mo hitotsu no kizu", "tenno no seiki", "nyonin genso", "in motion: a musical work of sounds and visions", "the fossil (kaseki)", "waga ai", "watashi to iu tanin", "mirai e no isan / the legend for the future", "fuyu no niji", "inochi mo irazu, na mo irazu: saigo takamori den", "kiken na dowa: watashi wa korosanai", "ohan", "le musee du louvre: kenrantaru jinrui no isan", "ako roshi", "ketsuzoku", "yumechiyo nikki", "nhk shimin daigaku", "giovanni no ginga 1983", "maa eewaina", "hanasu koto wa nai", "nami no bon", "21 seiki wa keikokusuru", "osan no koi", "tanizaki: sono ai, ware to iu hito no kokoro wa", "zen no sekai", "kesa no aki", "santoka, nande konnani sabishii kaze fuku", "maboroshi: genji monogatari emaki"]}], [{"col": "c5", "type": "TEXT", "data": ["for string orchestra", "for orchestra", "for orchestra", "for string orchestra", "for 17 strings", "for orchestra", "for orchestra", "for gagaku orchestra", "for orchestra", "for orchestra", "for string orchestra", "for orchestra", "for chamber orchestra", "for orchestra", "for string orchestra", "for orchestra", "for orchestra", "for chamber orchestra", "for orchestra", "for orchestra", "for orchestra", "for orchestra with sho", "for narrator and orchestra", "for 21 players in 5 groups", "for orchestra", "for string orchestra", "for cello and string orchestra", "for piano and orchestra", "for piano and orchestra", "for piano and orchestra", "for biwa, shakuhachi and orchestra", "for piano and orchestra", "for flute, oboe, harp and string orchestra", "for percussion solo and orchestra", "for biwa, shakuhachi and orchestra", "for marimba and orchestra", "for clarinet, violin, cello, piano and orchestra", "for violin and orchestra", "for alto flute, harp and string orchestra", "for guitar and orchestra", "for oboe d'amore, guitar and orchestra", "for cello and orchestra", "for piano and orchestra", "for oboe, trombone, 2 orchestras and 2 conductors", "for flute and orchestra", "for violin and string orchestra", "for orchestra", "for viola and orchestra", "for 5 percussionists and orchestra", "for clarinet and orchestra", "for 2 pianos and orchestra", "for trombone and orchestra", "for violin, guitar and orchestra", "for flute, harp and orchestra", "for violin and piano", "for 13 instruments", "for 4 violins, 2 violas and 2 cellos", "for 4 violins, 2 violas and 2 cellos", "for cello and piano", "for 2 flutes", "for 4 violins, 2 violas and 2 cellos", "for 2 violins, viola and cello", "for flute, terz guitar and lute", "for 3 guitars", "for alto flute, lute and vibraphone with antique cymbales", null, "for 2 flutes, violin, cello, guitar and 2 bandoneons", "for violin, cello, guitar, electronic organ and 2 piccolos", "for violin and piano", "for biwa and shakuhachi", "for bandoneon and tape", "for guitar, harp, piano (also celesta), vibraphone and female voice (soprano)", "for 4 percussion players, or 1 percussion player and tape", "for percussion", "for flute", "for flute, oboe and harp", "for harp and tape", "for oboe and sho ad libitum", "for 3 biwa", "for brass ensemble (horn, 4 trumpets, 4 trombones, tuba)", "for guitar", "for guitar", "for flute and harp", "for flute, 2 harps and 2 percussion players", "for clarinet solo, horn, 2 trombones and bass drum", "for clarinet, violin, cello and piano", "for violin, cello, clarinet, piano, 2 harps and 2 vibraphones", "for 2 violins, viola and cello", "for alto flute and guitar (or harp)", "for 3 percussion players (or 3 keyboard players)", "for alto flute and harp", "for flute (also alto flute), clarinet, harp, piano and vibraphone", "for marimba and vibraphone (or 2 keyboard instruments)", "for guitar", "for violin and piano", "for 2 violins", "for cello and piano", "for oboe, 2 violins, viola and cello", "for 2 horns, piccolo trumpet, 4 trumpets (also 2 cornets), 4 trombones and tuba", "for 2 guitars", "for guitar", "for flute", "for guitar", "for flute, viola and harp", "for violin, cello and piano", "for guitar", "for clarinet, 2 violins, viola and cello", "for 2 violins, viola and cello", "for viola and piano", "for trumpet", "for flute", "for guitar", "for piano", "for piano", "for harpsichord", "for piano", "for piano", "for piano", "for piano", "for piano", "for piano", "for piano", "for piano", "for piano", "for 1 or more pianos", "for piano", "for piano", "for piano", "for piano", "for harpsichord", "for piano", "for piano", "for piano", "for piano", null, "for mixed chorus", null, null, "for 2 orchestras with soloists (guitar, harp, piano/celeste, vibraphone) and female chorus", "for male chorus", null, "for 6 male voices", "for baritone, mixed chorus and orchestra", null, "for voice and piano", "for voice and piano", "for voice and piano", "for voice and piano", "for speaker and chamber orchestra", "for voice and piano", "for voice and piano", "for soprano and orchestra", "for voice and piano", "for voice and piano", "for voice and piano", null, "for voice and piano", "for voice and piano", "for voice and piano", "for voice and piano", "for voice and piano", "for voice and piano", "for voice and piano", "for voice and piano", "for voice and piano", "for voice and piano", "for voice and piano", "for voice and piano", "for a chorus of five male singers and jazz band", null, null, null, null, null, null, "for tape", null, null, null, null, null, null, null, null, null, null, null, null, null, null, null, null, null, null, null, null, null, null, null, null, null, null, null, null, null, "for 2 percussion players, 2 dancers with video installation", "for tape", "for tape", "for tape", "for tape", "for tape", "for tape", "for tape", "for tape", "for tape", "for tape", "for tape", "for tape", "for tape", "for tape", "for tape", null, null, null, null, null, null, null, null, null, null, null, null, null, null, null, null, null, null, null, null, null, null, null, null, null, null, null, null, null, null, null, null, null, null, null, null, null, null, null, null, null, null, null, null, null, null, null, null, null, null, null, null, null, null, null, null, null, null, null, null, null, null, null, null, null, null, null, null, null, null, null, null, null, null, null, null, null, null, null, null, null, null, null, null, null, null, null, null, null, null, null, null, null, null, null, null, null, null, null, null, null, null, null, null, null, null, null, null, null, null, null, null, null, null, null, null, null, null, null, null, null, null, null, null, null, null, null, null, null, null, null, null, null, null, null, null, null, null, null, null, null, null, null, null, null, null, null, null, null, null, null, null, null, null, null, null, null, null, null, null, null, null, null, null, null, null, null, null, null, null, null, null, null, null, null, null, null, null, null, null, null, null, null, null, null, null, null, null, null, null, null, null, null, null, null, null, null]}], [{"col": "c6", "type": "TEXT", "data": [null, null, null, "uses graphic notation; written in collaboration with kohei sugiura", null, null, null, null, null, null, null, null, null, null, null, null, "composed in memory of composer morton feldman", "early title: \u4e26\u6728 (namiki?)", "1 of the 8 variations on \"new york, new york, it's a wonderful town\" from on the town and other themes written for leonard bernstein's 70th birthday; collaborative composition with luciano berio, leon kirchner, john williams, jacob druckman, et al", null, null, null, "words by shuntaro tanikawa", "group a: oboe (oboe d'amore), violin, viola, violoncello, double bass, harp, percussion (1 player)\ngroup b: horn i, horn ii, trumpet, trombone i, trombone ii\ngroup c: flute (alto flute), bassoon, violin, viola, violoncello, celesta, percussion (1 player)\ngroup d: clarinet\ngroup e: clarinet", null, null, "also for cello and piano", "incorporated into arc, part ii", "revised in 1976", "revised in 1976", null, null, null, null, null, null, null, null, null, null, null, null, null, null, null, "composed in memory of filmmaker andrei tarkovsky", "arrangement", null, null, "winner of the 1994 grawemeyer award for music composition", null, null, null, "incomplete; takemitsu's last work inspired by the sculpture of joan miro", null, null, null, null, "also for cello and string orchestra", null, null, null, null, "arranged for 2 guitars by norio sato", null, "chance operation composition for toshi ichiyanagi", "revised as valeria in 1969", "revised version of sonant (1965)", null, null, null, null, "also version for traditional japanese musical instruments", null, null, null, null, null, null, null, null, "transcriptions\n1. irish folk song\n2. music by harold arlen\n3. music by george gershwin\n4. music by akira nakada (\u4e2d\u7530\u7ae0)\n5. music by joseph kosma\n6. music by charles crozat converse\n7. music by sammy fain\n8.~11. music by the beatles: paul mccartney and john lennon\n12. music by pierre de geyter", "arrangement", null, null, null, null, null, null, "after kenzaburo oe's 1982 serial novel women listening to the rain tree (\u300c\u96e8\u306e\u6728\u300d\u3092\u8074\u304f\u5973\u305f\u3061)", null, null, null, "arrangement", null, null, null, null, null, null, "written for julian bream", "composed in memory of japanese american artist isamu noguchi", "sylvano bussotti", null, null, null, "arrangement from the seasons, op. 37a, by tchaikovsky", "arrangement of the song by joseph kosma", null, "composed in memory of composer witold lutos\u0142awski", "last published work", null, null, null, null, "incomplete", null, null, "revised as litany in 1989", null, "after a poem by shuzo takiguchi (\u7027\u53e3\u4fee\u9020); also known as uninterrupted rest(s) and la pause ininterrompue", "jazz composition", "jazz composition", null, "uses graphic notation; written in collaboration with kohei sugiura", null, null, "composed in memory of japanese poet shuzo takiguchi (\u7027\u53e3\u4fee\u9020)", null, null, null, "composed in memory of michael vyner; revision of lento in due movimenti (1950)", "composed in memory of composer olivier messiaen", "arrangement from abbey road by the beatles", "city song for bihoro, hokkaido; words by koichi oshita (\u5927\u4e0b\u5b5d\u4e00)", null, "school song; words by shuntaro tanikawa", "school song; words by keiji hashimoto (\u6a4b\u672c\u9d8f\u4e8c)", null, "words by shuntaro tanikawa; english words by w. s. merwin; commissioned by the harvard glee club", "school song; words by shuntaro tanikawa", "words by shuzo takiguchi (\u7027\u53e3\u4fee\u9020)", "composed in memory of michael vyner", "school song; words by makoto ooka", "early melody for a film score that remained used; completed in 1996 after takemitsu's death by toshiro mayuzumi; words by shuntaro tanikawa", "words by kuniharu akiyama (\u79cb\u5c71\u90a6\u6674)", "words by akira kawaji (\u5ddd\u8def\u660e)", "words by shuntaro tanikawa", "words by kuniharu akiyama (\u79cb\u5c71\u90a6\u6674); inspired by the art of leonor fini", "words by shuntaro tanikawa", "words by the composer", "words by makoto ooka", "words by the composer", "french words by shin'ichi segi (\u702c\u6728\u614e\u4e00); theme song from the 1963 film white and black (\u767d\u3068\u9ed2)", "words by shuntaro tanikawa", "song for a television drama; words by shuntaro tanikawa", "spanish words by fumio nagata (\u6c38\u7530\u6587\u592b); theme song from the 1978 film a marvelous kid", "words by shuntaro tanikawa", "words by shuntaro tanikawa", "german words by tatsuji iwabuchi (\u5ca9\u6df5\u9054\u6cbb); from the 1966 film the face of another", "words by ichiro araki (\u8352\u6728\u4e00\u90ce); theme song from the 1968 film two hearts in the rain", "words by hiroyuki itsuki (\u4e94\u6728\u5bdb\u4e4b); theme song from the 1978 film glowing autumn", "words by the composer", "japanese folk song", "words by mitsuru izawa", "words by the composer", "words by shuntaro tanikawa", "words by shuntaro tanikawa", null, null, null, "ballet", "fantastic ballet", "children's ballet; collaboration with jun date after tchaikovsky", "incidental music for the play by tennessee williams", "ballet; musical collaboration with composer toshiro mayuzumi", "incidental music for the play by jean anouilh", "incidental music for the play by jean giraudoux", "incidental music for a version of the play eurydice by jean anouilh", "incidental music a reworking of the play ardele ou la marguerite by jean anouilh", "incidental music for the play by shuntaro tanikawa", "incidental music for the play by rinzo shiina", "incidental music for the play the trojan war will not take place by jean giraudoux", "incidental music for the play by moliere", "incidental music for the puppet play the battles of coxinga by chikamatsu monzaemon", "incidental music for the play by marcel achard", "incidental music for the play by henry de montherlant", "incidental music for the 1956 play by john osborne", "incidental music for the 1963 play by shintaro ishihara", "incidental music for the play by shuntaro tanikawa", "incidental music for the play by jun ishikawa", "incidental music for the play by tennessee williams", "incidental music for the play by seiichi yashiro (\u77e2\u4ee3\u9759\u4e00)", "incidental music for the play by shuji terayama", "incidental music for the play by shintaro ishihara", "theatre piece", "theatre piece", "theatre piece", "incidental music for the play by fyodor dostoyevsky", "incidental music for the play by william shakepeare", "incidental music for the 1973 play by kobo abe", "incidental music for the 1973 play by kunio tsuji", "incidental music for the play by edmond rostand", "incidental music for the play by junji kinoshita", "incidental music for the play by arthur kopit", "theatrical work; unfinished", null, "musique concrete", "musique concrete", null, null, null, null, null, null, null, null, null, null, null, null, null, null, "not produced", "also known as bicycle in dream", "directed by ko nakahira; co-composed with masaru sato; also known as juvenile passions", "directed by noboru nakamura", "directed by noboru nakamura", "directed by noboru nakamura", "directed by noboru nakamura", "directed by hiroshi teshigahara", "directed by noboru nakamura", "directed by noboru nakamura", "directed by noboru nakamura", "directed by noboru nakamura", "directed by masahiro shinoda", "directed by noboru nakamura", "directed by minoru shibuya", "directed by noboru nakamura", "directed by susumu hani", "directed by donald richie", "directed by susumu hani", "directed by masaki kobayashi", "directed by masaki kobayashi", "directed by hiroshi teshigahara", "directed by masahiro shinoda", "directed by masashige narisawa (\u6210\u6fa4\u660c\u8302)", "directed by shin'ichi segi (\u702c\u6728\u614e\u4e00); documentary film about yves klein", "directed by noboru nakamura", "directed by hideo onchi", "directed by kon ichikawa", "directed by susumu hani", "directed by hiromichi horikawa (\u5800\u5ddd\u5f18\u901a)", "directed by hiroshi teshigahara", "directed by masahiro shinoda", "directed by susumu hani", "directed by hiroshi teshigahara", "directed by masaki kobayashi", "directed by noboru nakamura", "directed by masahiro shinoda", "directed by yoshishige yoshida", "directed by hideo onchi", "directed by yoshinori wada (\u548c\u7530\u5609\u8a13)", "directed by masahiro shinoda; based on the novel beauty and sadness by yasunari kawabata", "directed by hiromichi horikawa (\u5800\u5ddd\u5f18\u901a)", "directed by chris marker; documentary film", "directed by susumu hani", "directed by masahiro shinoda", "directed by shiro toyoda", "directed by eizo sugawa; based on the novel beast alley by seicho matsumoto", "directed by noboru nakamura; based on the novel the river ki by sawako ariyoshi", "directed by masahiro shinoda", "directed by hiroshi teshigahara; film adaptation of the novel by kobo abe", "directed by hideo onchi", "directed by hideo onchi; film adaptation of the novel by yasunari kawabata", "directed by masaki kobayashi", "directed by masahiro shinoda", "directed by mikio naruse", "directed by hideo onchi", "directed by hiroshi teshigahara; based on the novel the ruined map by kobo abe", "directed by masaki kobayashi", "directed by kon ichikawa; documentary film", "directed by masahiro shinoda", "directed by shiro moritani (\u68ee\u8c37\u53f8\u90ce)", "directed by nagisa oshima; also known as the man who left his will on film", "directed by akira kurosawa", "directed by hideo onchi; documentary film", "directed by noboru nakamura", "directed by nagisa oshima", "directed by masaki kobayashi", "directed by masahiro shinoda", null, "directed by hiroshi teshigahara", "directed by nagisa oshima", "documentary film", "directed by toichiro narushima (\u6210\u5cf6\u6771\u4e00\u90ce)", "directed by masahiro shinoda", "directed by masahiro shinoda", "directed by hideo onchi", "directed by masaki kobayashi; based on the novel by yasushi inoue", "directed by masahiro shinoda", "directed by masahisa sadanaga (\u8c9e\u6c38\u65b9\u4e45)", "directed by masahiro shinoda", "directed by nagisa oshima", "directed by masaki kobayashi", "directed by john nathan; documentary film", "directed by kihachiro kawamoto; live action animation film", "directed by kei kumai", "directed by toshio matsumoto", "directed by noriaki tsuchimoto; documentary film", "directed by kihachiro kawamoto; live action animation film", "documentary film (soundtrack for a video disc)", "directed by susumu hani", "directed by masaki kobayashi; documentary film", "directed by hiroshi teshigahara; documentary film", "directed by mitsuo yanagimachi", "directed by akira kurosawa", "directed by chris marker; documentary film", "documentary film", "directed by masaki kobayashi", "directed by masahiro shinoda; after a play by chikamatsu monzaemon", "directed by yoshiya sugata (\u83c5\u7530\u826f\u54c9)", "directed by yoshishige yoshida; based on the novel by emily bronte", "directed by shohei imamura", "directed by hiroshi teshigahara", "directed by lucille carra; documentary film", "directed by hiroshi teshigahara", "directed by john junkerman; documentary film", "directed by philip kaufman", "directed by masahiro shinoda", "directed by nagisa oshima; documentary film", "composition for radio", "composition for radio", "radio drama", "radio drama", "radio drama", "radio drama", "radio documentary", "radio drama", "radio drama", "radio drama", "radio drama", "radio drama", "radio drama", "radio drama", "radio drama", "radio drama", "composition for radio", "radio drama", "educational radio program", "radio drama", "radio drama", "radio drama", "radio documentary", "radio drama", "radio drama", "radio drama", "radio drama", "radio drama", "radio drama", "radio drama", "radio drama", "radio drama", "radio reading of the novel by muro saisei", "radio drama", "radio drama", "radio drama", "children's television program", "television drama", "television documentary", "television drama", "television drama", "television documentary", "television documentary", "television drama", "television drama", "television drama", "television documentary", "television drama", "television drama", "television drama", "television drama", "television drama", "television drama", "television drama", "television documentary", "television drama", "television drama", "television drama", "television drama", "television drama", "television drama", "television drama", "television broadcast", "television drama", "television drama", "television drama", "television documentary", "television drama", "television drama about saigo takamori", "television drama", "television drama", "television documentary", "television drama", "television drama", "television drama", "educational television program", "visual poem broadcast on television", "television drama", "television drama", "television drama", "television documentary", "television drama", "television drama", "television documentary", "television drama", "television drama", "television drama"]}]], "is_list": {"id": false, "agg": false, "c1": false, "c2": false, "c2_list": true, "c2_length": false, "c2_list_minimum_number": true, "c2_list_minimum_parsed": true, "c2_list_minimum_year": true, "c2_list_maximum_number": true, "c2_list_maximum_parsed": true, "c2_list_maximum_year": true, "c3": false, "c4": false, "c5": false, "c6": false}}