{"headers": ["id", "agg", "place", "team", "played", "won", "draw", "lost", "goals\nscored", "goals\nconceded", "+/-", "points"], "types": ["id", "agg", "number", "text", "number", "number", "number", "number", "number", "number", "number", "number"], "contents": [[{"col": "id", "type": "INTEGER", "data": [1, 2, 3, 4, 5, 6, 7, 8, 9, 10]}], [{"col": "agg", "type": "INTEGER", "data": [0, 0, 0, 0, 0, 0, 0, 0, 0, 0]}], [{"col": "c1", "type": "TEXT", "data": ["1", "2", "3", "4", "5", "6", "7", "8", "9", "10"]}, {"col": "c1_number", "type": "REAL", "data": [1.0, 2.0, 3.0, 4.0, 5.0, 6.0, 7.0, 8.0, 9.0, 10.0]}], [{"col": "c2", "type": "TEXT", "data": ["c.d. fas", "c.d. aguila", "c.d. luis angel firpo", "san salvador f.c", "alianza f.c", "a.d. isidro metapan", "municipal limeno", "c.d. arcense", "chalatenango", "c.d. atletico balboa"]}], [{"col": "c3", "type": "TEXT", "data": ["18", "18", "18", "18", "18", "18", "18", "18", "18", "18"]}, {"col": "c3_number", "type": "REAL", "data": [18.0, 18.0, 18.0, 18.0, 18.0, 18.0, 18.0, 18.0, 18.0, 18.0]}], [{"col": "c4", "type": "TEXT", "data": ["10", "9", "7", "8", "8", "4", "5", "2", "4", "4"]}, {"col": "c4_number", "type": "REAL", "data": [10.0, 9.0, 7.0, 8.0, 8.0, 4.0, 5.0, 2.0, 4.0, 4.0]}], [{"col": "c5", "type": "TEXT", "data": ["6", "4", "7", "4", "4", "9", "5", "11", "5", "3"]}, {"col": "c5_number", "type": "REAL", "data": [6.0, 4.0, 7.0, 4.0, 4.0, 9.0, 5.0, 11.0, 5.0, 3.0]}], [{"col": "c6", "type": "TEXT", "data": ["2", "5", "4", "6", "6", "5", "8", "5", "9", "11"]}, {"col": "c6_number", "type": "REAL", "data": [2.0, 5.0, 4.0, 6.0, 6.0, 5.0, 8.0, 5.0, 9.0, 11.0]}], [{"col": "c7", "type": "TEXT", "data": ["27", "38", "25", "31", "26", "20", "27", "23", "13", "15"]}, {"col": "c7_number", "type": "REAL", "data": [27.0, 38.0, 25.0, 31.0, 26.0, 20.0, 27.0, 23.0, 13.0, 15.0]}], [{"col": "c8", "type": "TEXT", "data": ["13", "26", "18", "27", "24", "23", "29", "32", "22", "31"]}, {"col": "c8_number", "type": "REAL", "data": [13.0, 26.0, 18.0, 27.0, 24.0, 23.0, 29.0, 32.0, 22.0, 31.0]}], [{"col": "c9", "type": "TEXT", "data": ["14", "12", "7", "4", "2", "-3", "-2", "-11", "-9", "-24"]}, {"col": "c9_number", "type": "REAL", "data": [14.0, 12.0, 7.0, 4.0, 2.0, -3, -2, -11, -9, -24]}], [{"col": "c10", "type": "TEXT", "data": ["36", "31", "28", "28", "28", "21", "20", "17", "17", "15"]}, {"col": "c10_number", "type": "REAL", "data": [36.0, 31.0, 28.0, 28.0, 28.0, 21.0, 20.0, 17.0, 17.0, 15.0]}]], "is_list": {"id": false, "agg": false, "c1": false, "c1_number": false, "c2": false, "c3": false, "c3_number": false, "c4": false, "c4_number": false, "c5": false, "c5_number": false, "c6": false, "c6_number": false, "c7": false, "c7_number": false, "c8": false, "c8_number": false, "c9": false, "c9_number": false, "c10": false, "c10_number": false}}