{"headers": ["id", "agg", "tie no", "home team", "score", "away team", "attendance"], "types": ["id", "agg", "number", "text", "score", "text", "number"], "contents": [[{"col": "id", "type": "INTEGER", "data": [1, 2, 3, 4, 5, 6, 7, 8, 9, 10, 11, 12, 13, 14, 15, 16, 17, 18, 19, 20, 21, 22, 23, 24]}], [{"col": "agg", "type": "INTEGER", "data": [0, 0, 0, 0, 0, 0, 0, 0, 0, 0, 0, 0, 0, 0, 0, 0, 0, 0, 0, 0, 0, 0, 0, 0]}], [{"col": "c1", "type": "TEXT", "data": ["1", "2", "replay", "3", "4", "5", "6", "7", "8", "9", "replay", "10", "11", "12", "replay", "13", "14", "15", "16", "replay", "17", "18", "19", "20"]}, {"col": "c1_number", "type": "REAL", "data": [1.0, 2.0, null, 3.0, 4.0, 5.0, 6.0, 7.0, 8.0, 9.0, null, 10.0, 11.0, 12.0, null, 13.0, 14.0, 15.0, 16.0, null, 17.0, 18.0, 19.0, 20.0]}], [{"col": "c2", "type": "TEXT", "data": ["blackpool", "chesterfield", "southend united", "canvey island", "macclesfield town", "swindon town", "tranmere rovers", "wycombe wanderers", "brighton & hove albion", "plymouth argyle", "bristol rovers", "hull city", "altrincham", "exeter city", "dagenham & redbridge", "scunthorpe united", "mansfield town", "cardiff city", "halifax town", "stoke city", "york city", "peterborough united", "leyton orient", "hinckley united"]}], [{"col": "c3", "type": "TEXT", "data": ["2-0", "1-1", "2 - 0", "1-0", "4-1", "3-2", "6-1", "3-0", "2-1", "1-1", "3 - 2", "2-3", "1-2", "0-0", "3 - 0", "3-2", "4-0", "3-0", "1-1", "3 - 0", "2-0", "1-0", "2-1", "0-2"]}, {"col": "c3_number", "type": "INTEGER", "data": [2, 1, 2, 1, 4, 3, 6, 3, 2, 1, 3, 2, 1, 0, 3, 3, 4, 3, 1, 3, 2, 1, 2, 0]}, {"col": "c3_number1", "type": "INTEGER", "data": [2, 1, 2, 1, 4, 3, 6, 3, 2, 1, 3, 2, 1, 0, 3, 3, 4, 3, 1, 3, 2, 1, 2, 0]}, {"col": "c3_number2", "type": "INTEGER", "data": [0, 1, 0, 0, 1, 2, 1, 0, 1, 1, 2, 3, 2, 0, 0, 2, 0, 0, 1, 0, 0, 0, 1, 2]}], [{"col": "c4", "type": "TEXT", "data": ["rochdale", "southend united", "chesterfield", "northampton town", "swansea city", "hereford united", "carlisle united", "notts county", "rushden & diamonds", "bristol rovers", "plymouth argyle", "oldham athletic", "darlington", "dagenham & redbridge", "exeter city", "brentford", "huddersfield town", "port vale", "stoke city", "halifax town", "reading", "bournemouth", "lincoln city", "cheltenham town"]}], [{"col": "c5", "type": "TEXT", "data": [null, null, null, null, null, null, null, null, "5647", null, null, "9422", null, null, null, null, "6836", null, "3335", "4356", null, null, null, null]}, {"col": "c5_number", "type": "REAL", "data": [null, null, null, null, null, null, null, null, 5647.0, null, null, 9422.0, null, null, null, null, 6836.0, null, 3335.0, 4356.0, null, null, null, null]}]], "is_list": {"id": false, "agg": false, "c1": false, "c1_number": false, "c2": false, "c3": false, "c3_number": false, "c3_number1": false, "c3_number2": false, "c4": false, "c5": false, "c5_number": false}}