{"headers": ["id", "agg", "year", "single", "us cashbox", "us hot 100", "uk singles"], "types": ["id", "agg", "number", "text", "number", "number", "number"], "contents": [[{"col": "id", "type": "INTEGER", "data": [1, 2, 3, 4, 5, 6, 7, 8, 9, 10, 11, 12, 13]}], [{"col": "agg", "type": "INTEGER", "data": [0, 0, 0, 0, 0, 0, 0, 0, 0, 0, 0, 0, 0]}], [{"col": "c1", "type": "TEXT", "data": ["1969", "1970", "1971", "1971", "1972", "1973", "1973", "1974", "1974", "1974", "1977", "1977", "1979"]}, {"col": "c1_number", "type": "INTEGER", "data": [1969, 1970, 1971, 1971, 1972, 1973, 1973, 1974, 1974, 1974, 1977, 1977, 1979]}], [{"col": "c2", "type": "TEXT", "data": ["\"rock & roll holiday\"", "\"be-bop confidential\"", "\"roadrunner\"", "\"that's fine\"", "\"the red back spider\"", "\"let your yeah be yeah\"", "\"smokin' in the boys room\"", "\"i'm the leader of the gang\"", "\"kings of the party\"", "\"i got it bad for you\"", "\"lady (put the light on me)\"", "\"the martian boogie\"", "\"love stealer\""]}], [{"col": "c3", "type": "TEXT", "data": [null, null, null, null, "85", "60", "2", "26", "31", null, "44", "45", null]}, {"col": "c3_number", "type": "REAL", "data": [null, null, null, null, 85.0, 60.0, 2.0, 26.0, 31.0, null, 44.0, 45.0, null]}], [{"col": "c4", "type": "TEXT", "data": [null, null, null, null, "96", "57", "3", "48", "31", null, "46", "59", null]}, {"col": "c4_number", "type": "REAL", "data": [null, null, null, null, 96.0, 57.0, 3.0, 48.0, 31.0, null, 46.0, 59.0, null]}], [{"col": "c5", "type": "TEXT", "data": [null, null, null, null, null, "52", "27", null, null, null, null, null, null]}, {"col": "c5_number", "type": "REAL", "data": [null, null, null, null, null, 52.0, 27.0, null, null, null, null, null, null]}]], "is_list": {"id": false, "agg": false, "c1": false, "c1_number": false, "c2": false, "c3": false, "c3_number": false, "c4": false, "c4_number": false, "c5": false, "c5_number": false}}