{"headers": ["id", "agg", "draw", "artist", "song", "points", "place"], "types": ["id", "agg", "number", "text", "text", "number", "rank"], "contents": [[{"col": "id", "type": "INTEGER", "data": [1, 2, 3, 4, 5, 6, 7, 8]}], [{"col": "agg", "type": "INTEGER", "data": [0, 0, 0, 0, 0, 0, 0, 0]}], [{"col": "c1", "type": "TEXT", "data": ["1", "2", "3", "4", "5", "6", "7", "8"]}, {"col": "c1_number", "type": "REAL", "data": [1.0, 2.0, 3.0, 4.0, 5.0, 6.0, 7.0, 8.0]}], [{"col": "c2", "type": "TEXT", "data": ["the memories", "ann breen", "fran meen", "dreams", "connor stevens", "linda martin and friends", "maggie toal", "liam reilly"]}], [{"col": "c3", "type": "TEXT", "data": ["\"if it means losing you\"", "\"oh, darling\"", "\"say that you love me\"", "\"sin sin (\"that's that\")\"", "\"count on me\"", "\"all the people in the world\"", "\"feed him with love\"", "\"somewhere in europe\""]}], [{"col": "c4", "type": "TEXT", "data": ["57", "80", "66", "73", "88", "105", "61", "130"]}, {"col": "c4_number", "type": "REAL", "data": [57.0, 80.0, 66.0, 73.0, 88.0, 105.0, 61.0, 130.0]}], [{"col": "c5", "type": "TEXT", "data": ["8th", "4th", "6th", "5th", "3rd", "2nd", "7th", "1st"]}, {"col": "c5_number", "type": "REAL", "data": [8.0, 4.0, 6.0, 5.0, 3.0, 2.0, 7.0, 1.0]}]], "is_list": {"id": false, "agg": false, "c1": false, "c1_number": false, "c2": false, "c3": false, "c4": false, "c4_number": false, "c5": false, "c5_number": false}}