{"headers": ["id", "agg", "year", "political rights", "civil liberties", "status", "president"], "types": ["id", "agg", "number", "number", "number", "text", "text"], "contents": [[{"col": "id", "type": "INTEGER", "data": [1, 2, 3, 4, 5, 6, 7, 8, 9, 10, 11, 12, 13, 14, 15, 16, 17, 18, 19, 20, 21, 22, 23, 24, 25, 26, 27, 28, 29, 30, 31, 32, 33, 34, 35, 36, 37, 38, 39, 40]}], [{"col": "agg", "type": "INTEGER", "data": [0, 0, 0, 0, 0, 0, 0, 0, 0, 0, 0, 0, 0, 0, 0, 0, 0, 0, 0, 0, 0, 0, 0, 0, 0, 0, 0, 0, 0, 0, 0, 0, 0, 0, 0, 0, 0, 0, 0, 0]}], [{"col": "c1", "type": "TEXT", "data": ["1972", "1973", "1974", "1975", "1976", "1977", "1978", "1979", "1980", "1981", "1982", "1983", "1984", "1985", "1986", "1987", "1988", "1989", "1990", "1991", "1992", "1993", "1994", "1995", "1996", "1997", "1998", "1999", "2000", "2001", "2002", "2003", "2004", "2005", "2006", "2007", "2008", "2009", "2010", "2011"]}, {"col": "c1_number", "type": "INTEGER", "data": [1972, 1973, 1974, 1975, 1976, 1977, 1978, 1979, 1980, 1981, 1982, 1983, 1984, 1985, 1986, 1987, 1988, 1989, 1990, 1991, 1992, 1993, 1994, 1995, 1996, 1997, 1998, 1999, 2000, 2001, 2002, 2003, 2004, 2005, 2006, 2007, 2008, 2009, 2010, 2011]}], [{"col": "c2", "type": "TEXT", "data": ["6", "6", "7", "7", "7", "7", "7", "7", "7", "7", "7", "7", "7", "7", "7", "7", "6", "7", "6", "6", "5", "3", "3", "3", "7", "7", "7", "5", "4", "4", "4", "4", "3", "3", "3", "3", "3", "5", "5", "3"]}, {"col": "c2_number", "type": "REAL", "data": [6.0, 6.0, 7.0, 7.0, 7.0, 7.0, 7.0, 7.0, 7.0, 7.0, 7.0, 7.0, 7.0, 7.0, 7.0, 7.0, 6.0, 7.0, 6.0, 6.0, 5.0, 3.0, 3.0, 3.0, 7.0, 7.0, 7.0, 5.0, 4.0, 4.0, 4.0, 4.0, 3.0, 3.0, 3.0, 3.0, 3.0, 5.0, 5.0, 3.0]}], [{"col": "c3", "type": "TEXT", "data": ["6", "6", "6", "6", "6", "6", "6", "6", "6", "6", "6", "6", "6", "6", "6", "6", "6", "6", "5", "5", "4", "4", "5", "5", "5", "5", "5", "5", "4", "4", "4", "4", "3", "3", "3", "4", "4", "4", "4", "4"]}, {"col": "c3_number", "type": "REAL", "data": [6.0, 6.0, 6.0, 6.0, 6.0, 6.0, 6.0, 6.0, 6.0, 6.0, 6.0, 6.0, 6.0, 6.0, 6.0, 6.0, 6.0, 6.0, 5.0, 5.0, 4.0, 4.0, 5.0, 5.0, 5.0, 5.0, 5.0, 5.0, 4.0, 4.0, 4.0, 4.0, 3.0, 3.0, 3.0, 4.0, 4.0, 4.0, 4.0, 4.0]}], [{"col": "c4", "type": "TEXT", "data": ["not free", "not free", "not free", "not free", "not free", "not free", "not free", "not free", "not free", "not free", "not free", "not free", "not free", "not free", "not free", "not free", "not free", "not free", "not free", "partly free", "partly free", "partly free", "partly free", "partly free", "not free", "not free", "not free", "partly free", "partly free", "partly free", "partly free", "partly free", "partly free", "partly free", "partly free", "partly free", "partly free", "partly free", "partly free", "partly free"]}], [{"col": "c5", "type": "TEXT", "data": ["hamani diori", "hamani diori", "hamani diori", "seyni kountche", "seyni kountche", "seyni kountche", "seyni kountche", "seyni kountche", "seyni kountche", "seyni kountche", "seyni kountche", "seyni kountche", "seyni kountche", "seyni kountche", "seyni kountche", "seyni kountche", "ali saibou", "ali saibou", "ali saibou", "ali saibou", "ali saibou", "ali saibou", "mahamane ousmane", "mahamane ousmane", "mahamane ousmane", "ibrahim bare mainassara", "ibrahim bare mainassara", "ibrahim bare mainassara", "mamadou tandja", "mamadou tandja", "mamadou tandja", "mamadou tandja", "mamadou tandja", "mamadou tandja", "mamadou tandja", "mamadou tandja", "mamadou tandja", "mamadou tandja", "mamadou tandja", "salou djibo"]}]], "is_list": {"id": false, "agg": false, "c1": false, "c1_number": false, "c2": false, "c2_number": false, "c3": false, "c3_number": false, "c4": false, "c5": false}}