{"headers": ["id", "agg", "season", "team", "country", "division", "apps", "goals"], "types": ["id", "agg", "timespan", "text", "text", "number", "number", "number"], "contents": [[{"col": "id", "type": "INTEGER", "data": [1, 2, 3, 4, 5, 6, 7, 8, 9, 10, 11, 12]}], [{"col": "agg", "type": "INTEGER", "data": [0, 0, 0, 0, 0, 0, 0, 0, 0, 0, 0, 0]}], [{"col": "c1", "type": "TEXT", "data": ["2004", "2005", "2006", "2006/07", "2007/08", "2008/09", "2009/10", "2010/11", "2011/12", "2012/13", "2012/13", "2013/14"]}, {"col": "c1_minimum_number", "type": "INTEGER", "data": [2004, 2005, 2006, 2006, 2007, 2008, 2009, 2010, 2011, 2012, 2012, 2013]}, {"col": "c1_minimum_parsed", "type": "TEXT", "data": ["2004", "2005", "2006", 2006, 2007, 2008, 2009, 2010, 2011, 2012, 2012, 2013]}, {"col": "c1_minimum_year", "type": "INTEGER", "data": [2004, 2005, 2006, 2006, 2007, 2008, 2009, 2010, 2011, 2012, 2012, 2013]}, {"col": "c1_maximum_number", "type": "INTEGER", "data": [2004, 2005, 2006, 2007, 2008, 2009, 2010, 2011, 2012, 2013, 2013, 2014]}, {"col": "c1_maximum_parsed", "type": "TEXT", "data": ["2004", "2005", "2006", 2007, 2008, 2009, 2010, 2011, 2012, 2013, 2013, 2014]}, {"col": "c1_maximum_year", "type": "INTEGER", "data": [2004, 2005, 2006, 2007, 2008, 2009, 2010, 2011, 2012, 2013, 2013, 2014]}], [{"col": "c2", "type": "TEXT", "data": ["cska moscow", "cska moscow", "spartak nizhny novgorod", "dnipro dnipropetrovsk", "dnipro dnipropetrovsk", "dnipro dnipropetrovsk", "dnipro dnipropetrovsk", "dnipro dnipropetrovsk", "dnipro dnipropetrovsk", "dnipro dnipropetrovsk", "lokomotiv moscow", "lokomotiv moscow"]}], [{"col": "c3", "type": "TEXT", "data": ["russia", "russia", "russia", "ukraine", "ukraine", "ukraine", "ukraine", "ukraine", "ukraine", "ukraine", "russia", "russia"]}], [{"col": "c4", "type": "TEXT", "data": ["1", "1", "2", "1", "1", "1", "1", "1", "1", "1", "1", "1"]}, {"col": "c4_number", "type": "REAL", "data": [1.0, 1.0, 2.0, 1.0, 1.0, 1.0, 1.0, 1.0, 1.0, 1.0, 1.0, 1.0]}], [{"col": "c5", "type": "TEXT", "data": ["0", "0", "36", "12", "24", "22", "28", "23", "16", "10", "8", "14"]}, {"col": "c5_number", "type": "REAL", "data": [0.0, 0.0, 36.0, 12.0, 24.0, 22.0, 28.0, 23.0, 16.0, 10.0, 8.0, 14.0]}], [{"col": "c6", "type": "TEXT", "data": ["0", "0", "1", "0", "0", "1", "0", "0", "0", "1", "0", "1"]}, {"col": "c6_number", "type": "REAL", "data": [0.0, 0.0, 1.0, 0.0, 0.0, 1.0, 0.0, 0.0, 0.0, 1.0, 0.0, 1.0]}]], "is_list": {"id": false, "agg": false, "c1": false, "c1_minimum_number": false, "c1_minimum_parsed": false, "c1_minimum_year": false, "c1_maximum_number": false, "c1_maximum_parsed": false, "c1_maximum_year": false, "c2": false, "c3": false, "c4": false, "c4_number": false, "c5": false, "c5_number": false, "c6": false, "c6_number": false}}