{"headers": ["id", "agg", "rank", "cyclist", "team", "time", "uci protour\npoints"], "types": ["id", "agg", "number", "text(text)", "text", "time", "number"], "contents": [[{"col": "id", "type": "INTEGER", "data": [1, 2, 3, 4, 5, 6, 7, 8, 9, 10]}], [{"col": "agg", "type": "INTEGER", "data": [0, 0, 0, 0, 0, 0, 0, 0, 0, 0]}], [{"col": "c1", "type": "TEXT", "data": ["1", "2", "3", "4", "5", "6", "7", "8", "9", "10"]}, {"col": "c1_number", "type": "REAL", "data": [1.0, 2.0, 3.0, 4.0, 5.0, 6.0, 7.0, 8.0, 9.0, 10.0]}], [{"col": "c2", "type": "TEXT", "data": ["alejandro valverde (esp)", "alexandr kolobnev (rus)", "davide rebellin (ita)", "paolo bettini (ita)", "franco pellizotti (ita)", "denis menchov (rus)", "samuel sanchez (esp)", "stephane goubert (fra)", "haimar zubeldia (esp)", "david moncoutie (fra)"]}, {"col": "c2_first", "type": "TEXT", "data": ["alejandro valverde", "alexandr kolobnev", "davide rebellin", "paolo bettini", "franco pellizotti", "denis menchov", "samuel sanchez", "stephane goubert", "haimar zubeldia", "david moncoutie"]}, {"col": "c2_second", "type": "TEXT", "data": ["esp", "rus", "ita", "ita", "ita", "rus", "esp", "fra", "esp", "fra"]}], [{"col": "c3", "type": "TEXT", "data": ["caisse d'epargne", "team csc saxo bank", "gerolsteiner", "quick step", "liquigas", "rabobank", "euskaltel-euskadi", "ag2r-la mondiale", "euskaltel-euskadi", "cofidis"]}], [{"col": "c4", "type": "TEXT", "data": ["5h 29' 10\"", "s.t", "s.t", "s.t", "s.t", "s.t", "s.t", "+ 2\"", "+ 2\"", "+ 2\""]}, {"col": "c4_number", "type": "INTEGER", "data": [5, null, null, null, null, null, null, 2, 2, 2]}], [{"col": "c5", "type": "TEXT", "data": ["40", "30", "25", "20", "15", "11", "7", "5", "3", "1"]}, {"col": "c5_number", "type": "REAL", "data": [40.0, 30.0, 25.0, 20.0, 15.0, 11.0, 7.0, 5.0, 3.0, 1.0]}]], "is_list": {"id": false, "agg": false, "c1": false, "c1_number": false, "c2": false, "c2_first": false, "c2_second": false, "c3": false, "c4": false, "c4_number": false, "c5": false, "c5_number": false}}