{"headers": ["id", "agg", "color", "pin (tip)", "pin (ring)", "color"], "types": ["id", "agg", "<f, text>", "number", "number", "<f, text>"], "contents": [[{"col": "id", "type": "INTEGER", "data": [1, 2, 3, 4, 5, 6, 7, 8, 9, 10, 11, 12, 13, 14, 15, 16, 17, 18, 19, 20, 21, 22, 23, 24, 25]}], [{"col": "agg", "type": "INTEGER", "data": [0, 0, 0, 0, 0, 0, 0, 0, 0, 0, 0, 0, 0, 0, 0, 0, 0, 0, 0, 0, 0, 0, 0, 0, 0]}], [{"col": "c1", "type": "TEXT", "data": ["white/blue", "white/orange", "white/green", "white/brown", "white/slate", "red/blue", "red/orange", "red/green", "red/brown", "red/slate", "black/blue", "black/orange", "black/green", "black/brown", "black/slate", "yellow/blue", "yellow/orange", "yellow/green", "yellow/brown", "yellow/slate", "violet/blue", "violet/orange", "violet/green", "violet/brown", "violet/slate"]}, {"col": "c1_list", "type": "LIST TEXT", "data": [["white", "blue"], ["white", "orange"], ["white", "green"], ["white", "brown"], ["white", "slate"], ["red", "blue"], ["red", "orange"], ["red", "green"], ["red", "brown"], ["red", "slate"], ["black", "blue"], ["black", "orange"], ["black", "green"], ["black", "brown"], ["black", "slate"], ["yellow", "blue"], ["yellow", "orange"], ["yellow", "green"], ["yellow", "brown"], ["yellow", "slate"], ["violet", "blue"], ["violet", "orange"], ["violet", "green"], ["violet", "brown"], ["violet", "slate"]]}, {"col": "c1_length", "type": "INTEGER", "data": [2, 2, 2, 2, 2, 2, 2, 2, 2, 2, 2, 2, 2, 2, 2, 2, 2, 2, 2, 2, 2, 2, 2, 2, 2]}], [{"col": "c2", "type": "TEXT", "data": ["26", "27", "28", "29", "30", "31", "32", "33", "34", "35", "36", "37", "38", "39", "40", "41", "42", "43", "44", "45", "46", "47", "48", "49", "50"]}, {"col": "c2_number", "type": "REAL", "data": [26.0, 27.0, 28.0, 29.0, 30.0, 31.0, 32.0, 33.0, 34.0, 35.0, 36.0, 37.0, 38.0, 39.0, 40.0, 41.0, 42.0, 43.0, 44.0, 45.0, 46.0, 47.0, 48.0, 49.0, 50.0]}], [{"col": "c3", "type": "TEXT", "data": ["1", "2", "3", "4", "5", "6", "7", "8", "9", "10", "11", "12", "13", "14", "15", "16", "17", "18", "19", "20", "21", "22", "23", "24", "25"]}, {"col": "c3_number", "type": "REAL", "data": [1.0, 2.0, 3.0, 4.0, 5.0, 6.0, 7.0, 8.0, 9.0, 10.0, 11.0, 12.0, 13.0, 14.0, 15.0, 16.0, 17.0, 18.0, 19.0, 20.0, 21.0, 22.0, 23.0, 24.0, 25.0]}], [{"col": "c4", "type": "TEXT", "data": ["blue/white", "orange/white", "green/white", "brown/white", "slate/white", "blue/red", "orange/red", "green/red", "brown/red", "slate/red", "blue/black", "orange/black", "green/black", "brown/black", "slate/black", "blue/yellow", "orange/yellow", "green/yellow", "brown/yellow", "slate/yellow", "blue/violet", "orange/violet", "green/violet", "brown/violet", "slate/violet"]}, {"col": "c4_list", "type": "LIST TEXT", "data": [["blue", "white"], ["orange", "white"], ["green", "white"], ["brown", "white"], ["slate", "white"], ["blue", "red"], ["orange", "red"], ["green", "red"], ["brown", "red"], ["slate", "red"], ["blue", "black"], ["orange", "black"], ["green", "black"], ["brown", "black"], ["slate", "black"], ["blue", "yellow"], ["orange", "yellow"], ["green", "yellow"], ["brown", "yellow"], ["slate", "yellow"], ["blue", "violet"], ["orange", "violet"], ["green", "violet"], ["brown", "violet"], ["slate", "violet"]]}, {"col": "c4_length", "type": "INTEGER", "data": [2, 2, 2, 2, 2, 2, 2, 2, 2, 2, 2, 2, 2, 2, 2, 2, 2, 2, 2, 2, 2, 2, 2, 2, 2]}]], "is_list": {"id": false, "agg": false, "c1": false, "c1_list": true, "c1_length": false, "c2": false, "c2_number": false, "c3": false, "c3_number": false, "c4": false, "c4_list": true, "c4_length": false}}