{"headers": ["id", "agg", "name", "city", "hospital beds", "operating rooms", "total", "trauma designation", "affiliation", "notes"], "types": ["id", "agg", "text", "text", "number", "number", "number", "text", "text", "text"], "contents": [[{"col": "id", "type": "INTEGER", "data": [1, 2, 3, 4, 5, 6, 7, 8, 9, 10, 11, 12, 13, 14, 15, 16, 17, 18, 19, 20, 21, 22, 23, 24, 25, 26, 27, 28, 29, 30, 31, 32, 33, 34, 35, 36, 37, 38, 39, 40, 41, 42, 43, 44, 45, 46, 47, 48, 49, 50, 51, 52, 53, 54, 55, 56, 57, 58, 59, 60, 61, 62, 63, 64, 65, 66, 67, 68, 69, 70, 71, 72, 73, 74, 75, 76, 77, 78, 79, 80, 81, 82, 83, 84, 85, 86, 87, 88, 89, 90, 91, 92, 93, 94, 95, 96, 97, 98, 99, 100, 101, 102, 103, 104, 105, 106, 107, 108, 109, 110, 111, 112, 113, 114, 115, 116, 117, 118, 119, 120, 121, 122, 123, 124, 125, 126]}], [{"col": "agg", "type": "INTEGER", "data": [0, 0, 0, 0, 0, 0, 0, 0, 0, 0, 0, 0, 0, 0, 0, 0, 0, 0, 0, 0, 0, 0, 0, 0, 0, 0, 0, 0, 0, 0, 0, 0, 0, 0, 0, 0, 0, 0, 0, 0, 0, 0, 0, 0, 0, 0, 0, 0, 0, 0, 0, 0, 0, 0, 0, 0, 0, 0, 0, 0, 0, 0, 0, 0, 0, 0, 0, 0, 0, 0, 0, 0, 0, 0, 0, 0, 0, 0, 0, 0, 0, 0, 0, 0, 0, 0, 0, 0, 0, 0, 0, 0, 0, 0, 0, 0, 0, 0, 0, 0, 0, 0, 0, 0, 0, 0, 0, 0, 0, 0, 0, 0, 0, 0, 0, 0, 0, 0, 0, 0, 0, 0, 0, 0, 0, 0]}], [{"col": "c1", "type": "TEXT", "data": ["alamance regional medical center", "albemarle hospital", "alexander hospital", "alleghany memorial hospital", "angel medical center", "annie penn hospital", "anson community hospital", "ashe memorial hospital", "asheville specialty hospital", "vidant beaufort hospital", "vidant bertie hospital", "betsy johnson regional hospital", "blowing rock hospital", "blue ridge regional hospital", "novant health brunswick medical center", "caldwell memorial hospital", "cape fear valley medical center", "cape fear valley-bladen county hospital", "carepartners rehabilitation hospital", "carolinaeast medical center", "carolinas medical center-pineville", "carolinas medical center-lincoln", "carolinas medical center-northeast", "carolinas medical center-union", "carolinas medical center-university", "carolinas medical center/center for mental health", "carolinas rehabilitation", "carolinas rehabilitation mt. holly", "carolinas specialty hospital", "carteret general hospital", "catawba valley medical center", "central carolina hospital", "charles a. cannon, jr. memorial hospital", "chatham hospital", "vidant chowan hospital", "cleveland regional medical center", "columbus regional healthcare system", "cone health", "crawley memorial hospital", "davie county hospital", "davis regional medical center", "duke health raleigh hospital", "duke university hospital", "vidant duplin hospital", "durham regional hospital", "firsthealth montgomery memorial hospital", "firsthealth moore regional hospital and pinehurst treatment", "firsthealth moore regional hospital hoke campus", "firsthealth richmond memorial hospital", "novant health forsyth medical center", "novant health franklin regional medical center", "frye regional medical center", "gaston memorial hospital", "grace hospital", "granville health system", "halifax regional medical center", "harris regional hospital", "haywood regional medical center", "vidant edgecombe hospital", "high point regional health system", "highlands-cashiers hospital", "highsmith-rainey specialty hospital", "hoots memorial hospital", "hugh chatham memorial hospital", "iredell memorial hospital", "j. arthur dosher memorial hospital", "johnston health", "novant health kernersville medical center", "kindred hospital - greensboro", "kings mountain hospital", "lake norman regional medical center", "lenoir memorial hospital", "lexington memorial hospital", "lifecare hospitals of north carolina", "margaret r. pardee memorial hospital", "maria parham medical center", "martin general hospital", "novant health medical park hospital", "memorial mission hospital and asheville surgery center", "morehead memorial hospital", "murphy medical center", "nash general hospital", "new hanover regional medical center", "north carolina specialty hospital", "northern hospital of surry county", "onslow memorial hospital", "our community hospital", "park ridge health", "pender memorial hospital", "person memorial hospital", "novant health presbyterian medical center", "novant health huntersville medical center", "novant health matthews medical center", "novant health charlotte orthopaedic hospital", "vidant pungo hospital", "randolph hospital", "rex healthcare", "vidant roanoke-chowan hospital", "novant health rowan medical center", "rutherford regional medical center", "sampson regional medical center", "sandhills regional medical center", "scotland memorial hospital and edwin morgan center", "select specialty hospital - durham", "select specialty hospital - winston-salem", "select specialty hospital-greensboro", "southeastern regional medical center", "st. luke's hospital", "stanly regional medical center", "stokes-reynolds memorial hospital", "swain county hospital", "the mcdowell hospital", "the outer banks hospital", "thomasville medical center", "transylvania regional hospital", "university of north carolina hospitals", "valdese general hospital", "vidant medical center", "wake forest baptist medical center", "wakemed", "wakemed cary hospital", "washington county hospital", "watauga medical center", "wayne memorial hospital", "wilkes regional medical center", "wilson medical center"]}], [{"col": "c2", "type": "TEXT", "data": ["burlington", "elizabeth city", "hickory", "sparta", "franklin", "reidsville", "wadesboro", "jefferson", "asheville", "washington", "windsor", "dunn", "blowing rock", "spruce pine", "supply", "lenoir", "fayetteville", "elizabethtown", "asheville", "new bern", "charlotte", "lincolnton", "concord", "monroe", "charlotte", "charlotte", "charlotte", "belmont", "charlotte", "morehead city", "hickory", "sanford", "linville", "siler city", "edenton", "shelby", "whiteville", "greensboro", "boiling springs", "mocksville", "statesville", "raleigh", "durham", "kenansville", "durham", "troy", "pinehurst", "pinehurst, north carolina", "rockingham", "winston-salem", "louisburg", "hickory", "gastonia", "morganton", "oxford", "roanoke rapids", "sylva", "clyde", "tarboro", "high point", "highlands", "fayetteville", "yadkinville", "elkin", "statesville", "southport", "smithfield", "kernersville", "greensboro", "kings mountain", "mooresville", "kinston", "lexington", "rocky mount", "hendersonville", "henderson", "williamston", "winston-salem", "asheville", "eden", "murphy", "rocky mount", "wilmington", "durham", "mount airy", "jacksonville", "scotland neck", "hendersonville", "burgaw", "roxboro", "charlotte", "huntersville", "matthews", "charlotte", "belhaven", "asheboro", "raleigh", "ahoskie", "salisbury", "rutherfordton", "clinton", "hamlet", "laurinburg", "durham", "winston-salem", "greensboro", "lumberton", "columbus", "albemarle", "danbury", "bryson city", "marion", "nags head", "thomasville", "brevard", "chapel hill", "valdese", "greenville", "winston-salem", "raleigh", "cary", "plymouth", "boone", "goldsboro", "north wilkesboro", "wilson"]}], [{"col": "c3", "type": "TEXT", "data": ["238", "182", "25", "41", "59", "110", "147", "136", "34", "142", "6", "101", "100", "46", "60", "110", "600", "58", "80", "350", "305", "101", "457", "227", "130", "874", "119", "40", "40", "135", "258", "137", "50", "25", "89", "241", "154", "907", "50", "81", "131", "186", "943", "101", "369", "37", "372", "8", "150", "919", "70", "355", "435", "184", "142", "204", "86", "189", "117", "384", "108", "66", "22", "220", "247", "100", "177", "50", "124", "102", "123", "261", "94", "50", "222", "102", "49", "22", "730", "229", "191", "353", "769", "18", "133", "162", "100", "103", "86", "110", "531", "60", "102", "156", "49", "145", "665", "114", "268", "143", "146", "64", "154", "30", "42", "30", "452", "55", "119", "93", "48", "65", "21", "149", "92", "778", "131", "861", "885", "618", "192", "49", "117", "316", "144", "294"]}, {"col": "c3_number", "type": "REAL", "data": [238.0, 182.0, 25.0, 41.0, 59.0, 110.0, 147.0, 136.0, 34.0, 142.0, 6.0, 101.0, 100.0, 46.0, 60.0, 110.0, 600.0, 58.0, 80.0, 350.0, 305.0, 101.0, 457.0, 227.0, 130.0, 874.0, 119.0, 40.0, 40.0, 135.0, 258.0, 137.0, 50.0, 25.0, 89.0, 241.0, 154.0, 907.0, 50.0, 81.0, 131.0, 186.0, 943.0, 101.0, 369.0, 37.0, 372.0, 8.0, 150.0, 919.0, 70.0, 355.0, 435.0, 184.0, 142.0, 204.0, 86.0, 189.0, 117.0, 384.0, 108.0, 66.0, 22.0, 220.0, 247.0, 100.0, 177.0, 50.0, 124.0, 102.0, 123.0, 261.0, 94.0, 50.0, 222.0, 102.0, 49.0, 22.0, 730.0, 229.0, 191.0, 353.0, 769.0, 18.0, 133.0, 162.0, 100.0, 103.0, 86.0, 110.0, 531.0, 60.0, 102.0, 156.0, 49.0, 145.0, 665.0, 114.0, 268.0, 143.0, 146.0, 64.0, 154.0, 30.0, 42.0, 30.0, 452.0, 55.0, 119.0, 93.0, 48.0, 65.0, 21.0, 149.0, 92.0, 778.0, 131.0, 861.0, 885.0, 618.0, 192.0, 49.0, 117.0, 316.0, 144.0, 294.0]}], [{"col": "c4", "type": "TEXT", "data": ["15", "13", "3", "2", "7", "6", "3", "3", "0", "7", "2", "6", "2", "4", "6", "10", "22", "2", "0", "20", "26", "6", "25", "9", "15", "51", "0", "0", "0", "8", "16", "8", "3", "3", "4", "11", "7", "62", "10", "3", "8", "16", "59", "3", "19", "2", "19", "1", "6", "38", "4", "23", "30", "7", "4", "7", "7", "10", "8", "15", "4", "7", "3", "8", "14", "4", "10", "4", "1", "3", "11", "12", "6", "0", "13", "7", "3", "13", "36", "8", "6", "18", "37", "4", "7", "13", "0", "7", "3", "5", "43", "8", "14", "12", "2", "8", "38", "7", "17", "7", "8", "5", "8", "0", "0", "0", "15", "3", "8", "5", "2", "4", "5", "7", "6", "48", "6", "35", "50", "35", "15", "2", "9", "15", "9", "15"]}, {"col": "c4_number", "type": "REAL", "data": [15.0, 13.0, 3.0, 2.0, 7.0, 6.0, 3.0, 3.0, 0.0, 7.0, 2.0, 6.0, 2.0, 4.0, 6.0, 10.0, 22.0, 2.0, 0.0, 20.0, 26.0, 6.0, 25.0, 9.0, 15.0, 51.0, 0.0, 0.0, 0.0, 8.0, 16.0, 8.0, 3.0, 3.0, 4.0, 11.0, 7.0, 62.0, 10.0, 3.0, 8.0, 16.0, 59.0, 3.0, 19.0, 2.0, 19.0, 1.0, 6.0, 38.0, 4.0, 23.0, 30.0, 7.0, 4.0, 7.0, 7.0, 10.0, 8.0, 15.0, 4.0, 7.0, 3.0, 8.0, 14.0, 4.0, 10.0, 4.0, 1.0, 3.0, 11.0, 12.0, 6.0, 0.0, 13.0, 7.0, 3.0, 13.0, 36.0, 8.0, 6.0, 18.0, 37.0, 4.0, 7.0, 13.0, 0.0, 7.0, 3.0, 5.0, 43.0, 8.0, 14.0, 12.0, 2.0, 8.0, 38.0, 7.0, 17.0, 7.0, 8.0, 5.0, 8.0, 0.0, 0.0, 0.0, 15.0, 3.0, 8.0, 5.0, 2.0, 4.0, 5.0, 7.0, 6.0, 48.0, 6.0, 35.0, 50.0, 35.0, 15.0, 2.0, 9.0, 15.0, 9.0, 15.0]}], [{"col": "c5", "type": "TEXT", "data": ["253", "195", "28", "43", "66", "116", "150", "139", "34", "149", "8", "107", "102", "50", "66", "120", "622", "60", "80", "370", "331", "107", "482", "236", "145", "925", "119", "40", "40", "143", "274", "145", "50", "28", "93", "252", "161", "969", "60", "84", "139", "202", "1002", "104", "388", "39", "391", "9", "156", "957", "74", "378", "465", "191", "146", "211", "93", "199", "125", "399", "112", "73", "25", "228", "261", "104", "187", "54", "125", "105", "134", "273", "100", "50", "235", "109", "52", "35", "766", "237", "197", "371", "806", "22", "140", "175", "100", "110", "89", "115", "574", "68", "116", "168", "51", "153", "703", "121", "285", "150", "154", "69", "162", "30", "42", "30", "467", "58", "127", "98", "50", "69", "26", "156", "98", "826", "137", "896", "935", "653", "207", "51", "126", "331", "153", "309"]}, {"col": "c5_number", "type": "REAL", "data": [253.0, 195.0, 28.0, 43.0, 66.0, 116.0, 150.0, 139.0, 34.0, 149.0, 8.0, 107.0, 102.0, 50.0, 66.0, 120.0, 622.0, 60.0, 80.0, 370.0, 331.0, 107.0, 482.0, 236.0, 145.0, 925.0, 119.0, 40.0, 40.0, 143.0, 274.0, 145.0, 50.0, 28.0, 93.0, 252.0, 161.0, 969.0, 60.0, 84.0, 139.0, 202.0, 1002, 104.0, 388.0, 39.0, 391.0, 9.0, 156.0, 957.0, 74.0, 378.0, 465.0, 191.0, 146.0, 211.0, 93.0, 199.0, 125.0, 399.0, 112.0, 73.0, 25.0, 228.0, 261.0, 104.0, 187.0, 54.0, 125.0, 105.0, 134.0, 273.0, 100.0, 50.0, 235.0, 109.0, 52.0, 35.0, 766.0, 237.0, 197.0, 371.0, 806.0, 22.0, 140.0, 175.0, 100.0, 110.0, 89.0, 115.0, 574.0, 68.0, 116.0, 168.0, 51.0, 153.0, 703.0, 121.0, 285.0, 150.0, 154.0, 69.0, 162.0, 30.0, 42.0, 30.0, 467.0, 58.0, 127.0, 98.0, 50.0, 69.0, 26.0, 156.0, 98.0, 826.0, 137.0, 896.0, 935.0, 653.0, 207.0, 51.0, 126.0, 331.0, 153.0, 309.0]}], [{"col": "c6", "type": "TEXT", "data": [null, null, null, null, null, null, null, null, null, null, null, null, null, null, null, null, null, null, null, null, null, null, "level iii", null, null, "level i", null, null, null, null, null, null, null, null, null, "level iii", null, "level ii", null, null, null, null, "level i", null, null, null, null, null, null, null, null, null, null, null, null, null, null, null, null, "level iii", null, null, null, null, null, null, null, null, null, null, null, null, null, null, null, null, null, null, "level ii", null, null, null, "level ii", null, null, null, null, null, null, null, null, null, null, null, null, null, null, null, null, null, null, null, null, null, null, null, null, null, null, null, null, null, null, null, null, "level i", null, "level i", "level i", "level i", null, null, null, null, null, null]}], [{"col": "c7", "type": "TEXT", "data": ["cone", "vidant", null, "qhr", "mission", "cone", "chs", "novant", null, "vidant", "vidant", "hhs", "arhs", "mission", "novant", "unc", "cape fear", "cape fear", null, null, "chs", "chs", "chs", "chs", "chs", "chs", "chs", "chs", null, null, null, "tenet", "arhs", "unc", "vidant", "chs", "chs", "cone", "chs", "wfu", "hma", "duke", "duke", "vidant", "duke", "firsthealth", "firsthealth", "firsthealth", "firsthealth", "novant", "novant", "tenet", null, "chs", null, null, null, null, "vidant", "unc", "mission", "cape fear", null, "qhr", null, null, "unc", "novant", null, "chs", "hma", null, "wfu", null, "unc", "dukelp", null, "novant", "mission", "qhr", "chs", "nash", "nhrmc", null, "qhr", null, null, null, "nhrmc", "dukelp", "novant", "novant", "novant", "novant", "vidant", null, "unc", "vidant", "novant", null, null, "hma", "chs", null, null, null, null, "chs", "chs", null, null, "mission", "vidant", "novant", "mission", "unc", "chs", "vidant", "wfu", "wakemed", "wakemed", null, "arhs", null, "chs", null]}], [{"col": "c8", "type": "TEXT", "data": [null, null, null, null, null, null, null, null, null, null, null, null, null, null, null, null, null, null, null, null, null, null, null, null, null, "secondary campus of the university of north carolina school of medicine", null, null, null, null, null, null, null, null, null, null, null, null, null, null, null, null, "primary teaching hospital of duke university school of medicine", null, null, null, null, null, null, null, null, null, null, null, null, null, null, null, null, null, null, null, null, null, null, null, null, null, null, null, null, null, null, null, null, null, null, null, null, null, null, null, null, null, null, null, null, null, null, null, null, null, null, null, null, null, null, null, null, null, null, null, null, null, null, null, null, null, null, null, null, null, null, null, null, "primary teaching hospital of university of north carolina at chapel hill school of medicine", null, "primary teaching hospital of east carolina university brody school of medicine", "primary teaching hospital of wake forest school of medicine", null, null, null, null, null, null, null]}]], "is_list": {"id": false, "agg": false, "c1": false, "c2": false, "c3": false, "c3_number": false, "c4": false, "c4_number": false, "c5": false, "c5_number": false, "c6": false, "c7": false, "c8": false}}