{"headers": ["id", "agg", "denomination", "1870", "1880", "1890", "1900", "1910", "1920", "1930", "1941", "1949", "2001", "2011"], "types": ["id", "agg", "text", "percentage", "percentage", "percentage", "percentage", "percentage", "percentage", "percentage", "percentage", "percentage", "percentage", "percentage"], "contents": [[{"col": "id", "type": "INTEGER", "data": [1, 2, 3, 4, 5, 6, 7]}], [{"col": "agg", "type": "INTEGER", "data": [0, 0, 0, 0, 0, 0, 0]}], [{"col": "c1", "type": "TEXT", "data": ["roman catholic", "calvinist", "lutheran", "jewish", "others", "without religion", "no answer"]}], [{"col": "c2", "type": "TEXT", "data": ["72.3%", "4.8%", "5.3%", "16.6%", "1%", "0%", "0%"]}, {"col": "c2_number", "type": "REAL", "data": [72.3, 4.8, 5.3, 16.6, 1.0, 0.0, 0.0]}], [{"col": "c3", "type": "TEXT", "data": ["69.4%", "6.1%", "5.5%", "19.7%", "1.3%", "0%", "0%"]}, {"col": "c3_number", "type": "REAL", "data": [69.4, 6.1, 5.5, 19.7, 1.3, 0.0, 0.0]}], [{"col": "c4", "type": "TEXT", "data": ["64.7%", "7.4%", "5.6%", "21%", "1.3%", "0%", "0%"]}, {"col": "c4_number", "type": "REAL", "data": [64.7, 7.4, 5.6, 21.0, 1.3, 0.0, 0.0]}], [{"col": "c5", "type": "TEXT", "data": ["60.7%", "8.9%", "5.3%", "23.6%", "1.5%", "0%", "0%"]}, {"col": "c5_number", "type": "REAL", "data": [60.7, 8.9, 5.3, 23.6, 1.5, 0.0, 0.0]}], [{"col": "c6", "type": "TEXT", "data": ["59.8%", "9.9%", "4.9%", "23.1%", "2.2%", "0%", "0%"]}, {"col": "c6_number", "type": "REAL", "data": [59.8, 9.9, 4.9, 23.1, 2.2, 0.0, 0.0]}], [{"col": "c7", "type": "TEXT", "data": ["59.1%", "10.9%", "4.8%", "23.2%", "2%", "0%", "0%"]}, {"col": "c7_number", "type": "REAL", "data": [59.1, 10.9, 4.8, 23.2, 2.0, 0.0, 0.0]}], [{"col": "c8", "type": "TEXT", "data": ["60.7%", "12.1%", "5%", "20.3%", "1.9%", "0%", "0%"]}, {"col": "c8_number", "type": "REAL", "data": [60.7, 12.1, 5.0, 20.3, 1.9, 0.0, 0.0]}], [{"col": "c9", "type": "TEXT", "data": ["63.1%", "13.6%", "5.3%", "15.8%", "1.6%", "0%", "0%"]}, {"col": "c9_number", "type": "REAL", "data": [63.1, 13.6, 5.3, 15.8, 1.6, 0.0, 0.0]}], [{"col": "c10", "type": "TEXT", "data": ["69.8%", "15.5%", "5.4%", "6.4%", "1.4%", "0%", "0%"]}, {"col": "c10_number", "type": "REAL", "data": [69.8, 15.5, 5.4, 6.4, 1.4, 0.0, 0.0]}], [{"col": "c11", "type": "TEXT", "data": ["45.8%", "12.6%", "2.6%", "0.5%", "3.9%", "19.5%", "15.1%"]}, {"col": "c11_number", "type": "REAL", "data": [45.8, 12.6, 2.6, 0.5, 3.9, 19.5, 15.1]}], [{"col": "c12", "type": "TEXT", "data": ["28.9%", "8.5%", "1.7%", "0.4%", "3.5%", "22.9%", "34.1%"]}, {"col": "c12_number", "type": "REAL", "data": [28.9, 8.5, 1.7, 0.4, 3.5, 22.9, 34.1]}]], "is_list": {"id": false, "agg": false, "c1": false, "c2": false, "c2_number": false, "c3": false, "c3_number": false, "c4": false, "c4_number": false, "c5": false, "c5_number": false, "c6": false, "c6_number": false, "c7": false, "c7_number": false, "c8": false, "c8_number": false, "c9": false, "c9_number": false, "c10": false, "c10_number": false, "c11": false, "c11_number": false, "c12": false, "c12_number": false}}