{"headers": ["id", "agg", "year", "single", "peak chart positions\nus mod", "peak chart positions\nuk", "album"], "types": ["id", "agg", "number", "text(text)", "number", "number", "text"], "contents": [[{"col": "id", "type": "INTEGER", "data": [1, 2, 3, 4, 5, 6, 7, 8, 9, 10, 11, 12, 13, 14, 15]}], [{"col": "agg", "type": "INTEGER", "data": [0, 0, 0, 0, 0, 0, 0, 0, 0, 0, 0, 0, 0, 0, 0]}], [{"col": "c1", "type": "TEXT", "data": ["1997", "1997", "1997", "1997", "1998", "2000", "2000", "2001", "2003", "2003", "2003", "2006", "2006", "2008", "2008"]}, {"col": "c1_number", "type": "INTEGER", "data": [1997, 1997, 1997, 1997, 1998, 2000, 2000, 2001, 2003, 2003, 2003, 2006, 2006, 2008, 2008]}], [{"col": "c2", "type": "TEXT", "data": ["\"automatic\"", "\"dopeman\"", "\"dopeman\" (remix)", "\"howie j. reynolds\"", "\"history of a boring town\"", "\"all my best friends are metalheads\"", "\"all my best friends are metalheads\" (remix)", "\"gainesville rock city\"", "\"she's gonna break soon\"", "\"the science of selling yourself short\"", "\"surrender\"", "\"overrated (everything is)\"", "\"the rest of my life\"", "\"does the lion city still roar?\"", "\"abandon ship\""]}, {"col": "c2_first", "type": "TEXT", "data": ["\"automatic\"", "\"dopeman\"", "\"dopeman\"", "\"howie j. reynolds\"", "\"history of a boring town\"", "\"all my best friends are metalheads\"", "\"all my best friends are metalheads\"", "\"gainesville rock city\"", "\"she's gonna break soon\"", "\"the science of selling yourself short\"", "\"surrender\"", "\"overrated", "\"the rest of my life\"", "\"does the lion city still roar?\"", "\"abandon ship\""]}, {"col": "c2_second", "type": "TEXT", "data": [null, null, "remix", null, null, null, "remix", null, null, null, null, "everything is\"", null, null, null]}], [{"col": "c3", "type": "TEXT", "data": [null, null, null, null, "39", null, null, null, null, "36", null, null, null, null, null]}, {"col": "c3_number", "type": "REAL", "data": [null, null, null, null, 39.0, null, null, null, null, 36.0, null, null, null, null, null]}], [{"col": "c4", "type": "TEXT", "data": [null, null, null, null, null, "51", null, "57", "39", "78", null, "61", "77", null, null]}, {"col": "c4_number", "type": "REAL", "data": [null, null, null, null, null, 51.0, null, 57.0, 39.0, 78.0, null, 61.0, 77.0, null, null]}], [{"col": "c5", "type": "TEXT", "data": ["losing streak", "losing streak", "non-album single", "non-album single", "hello rockview", "hello rockview", "non-album single", "borders & boundaries", "anthem", "anthem", "anthem", "in with the out crowd", "in with the out crowd", "gnv fla", "gnv fla"]}]], "is_list": {"id": false, "agg": false, "c1": false, "c1_number": false, "c2": false, "c2_first": false, "c2_second": false, "c3": false, "c3_number": false, "c4": false, "c4_number": false, "c5": false}}