{"headers": ["id", "agg", "rank", "name", "caps", "goals", "years"], "types": ["id", "agg", "number", "text", "number", "number", "timespan"], "contents": [[{"col": "id", "type": "INTEGER", "data": [1, 2, 3, 4, 5, 6, 7, 8]}], [{"col": "agg", "type": "INTEGER", "data": [0, 0, 0, 0, 0, 0, 0, 0]}], [{"col": "c1", "type": "TEXT", "data": ["1", "2", "2", "2", "5", "5", "5", "5"]}, {"col": "c1_number", "type": "REAL", "data": [1.0, 2.0, 2.0, 2.0, 5.0, 5.0, 5.0, 5.0]}], [{"col": "c2", "type": "TEXT", "data": ["bedford jezzard", "tommy taylor", "gordon hill", "alan smith", "jack rowley", "brian talbot", "paul merson", "matthew le tissier"]}], [{"col": "c3", "type": "TEXT", "data": ["3", "2", "6", "4", "1", "6", "4", "6"]}, {"col": "c3_number", "type": "REAL", "data": [3.0, 2.0, 6.0, 4.0, 1.0, 6.0, 4.0, 6.0]}], [{"col": "c4", "type": "TEXT", "data": ["6", "4", "4", "4", "3", "3", "3", "3"]}, {"col": "c4_number", "type": "REAL", "data": [6.0, 4.0, 4.0, 4.0, 3.0, 3.0, 3.0, 3.0]}], [{"col": "c5", "type": "TEXT", "data": ["1954-1955", "1956", "1978", "1990-1992", "1949", "1978-1980", "1991-1998", "1990-1998"]}, {"col": "c5_minimum_number", "type": "INTEGER", "data": [1954, 1956, 1978, 1990, 1949, 1978, 1991, 1990]}, {"col": "c5_minimum_parsed", "type": "TEXT", "data": ["1954", "1956", "1978", "1990", "1949", "1978", "1991", "1990"]}, {"col": "c5_minimum_year", "type": "INTEGER", "data": [1954, 1956, 1978, 1990, 1949, 1978, 1991, 1990]}, {"col": "c5_maximum_number", "type": "INTEGER", "data": [1955, 1956, 1978, 1992, 1949, 1980, 1998, 1998]}, {"col": "c5_maximum_parsed", "type": "TEXT", "data": ["1955", "1956", "1978", "1992", "1949", "1980", "1998", "1998"]}, {"col": "c5_maximum_year", "type": "INTEGER", "data": [1955, 1956, 1978, 1992, 1949, 1980, 1998, 1998]}]], "is_list": {"id": false, "agg": false, "c1": false, "c1_number": false, "c2": false, "c3": false, "c3_number": false, "c4": false, "c4_number": false, "c5": false, "c5_minimum_number": false, "c5_minimum_parsed": false, "c5_minimum_year": false, "c5_maximum_number": false, "c5_maximum_parsed": false, "c5_maximum_year": false}}