{"headers": ["id", "agg", "township", "fips", "population\ncenter", "population", "population\ndensity\n/km2 (/sq mi)", "land area\nkm2 (sq mi)", "water area\nkm2 (sq mi)", "water %", "geographic coordinates"], "types": ["id", "agg", "text", "number", "text", "number", "number(number)", "number(number)", "number(number)", "percentage", "text"], "contents": [[{"col": "id", "type": "INTEGER", "data": [1, 2, 3, 4, 5, 6, 7, 8, 9, 10, 11, 12, 13, 14, 15, 16, 17, 18, 19]}], [{"col": "agg", "type": "INTEGER", "data": [0, 0, 0, 0, 0, 0, 0, 0, 0, 0, 0, 0, 0, 0, 0, 0, 0, 0, 0]}], [{"col": "c1", "type": "TEXT", "data": ["ash creek", "black wolf", "carneiro", "clear creek", "columbia", "ellsworth", "empire", "garfield", "green garden", "langley", "lincoln", "mulberry", "noble", "palacky", "sherman", "thomas", "trivoli", "valley", "wilson"]}], [{"col": "c2", "type": "TEXT", "data": ["2575", "7025", "10800", "13725", "15025", "20525", "21150", "25575", "28600", "38600", "40675", "49050", "50825", "54100", "64950", "70450", "71525", "72800", "79700"]}, {"col": "c2_number", "type": "REAL", "data": [2575, 7025.0, 10800.0, 13725.0, 15025.0, 20525.0, 21150.0, 25575.0, 28600.0, 38600.0, 40675.0, 49050.0, 50825.0, 54100.0, 64950.0, 70450.0, 71525.0, 72800.0, 79700.0]}], [{"col": "c3", "type": "TEXT", "data": [null, null, null, null, null, null, null, null, "lorraine", null, null, null, null, null, null, null, null, "holyrood", "wilson"]}], [{"col": "c4", "type": "TEXT", "data": ["58", "87", "57", "91", "60", "797", "174", "27", "211", "76", "62", "44", "90", "63", "65", "72", "55", "577", "894"]}, {"col": "c4_number", "type": "REAL", "data": [58.0, 87.0, 57.0, 91.0, 60.0, 797.0, 174.0, 27.0, 211.0, 76.0, 62.0, 44.0, 90.0, 63.0, 65.0, 72.0, 55.0, 577.0, 894.0]}], [{"col": "c5", "type": "TEXT", "data": ["1 (2)", "1 (2)", "1 (2)", "1 (3)", "1 (2)", "9 (23)", "1 (3)", "0 (1)", "2 (6)", "1 (2)", "1 (2)", "0 (1)", "1 (3)", "1 (2)", "1 (2)", "1 (2)", "1 (2)", "6 (16)", "10 (25)"]}, {"col": "c5_first", "type": "TEXT", "data": ["1", "1", "1", "1", "1", "9", "1", "0", "2", "1", "1", "0", "1", "1", "1", "1", "1", "6", "10"]}, {"col": "c5_second", "type": "TEXT", "data": ["2", "2", "2", "3", "2", "23", "3", "1", "6", "2", "2", "1", "3", "2", "2", "2", "2", "16", "25"]}, {"col": "c5_first_number", "type": "REAL", "data": [1.0, 1.0, 1.0, 1.0, 1.0, 9.0, 1.0, 0.0, 2.0, 1.0, 1.0, 0.0, 1.0, 1.0, 1.0, 1.0, 1.0, 6.0, 10.0]}, {"col": "c5_second_number", "type": "REAL", "data": [2.0, 2.0, 2.0, 3.0, 2.0, 23.0, 3.0, 1.0, 6.0, 2.0, 2.0, 1.0, 3.0, 2.0, 2.0, 2.0, 2.0, 16.0, 25.0]}], [{"col": "c6", "type": "TEXT", "data": ["93 (36)", "94 (36)", "93 (36)", "94 (36)", "94 (36)", "88 (34)", "171 (66)", "92 (36)", "94 (36)", "92 (35)", "95 (37)", "93 (36)", "93 (36)", "94 (36)", "94 (36)", "93 (36)", "93 (36)", "93 (36)", "93 (36)"]}, {"col": "c6_first", "type": "TEXT", "data": ["93", "94", "93", "94", "94", "88", "171", "92", "94", "92", "95", "93", "93", "94", "94", "93", "93", "93", "93"]}, {"col": "c6_second", "type": "TEXT", "data": ["36", "36", "36", "36", "36", "34", "66", "36", "36", "35", "37", "36", "36", "36", "36", "36", "36", "36", "36"]}, {"col": "c6_first_number", "type": "REAL", "data": [93.0, 94.0, 93.0, 94.0, 94.0, 88.0, 171.0, 92.0, 94.0, 92.0, 95.0, 93.0, 93.0, 94.0, 94.0, 93.0, 93.0, 93.0, 93.0]}, {"col": "c6_second_number", "type": "REAL", "data": [36.0, 36.0, 36.0, 36.0, 36.0, 34.0, 66.0, 36.0, 36.0, 35.0, 37.0, 36.0, 36.0, 36.0, 36.0, 36.0, 36.0, 36.0, 36.0]}], [{"col": "c7", "type": "TEXT", "data": ["0 (0)", "0 (0)", "0 (0)", "0 (0)", "0 (0)", "0 (0)", "14 (6)", "0 (0)", "0 (0)", "2 (1)", "0 (0)", "0 (0)", "0 (0)", "0 (0)", "0 (0)", "0 (0)", "0 (0)", "0 (0)", "0 (0)"]}, {"col": "c7_first", "type": "TEXT", "data": ["0", "0", "0", "0", "0", "0", "14", "0", "0", "2", "0", "0", "0", "0", "0", "0", "0", "0", "0"]}, {"col": "c7_second", "type": "TEXT", "data": ["0", "0", "0", "0", "0", "0", "6", "0", "0", "1", "0", "0", "0", "0", "0", "0", "0", "0", "0"]}, {"col": "c7_first_number", "type": "REAL", "data": [0.0, 0.0, 0.0, 0.0, 0.0, 0.0, 14.0, 0.0, 0.0, 2.0, 0.0, 0.0, 0.0, 0.0, 0.0, 0.0, 0.0, 0.0, 0.0]}, {"col": "c7_second_number", "type": "REAL", "data": [0.0, 0.0, 0.0, 0.0, 0.0, 0.0, 6.0, 0.0, 0.0, 1.0, 0.0, 0.0, 0.0, 0.0, 0.0, 0.0, 0.0, 0.0, 0.0]}], [{"col": "c8", "type": "TEXT", "data": ["0.51%", "0.10%", "0.36%", "0.17%", "0.04%", "0.23%", "7.79%", "0.30%", "0.22%", "1.86%", "0.22%", "0.24%", "0.04%", "0.08%", "0.22%", "0.21%", "0.38%", "0.14%", "0.06%"]}, {"col": "c8_number", "type": "REAL", "data": [0.51, 0.1, 0.36, 0.17, 0.04, 0.23, 7.79, 0.3, 0.22, 1.86, 0.22, 0.24, 0.04, 0.08, 0.22, 0.21, 0.38, 0.14, 0.06]}], [{"col": "c9", "type": "TEXT", "data": ["38\u00b039\u203217\u2032\u2032n 98\u00b012\u203247\u2032\u2032w\ufeff / \ufeff38.65472\u00b0n 98.21306\u00b0w", "38\u00b044\u203240\u2032\u2032n 98\u00b019\u203233\u2032\u2032w\ufeff / \ufeff38.74444\u00b0n 98.32583\u00b0w", "38\u00b045\u20322\u2032\u2032n 97\u00b059\u203246\u2032\u2032w\ufeff / \ufeff38.75056\u00b0n 97.99611\u00b0w", "38\u00b044\u203210\u2032\u2032n 98\u00b06\u203216\u2032\u2032w\ufeff / \ufeff38.73611\u00b0n 98.10444\u00b0w", "38\u00b050\u20325\u2032\u2032n 98\u00b018\u203250\u2032\u2032w\ufeff / \ufeff38.83472\u00b0n 98.31389\u00b0w", "38\u00b043\u20326\u2032\u2032n 98\u00b010\u203258\u2032\u2032w\ufeff / \ufeff38.71833\u00b0n 98.18278\u00b0w", "38\u00b039\u20326\u2032\u2032n 98\u00b01\u20327\u2032\u2032w\ufeff / \ufeff38.65167\u00b0n 98.01861\u00b0w", "38\u00b050\u20329\u2032\u2032n 98\u00b06\u203242\u2032\u2032w\ufeff / \ufeff38.83583\u00b0n 98.11167\u00b0w", "38\u00b033\u203230\u2032\u2032n 98\u00b019\u203219\u2032\u2032w\ufeff / \ufeff38.55833\u00b0n 98.32194\u00b0w", "38\u00b035\u203233\u2032\u2032n 97\u00b058\u203215\u2032\u2032w\ufeff / \ufeff38.59250\u00b0n 97.97083\u00b0w", "38\u00b039\u20328\u2032\u2032n 98\u00b018\u20320\u2032\u2032w\ufeff / \ufeff38.65222\u00b0n 98.30000\u00b0w", "38\u00b050\u20325\u2032\u2032n 97\u00b058\u203228\u2032\u2032w\ufeff / \ufeff38.83472\u00b0n 97.97444\u00b0w", "38\u00b044\u203251\u2032\u2032n 98\u00b025\u203233\u2032\u2032w\ufeff / \ufeff38.74750\u00b0n 98.42583\u00b0w", "38\u00b038\u203251\u2032\u2032n 98\u00b025\u203256\u2032\u2032w\ufeff / \ufeff38.64750\u00b0n 98.43222\u00b0w", "38\u00b049\u203221\u2032\u2032n 98\u00b013\u20327\u2032\u2032w\ufeff / \ufeff38.82250\u00b0n 98.21861\u00b0w", "38\u00b033\u203256\u2032\u2032n 98\u00b011\u203233\u2032\u2032w\ufeff / \ufeff38.56556\u00b0n 98.19250\u00b0w", "38\u00b035\u20327\u2032\u2032n 98\u00b04\u203223\u2032\u2032w\ufeff / \ufeff38.58528\u00b0n 98.07306\u00b0w", "38\u00b034\u203222\u2032\u2032n 98\u00b024\u203256\u2032\u2032w\ufeff / \ufeff38.57278\u00b0n 98.41556\u00b0w", "38\u00b049\u203234\u2032\u2032n 98\u00b027\u203223\u2032\u2032w\ufeff / \ufeff38.82611\u00b0n 98.45639\u00b0w"]}]], "is_list": {"id": false, "agg": false, "c1": false, "c2": false, "c2_number": false, "c3": false, "c4": false, "c4_number": false, "c5": false, "c5_first": false, "c5_second": false, "c5_first_number": false, "c5_second_number": false, "c6": false, "c6_first": false, "c6_second": false, "c6_first_number": false, "c6_second_number": false, "c7": false, "c7_first": false, "c7_second": false, "c7_first_number": false, "c7_second_number": false, "c8": false, "c8_number": false, "c9": false}}