{"headers": ["id", "agg", "dvd title", "discs", "year", "no. of ep.", "dvd release\nregion 2", "dvd release\nregion 4"], "types": ["id", "agg", "text", "number", "<c, timespan>", "number", "date", "date"], "contents": [[{"col": "id", "type": "INTEGER", "data": [1, 2, 3, 4, 5, 6, 7, 8, 9, 10, 11, 12, 13, 14, 15, 16, 17]}], [{"col": "agg", "type": "INTEGER", "data": [0, 0, 0, 0, 0, 0, 0, 0, 0, 0, 0, 0, 0, 0, 0, 0, 0]}], [{"col": "c1", "type": "TEXT", "data": ["complete series 1", "complete series 2", "complete series 3", "complete series 4", "complete series 5", "complete series 6", "complete series 7", "complete series 8", "complete series 9", "complete series 10", "complete series 11", "complete series 12", "the christmas specials", "the complete collection", "two ronnies in australia", "the best of...volume 1", "the best of...volume 2"]}], [{"col": "c2", "type": "TEXT", "data": ["2", "2", "2", "2", "2", "2", "2", "2", "2", "2", "2", "2", "2", "27", "2", "1", "1"]}, {"col": "c2_number", "type": "REAL", "data": [2.0, 2.0, 2.0, 2.0, 2.0, 2.0, 2.0, 2.0, 2.0, 2.0, 2.0, 2.0, 2.0, 27.0, 2.0, 1.0, 1.0]}], [{"col": "c3", "type": "TEXT", "data": ["1971", "1972", "1973-1974", "1975", "1976", "1977-1978", "1978-1979", "1980", "1981-1982", "1983-1984", "1985", "1985-1986", "1973-1982-1984-1987", "1971-1987, 2010", "1986", "1971-1984", "1971-1985"]}, {"col": "c3_list", "type": "LIST TEXT", "data": [["1971"], ["1972"], ["1973-1974"], ["1975"], ["1976"], ["1977-1978"], ["1978-1979"], ["1980"], ["1981-1982"], ["1983-1984"], ["1985"], ["1985-1986"], ["1973-1982-1984-1987"], ["1971-1987", "2010"], ["1986"], ["1971-1984"], ["1971-1985"]]}, {"col": "c3_length", "type": "INTEGER", "data": [1, 1, 1, 1, 1, 1, 1, 1, 1, 1, 1, 1, 1, 2, 1, 1, 1]}, {"col": "c3_list_minimum_number", "type": "LIST INTEGER", "data": [[1971], [1972], [1973], [1975], [1976], [1977], [1978], [1980], [1981], [1983], [1985], [1985], [], [1971, 2010], [1986], [1971], [1971]]}, {"col": "c3_list_minimum_parsed", "type": "LIST TEXT", "data": [["1971"], ["1972"], ["1973"], ["1975"], ["1976"], ["1977"], ["1978"], ["1980"], ["1981"], ["1983"], ["1985"], ["1985"], [], ["1971", "2010"], ["1986"], ["1971"], ["1971"]]}, {"col": "c3_list_minimum_year", "type": "LIST INTEGER", "data": [[1971], [1972], [1973], [1975], [1976], [1977], [1978], [1980], [1981], [1983], [1985], [1985], [], [1971, 2010], [1986], [1971], [1971]]}, {"col": "c3_list_maximum_number", "type": "LIST INTEGER", "data": [[1971], [1972], [1974], [1975], [1976], [1978], [1979], [1980], [1982], [1984], [1985], [1986], [], [1987, 2010], [1986], [1984], [1985]]}, {"col": "c3_list_maximum_parsed", "type": "LIST TEXT", "data": [["1971"], ["1972"], ["1974"], ["1975"], ["1976"], ["1978"], ["1979"], ["1980"], ["1982"], ["1984"], ["1985"], ["1986"], [], ["1987", "2010"], ["1986"], ["1984"], ["1985"]]}, {"col": "c3_list_maximum_year", "type": "LIST INTEGER", "data": [[1971], [1972], [1974], [1975], [1976], [1978], [1979], [1980], [1982], [1984], [1985], [1986], [], [1987, 2010], [1986], [1984], [1985]]}], [{"col": "c4", "type": "TEXT", "data": ["8", "8", "8", "8", "8", "8", "8", "8", "8", "6", "5", "6", "4", "96", "6", "1 compilation", "1 compilation"]}, {"col": "c4_number", "type": "REAL", "data": [8.0, 8.0, 8.0, 8.0, 8.0, 8.0, 8.0, 8.0, 8.0, 6.0, 5.0, 6.0, 4.0, 96.0, 6.0, 1.0, 1.0]}], [{"col": "c5", "type": "TEXT", "data": ["30 april 2007", "2 july 2007", "17 march 2008", "19 may 2008", "15 june 2009", "22 february 2010", "17 may 2010", "6 september 2010", "28 february 2011", "9 may 2011", "25 july 2011", "26 september 2011", "29 october 2007", "24 september 2012", null, "1 october 2001", "29 september 2003"]}, {"col": "c5_number", "type": "INTEGER", "data": [30, 2, 17, 19, 15, 22, 17, 6, 28, 9, 25, 26, 29, 24, null, 1, 29]}, {"col": "c5_parsed", "type": "TEXT", "data": ["2007-04-30", "2007-07-02", "2008-03-17", "2008-05-19", "2009-06-15", "2010-02-22", "2010-05-17", "2010-09-06", "2011-02-28", "2011-05-09", "2011-07-25", "2011-09-26", "2007-10-29", "2012-09-24", null, "2001-10-01", "2003-09-29"]}, {"col": "c5_year", "type": "INTEGER", "data": [2007, 2007, 2008, 2008, 2009, 2010, 2010, 2010, 2011, 2011, 2011, 2011, 2007, 2012, null, 2001, 2003]}, {"col": "c5_month", "type": "INTEGER", "data": [4, 7, 3, 5, 6, 2, 5, 9, 2, 5, 7, 9, 10, 9, null, 10, 9]}, {"col": "c5_day", "type": "INTEGER", "data": [30, 2, 17, 19, 15, 22, 17, 6, 28, 9, 25, 26, 29, 24, null, 1, 29]}], [{"col": "c6", "type": "TEXT", "data": ["4 july 2007", "8 may 2008", "5 march 2009", "6 august 2009", "4 march 2010", "5 august 2010", "3 march 2011", "2 june 2011", "1 march 2012", "5 september 2012", "3 april 2013", "7 august 2013", "6 november 2008", "2013", "28 june 2008", "4 march 2002", "17 march 2003"]}, {"col": "c6_number", "type": "INTEGER", "data": [4, 8, 5, 6, 4, 5, 3, 2, 1, 5, 3, 7, 6, 2013, 28, 4, 17]}, {"col": "c6_parsed", "type": "TEXT", "data": ["2007-07-04", "2008-05-08", "2009-03-05", "2009-08-06", "2010-03-04", "2010-08-05", "2011-03-03", "2011-06-02", "2012-03-01", "2012-09-05", "2013-04-03", "2013-08-07", "2008-11-06", "2013", "2008-06-28", "2002-03-04", "2003-03-17"]}, {"col": "c6_year", "type": "INTEGER", "data": [2007, 2008, 2009, 2009, 2010, 2010, 2011, 2011, 2012, 2012, 2013, 2013, 2008, 2013, 2008, 2002, 2003]}, {"col": "c6_month", "type": "INTEGER", "data": [7, 5, 3, 8, 3, 8, 3, 6, 3, 9, 4, 8, 11, null, 6, 3, 3]}, {"col": "c6_day", "type": "INTEGER", "data": [4, 8, 5, 6, 4, 5, 3, 2, 1, 5, 3, 7, 6, null, 28, 4, 17]}]], "is_list": {"id": false, "agg": false, "c1": false, "c2": false, "c2_number": false, "c3": false, "c3_list": true, "c3_length": false, "c3_list_minimum_number": true, "c3_list_minimum_parsed": true, "c3_list_minimum_year": true, "c3_list_maximum_number": true, "c3_list_maximum_parsed": true, "c3_list_maximum_year": true, "c4": false, "c4_number": false, "c5": false, "c5_number": false, "c5_parsed": false, "c5_year": false, "c5_month": false, "c5_day": false, "c6": false, "c6_number": false, "c6_parsed": false, "c6_year": false, "c6_month": false, "c6_day": false}}