{"headers": ["id", "agg", "year", "laetare medalist", "position"], "types": ["id", "agg", "number", "<nt, text>(text)", "text"], "contents": [[{"col": "id", "type": "INTEGER", "data": [1, 2, 3, 4, 5, 6, 7, 8, 9, 10, 11, 12, 13, 14, 15, 16, 17, 18, 19, 20, 21, 22, 23, 24, 25, 26, 27, 28, 29, 30, 31, 32, 33, 34, 35, 36, 37, 38, 39, 40, 41, 42, 43, 44, 45, 46, 47, 48, 49, 50, 51, 52, 53, 54, 55, 56, 57, 58, 59, 60, 61, 62, 63, 64, 65, 66, 67, 68, 69, 70, 71, 72, 73, 74, 75, 76, 77, 78, 79, 80, 81, 82, 83, 84, 85, 86, 87, 88, 89, 90, 91, 92, 93, 94, 95, 96, 97, 98, 99, 100, 101, 102, 103, 104, 105, 106, 107, 108, 109, 110, 111, 112, 113, 114, 115, 116, 117, 118, 119, 120, 121, 122, 123, 124, 125, 126, 127, 128, 129, 130, 131, 132]}], [{"col": "agg", "type": "INTEGER", "data": [0, 0, 0, 0, 0, 0, 0, 0, 0, 0, 0, 0, 0, 0, 0, 0, 0, 0, 0, 0, 0, 0, 0, 0, 0, 0, 0, 0, 0, 0, 0, 0, 0, 0, 0, 0, 0, 0, 0, 0, 0, 0, 0, 0, 0, 0, 0, 0, 0, 0, 0, 0, 0, 0, 0, 0, 0, 0, 0, 0, 0, 0, 0, 0, 0, 0, 0, 0, 0, 0, 0, 0, 0, 0, 0, 0, 0, 0, 0, 0, 0, 0, 0, 0, 0, 0, 0, 0, 0, 0, 0, 0, 0, 0, 0, 0, 0, 0, 0, 0, 0, 0, 0, 0, 0, 0, 0, 0, 0, 0, 0, 0, 0, 0, 0, 0, 0, 0, 0, 0, 0, 0, 0, 0, 0, 0, 0, 0, 0, 0, 0, 0]}], [{"col": "c1", "type": "TEXT", "data": ["1883", "1884", "1885", "1886", "1887", "1888", "1889", "1890", "1891", "1892", "1893", "1894", "1895", "1896", "1897", "1898", "1899", "1900", "1901", "1902", "1903", "1904", "1905", "1906", "1907", "1908", "1909", "1910", "1911", "1912", "1913", "1914", "1915", "1916", "1917", "1918", "1919", "1920", "1921", "1922", "1923", "1924", "1925", "1926", "1927", "1928", "1929", "1930", "1931", "1932", "1933", "1934", "1935", "1936", "1937", "1938", "1939", "1940", "1941", "1942", "1943", "1944", "1945", "1946", "1947", "1948", "1949", "1950", "1951", "1952", "1953", "1954", "1955", "1956", "1957", "1958", "1959", "1960", "1961", "1962", "1963", "1964", "1965", "1966", "1967", "1968", "1969", "1970", "1971", "1972", "1973", "1974", "1975", "1976", "1977", "1978", "1979", "1980", "1981", "1982", "1983", "1984", "1985", "1986", "1987", "1988", "1989", "1990", "1991", "1992", "1993", "1994", "1995", "1996", "1997", "1998", "1999", "2000", "2001", "2002", "2003", "2004", "2005", "2006", "2007", "2008", "2009", "2010", "2011", "2012", "2013", "2014"]}, {"col": "c1_number", "type": "INTEGER", "data": [1883, 1884, 1885, 1886, 1887, 1888, 1889, 1890, 1891, 1892, 1893, 1894, 1895, 1896, 1897, 1898, 1899, 1900, 1901, 1902, 1903, 1904, 1905, 1906, 1907, 1908, 1909, 1910, 1911, 1912, 1913, 1914, 1915, 1916, 1917, 1918, 1919, 1920, 1921, 1922, 1923, 1924, 1925, 1926, 1927, 1928, 1929, 1930, 1931, 1932, 1933, 1934, 1935, 1936, 1937, 1938, 1939, 1940, 1941, 1942, 1943, 1944, 1945, 1946, 1947, 1948, 1949, 1950, 1951, 1952, 1953, 1954, 1955, 1956, 1957, 1958, 1959, 1960, 1961, 1962, 1963, 1964, 1965, 1966, 1967, 1968, 1969, 1970, 1971, 1972, 1973, 1974, 1975, 1976, 1977, 1978, 1979, 1980, 1981, 1982, 1983, 1984, 1985, 1986, 1987, 1988, 1989, 1990, 1991, 1992, 1993, 1994, 1995, 1996, 1997, 1998, 1999, 2000, 2001, 2002, 2003, 2004, 2005, 2006, 2007, 2008, 2009, 2010, 2011, 2012, 2013, 2014]}], [{"col": "c2", "type": "TEXT", "data": ["john gilmary shea", "patrick charles keely", "eliza allen starr", "general john newton", "edward preuss", "patrick v. hickey", "anna hanson dorsey", "william j. onahan", "daniel dougherty", "henry f. brownson", "patrick donohue", "augustin daly", "mary anne sadlier", "general william starke rosencrans", "thomas addis emmet", "timothy edward howard", "mary gwendolin caldwell", "john a. creighton", "william bourke cockran", "john benjamin murphy", "charles jerome bonaparte", "richard c. kerens", "thomas b. fitzpatrick", "francis j. quinlan", "katherine eleanor conway", "james c. monaghan", "frances tieran (christian reid)", "maurice francis egan", "agnes repplier", "thomas m. mulry", "charles george herbermann", "edward douglass white", "mary v. merrick", "james joseph walsh", "admiral william shepherd benson", "joseph scott", "george l. duval", "lawrence francis flick", "elizabeth nourse", "charles patrick neill", "walter george smith", "charles donagh maginnis", "albert francis zahm", "edward nash hurley", "margaret anglin", "john johnson spaulding", "alfred emmanuel smith", "frederick philip kenkel", "james j. phelan", "stephen j. maher", "john mccormack", "genevieve garvan brady", "francis hamilton spearman", "richard reid", "jeremiah d. m. ford", "irvin william abell", "josephine van dyke brownson", "general hugh aloysius drum", "william thomas walsh", "helen constance white", "thomas francis woodlock", "anne o'hare mccormick", "gardiner howland shaw", "carlton j. h. hayes", "william g. bruce", "frank c. walker", "irene dunne griffin", "general joseph l. collins", "john henry phelan", "thomas e. murray", "i.a. o'shaughnessy", "jefferson caffery", "george meany", "general alfred m. gruenther", "clare boothe luce", "frank m. folsom", "robert daniel murphy", "george n. shuster", "john f. kennedy", "francis j. braceland", "admiral george whelan anderson, jr", "phyllis mcginley", "frederick d. rossini", "patrick f. & patricia caron crowley", "j. peter grace", "robert sargent shriver", "william j. brennan jr", "dr. william b. walsh", "walter kerr & jean kerr", "dorothy day", "rev. john a. o'brien", "james a. farley", "sr. ann ida gannon, bmv", "paul horgan", "mike mansfield", "msgr. john tracy ellis", "helen hayes", "thomas p. (tip) o'neill jr", "edmund sixtus muskie", "john francis cardinal dearden", "edmund & evelyn stephan", "john t. noonan, jr", "guido calabresi", "thomas & mary elizabeth carney", "rev. theodore hesburgh, csc", "eunice kennedy shriver", "walker percy", "sister thea bowman (posthumously)", "corinne lindy boggs", "daniel patrick moynihan", "donald r. keough", "sidney callahan", "joseph cardinal bernardin", "sister helen prejean", "rev. virgilio elizondo", "dr. edmund d. pellegrino", "philip gleason", "andrew mckenna", "msgr. george g. higgins", "father john smyth", "peter and margaret o'brien steinfels", "father j. bryan hehir", "dr. joseph e. murray", "dave brubeck", "patrick mccartan", "martin sheen", "not awarded (see below)", "dana gioia", "sister mary scullion, r.s.m., & joan mcconnon", "ken hackett", "sister susanne gallagher, s.p.\nsister mary therese harrington, s.h.\nrev. james h. mccarthy", "kenneth r. miller"]}, {"col": "c2_first", "type": "TEXT", "data": ["john gilmary shea", "patrick charles keely", "eliza allen starr", "general john newton", "edward preuss", "patrick v. hickey", "anna hanson dorsey", "william j. onahan", "daniel dougherty", "henry f. brownson", "patrick donohue", "augustin daly", "mary anne sadlier", "general william starke rosencrans", "thomas addis emmet", "timothy edward howard", "mary gwendolin caldwell", "john a. creighton", "william bourke cockran", "john benjamin murphy", "charles jerome bonaparte", "richard c. kerens", "thomas b. fitzpatrick", "francis j. quinlan", "katherine eleanor conway", "james c. monaghan", "frances tieran", "maurice francis egan", "agnes repplier", "thomas m. mulry", "charles george herbermann", "edward douglass white", "mary v. merrick", "james joseph walsh", "admiral william shepherd benson", "joseph scott", "george l. duval", "lawrence francis flick", "elizabeth nourse", "charles patrick neill", "walter george smith", "charles donagh maginnis", "albert francis zahm", "edward nash hurley", "margaret anglin", "john johnson spaulding", "alfred emmanuel smith", "frederick philip kenkel", "james j. phelan", "stephen j. maher", "john mccormack", "genevieve garvan brady", "francis hamilton spearman", "richard reid", "jeremiah d. m. ford", "irvin william abell", "josephine van dyke brownson", "general hugh aloysius drum", "william thomas walsh", "helen constance white", "thomas francis woodlock", "anne o'hare mccormick", "gardiner howland shaw", "carlton j. h. hayes", "william g. bruce", "frank c. walker", "irene dunne griffin", "general joseph l. collins", "john henry phelan", "thomas e. murray", "i.a. o'shaughnessy", "jefferson caffery", "george meany", "general alfred m. gruenther", "clare boothe luce", "frank m. folsom", "robert daniel murphy", "george n. shuster", "john f. kennedy", "francis j. braceland", "admiral george whelan anderson, jr", "phyllis mcginley", "frederick d. rossini", "patrick f. & patricia caron crowley", "j. peter grace", "robert sargent shriver", "william j. brennan jr", "dr. william b. walsh", "walter kerr & jean kerr", "dorothy day", "rev. john a. o'brien", "james a. farley", "sr. ann ida gannon, bmv", "paul horgan", "mike mansfield", "msgr. john tracy ellis", "helen hayes", "thomas p.", "edmund sixtus muskie", "john francis cardinal dearden", "edmund & evelyn stephan", "john t. noonan, jr", "guido calabresi", "thomas & mary elizabeth carney", "rev. theodore hesburgh, csc", "eunice kennedy shriver", "walker percy", "sister thea bowman", "corinne lindy boggs", "daniel patrick moynihan", "donald r. keough", "sidney callahan", "joseph cardinal bernardin", "sister helen prejean", "rev. virgilio elizondo", "dr. edmund d. pellegrino", "philip gleason", "andrew mckenna", "msgr. george g. higgins", "father john smyth", "peter and margaret o'brien steinfels", "father j. bryan hehir", "dr. joseph e. murray", "dave brubeck", "patrick mccartan", "martin sheen", "not awarded", "dana gioia", "sister mary scullion, r.s.m., & joan mcconnon", "ken hackett", "sister susanne gallagher, s.p.\nsister mary therese harrington, s.h.\nrev. james h. mccarthy", "kenneth r. miller"]}, {"col": "c2_second", "type": "TEXT", "data": [null, null, null, null, null, null, null, null, null, null, null, null, null, null, null, null, null, null, null, null, null, null, null, null, null, null, "christian reid", null, null, null, null, null, null, null, null, null, null, null, null, null, null, null, null, null, null, null, null, null, null, null, null, null, null, null, null, null, null, null, null, null, null, null, null, null, null, null, null, null, null, null, null, null, null, null, null, null, null, null, null, null, null, null, null, null, null, null, null, null, null, null, null, null, null, null, null, null, null, "tip o'neill jr", null, null, null, null, null, null, null, null, null, "posthumously", null, null, null, null, null, null, null, null, null, null, null, null, null, null, null, null, null, null, "see below", null, null, null, null, null]}, {"col": "c2_first_list", "type": "LIST TEXT", "data": [["john gilmary shea"], ["patrick charles keely"], ["eliza allen starr"], ["general john newton"], ["edward preuss"], ["patrick v. hickey"], ["anna hanson dorsey"], ["william j. onahan"], ["daniel dougherty"], ["henry f. brownson"], ["patrick donohue"], ["augustin daly"], ["mary anne sadlier"], ["general william starke rosencrans"], ["thomas addis emmet"], ["timothy edward howard"], ["mary gwendolin caldwell"], ["john a. creighton"], ["william bourke cockran"], ["john benjamin murphy"], ["charles jerome bonaparte"], ["richard c. kerens"], ["thomas b. fitzpatrick"], ["francis j. quinlan"], ["katherine eleanor conway"], ["james c. monaghan"], ["frances tieran"], ["maurice francis egan"], ["agnes repplier"], ["thomas m. mulry"], ["charles george herbermann"], ["edward douglass white"], ["mary v. merrick"], ["james joseph walsh"], ["admiral william shepherd benson"], ["joseph scott"], ["george l. duval"], ["lawrence francis flick"], ["elizabeth nourse"], ["charles patrick neill"], ["walter george smith"], ["charles donagh maginnis"], ["albert francis zahm"], ["edward nash hurley"], ["margaret anglin"], ["john johnson spaulding"], ["alfred emmanuel smith"], ["frederick philip kenkel"], ["james j. phelan"], ["stephen j. maher"], ["john mccormack"], ["genevieve garvan brady"], ["francis hamilton spearman"], ["richard reid"], ["jeremiah d. m. ford"], ["irvin william abell"], ["josephine van dyke brownson"], ["general hugh aloysius drum"], ["william thomas walsh"], ["helen constance white"], ["thomas francis woodlock"], ["anne o'hare mccormick"], ["gardiner howland shaw"], ["carlton j. h. hayes"], ["william g. bruce"], ["frank c. walker"], ["irene dunne griffin"], ["general joseph l. collins"], ["john henry phelan"], ["thomas e. murray"], ["i.a. o'shaughnessy"], ["jefferson caffery"], ["george meany"], ["general alfred m. gruenther"], ["clare boothe luce"], ["frank m. folsom"], ["robert daniel murphy"], ["george n. shuster"], ["john f. kennedy"], ["francis j. braceland"], ["admiral george whelan anderson", "jr"], ["phyllis mcginley"], ["frederick d. rossini"], ["patrick f.", "patricia caron crowley"], ["j. peter grace"], ["robert sargent shriver"], ["william j. brennan jr"], ["dr. william b. walsh"], ["walter kerr", "jean kerr"], ["dorothy day"], ["rev. john a. o'brien"], ["james a. farley"], ["sr. ann ida gannon", "bmv"], ["paul horgan"], ["mike mansfield"], ["msgr. john tracy ellis"], ["helen hayes"], ["thomas p."], ["edmund sixtus muskie"], ["john francis cardinal dearden"], ["edmund", "evelyn stephan"], ["john t. noonan", "jr"], ["guido calabresi"], ["thomas", "mary elizabeth carney"], ["rev. theodore hesburgh", "csc"], ["eunice kennedy shriver"], ["walker percy"], ["sister thea bowman"], ["corinne lindy boggs"], ["daniel patrick moynihan"], ["donald r. keough"], ["sidney callahan"], ["joseph cardinal bernardin"], ["sister helen prejean"], ["rev. virgilio elizondo"], ["dr. edmund d. pellegrino"], ["philip gleason"], ["andrew mckenna"], ["msgr. george g. higgins"], ["father john smyth"], ["peter and margaret o'brien steinfels"], ["father j. bryan hehir"], ["dr. joseph e. murray"], ["dave brubeck"], ["patrick mccartan"], ["martin sheen"], ["not awarded"], ["dana gioia"], ["sister mary scullion", "r.s.m.", "joan mcconnon"], ["ken hackett"], ["sister susanne gallagher", "s.p.", "sister mary therese harrington", "s.h.", "rev. james h. mccarthy"], ["kenneth r. miller"]]}, {"col": "c2_first_length", "type": "INTEGER", "data": [1, 1, 1, 1, 1, 1, 1, 1, 1, 1, 1, 1, 1, 1, 1, 1, 1, 1, 1, 1, 1, 1, 1, 1, 1, 1, 1, 1, 1, 1, 1, 1, 1, 1, 1, 1, 1, 1, 1, 1, 1, 1, 1, 1, 1, 1, 1, 1, 1, 1, 1, 1, 1, 1, 1, 1, 1, 1, 1, 1, 1, 1, 1, 1, 1, 1, 1, 1, 1, 1, 1, 1, 1, 1, 1, 1, 1, 1, 1, 1, 2, 1, 1, 2, 1, 1, 1, 1, 2, 1, 1, 1, 2, 1, 1, 1, 1, 1, 1, 1, 2, 2, 1, 2, 2, 1, 1, 1, 1, 1, 1, 1, 1, 1, 1, 1, 1, 1, 1, 1, 1, 1, 1, 1, 1, 1, 1, 1, 3, 1, 5, 1]}], [{"col": "c3", "type": "TEXT", "data": ["historian", "architect", "art critic", "engineer", "publicist", "founder and editor of the catholic review", "novelist", "organizer of the american catholic congress", "orator", "philosopher and author", "founder of the boston pilot", "theatrical producer", "novelist", "soldier", "physician", "jurist", "philanthropist", "philanthropist", "orator", "surgeon", "lawyer", "diplomat", "philanthropist", "physician", "journalist and author", "economist", "novelist", "author and diplomat", "author", "philanthropist", "editor of the catholic encyclopedia", "chief justice of the united states", "philanthropist", "physician and author", "chief of naval operations", "lawyer", "philanthropist", "physician", "artist", "economist", "lawyer", "architect", "scientist", "businessman", "actress", "lawyer", "statesman", "publicist", "businessman", "physician", "artist", "philanthropist", "novelist", "journalist and lawyer", "scholar", "surgeon", "catechist", "soldier", "journalist and author", "author and teacher", "editor", "journalist", "diplomat", "historian and diplomat", "publisher and civic leader", "postmaster general and civic leader", "actress", "soldier", "philanthropist", "member of the u.s. atomic energy commission", "philanthropist", "diplomat", "labor leader", "soldier", "diplomat", "industrialist", "diplomat", "educator", "president of the united states", "psychiatrist", "chief of naval operations", "poet", "scientist", "founders of the christian movement", "industrialist", "diplomat", "associate justice of the supreme court", "physician", "drama critic and author", "founder of the catholic worker movement", "author", "business executive and former postmaster general", "president of mundelein college", "author", "former senate majority leader", "church historian", "actress", "speaker of the house", "secretary of state", "archbishop emeritus of detroit", "chairman emeritus of the board of trustees and his wife", "lawyer", "dean of the yale law school", "chairman of the board of trustees and his wife", "president of the university of notre dame", "founder & chairwoman of the special olympics", "novelist", "educator", "former louisiana congresswoman", "u.s. senator from new york", "chairman emeritus of the board of trustees", "educator and journalist", "archbishop of chicago", "death penalty abolitionist", "theologian and activist", "medical ethicist and educator", "professor emeritus of history, notre dame", "chairman of the board of trustees", "priest and labor activist", "executive director of maryville academy", "editors of commonweal", "president of catholic charities, archdiocese of boston", "surgeon & nobel prize winner", "jazz pianist", "chairman of the board of trustees", "actor", null, "former chairman of national endowment for the arts", "social advocates", "former president of catholic relief services", "founders of s.p.r.e.d. (special religious education development network)", "professor of biology at brown university"]}]], "is_list": {"id": false, "agg": false, "c1": false, "c1_number": false, "c2": false, "c2_first": false, "c2_second": false, "c2_first_list": true, "c2_first_length": false, "c3": false}}