{"headers": ["id", "agg", "player", "games played", "minutes played", "minutes played per game", "rebounds", "rebounds per game", "assists", "assists per game", "field goal %", "free throw %", "3-point %", "points", "points per game"], "types": ["id", "agg", "text", "number", "number", "number", "number", "number", "number", "number", "number", "number", "number", "number", "number"], "contents": [[{"col": "id", "type": "INTEGER", "data": [1, 2, 3, 4, 5, 6, 7, 8, 9, 10, 11, 12, 13, 14, 15, 16]}], [{"col": "agg", "type": "INTEGER", "data": [0, 0, 0, 0, 0, 0, 0, 0, 0, 0, 0, 0, 0, 0, 0, 0]}], [{"col": "c1", "type": "TEXT", "data": ["allan houston", "latrell sprewell", "glen rice", "marcus camby", "kurt thomas", "larry johnson", "charlie ward", "othella harrington", "mark jackson", "chris childs", "erick strickland", "lavor postell", "felton spencer", "luc longley", "rick brunson", "travis knight"]}], [{"col": "c2", "type": "TEXT", "data": ["78", "77", "75", "63", "77", "65", "61", "30", "29", "51", "28", "26", "18", "25", "15", "45"]}, {"col": "c2_number", "type": "REAL", "data": [78.0, 77.0, 75.0, 63.0, 77.0, 65.0, 61.0, 30.0, 29.0, 51.0, 28.0, 26.0, 18.0, 25.0, 15.0, 45.0]}], [{"col": "c3", "type": "TEXT", "data": ["2858", "3017", "2212", "2127", "2125", "2105", "1492", "548", "786", "1309", "421", "169", "113", "301", "66", "256"]}, {"col": "c3_number", "type": "REAL", "data": [2858, 3017.0, 2212, 2127, 2125, 2105, 1492, 548.0, 786.0, 1309, 421.0, 169.0, 113.0, 301.0, 66.0, 256.0]}], [{"col": "c4", "type": "TEXT", "data": ["36.6", "39.2", "29.5", "33.8", "27.6", "32.4", "24.5", "18.3", "27.1", "25.7", "15", "6.5", "6.3", "12", "4.4", "5.7"]}, {"col": "c4_number", "type": "REAL", "data": [36.6, 39.2, 29.5, 33.8, 27.6, 32.4, 24.5, 18.3, 27.1, 25.7, 15.0, 6.5, 6.3, 12.0, 4.4, 5.7]}], [{"col": "c5", "type": "TEXT", "data": ["283", "347", "307", "515", "723", "363", "159", "99", "120", "138", "52", "25", "35", "66", "12", "53"]}, {"col": "c5_number", "type": "REAL", "data": [283.0, 347.0, 307.0, 515.0, 723.0, 363.0, 159.0, 99.0, 120.0, 138.0, 52.0, 25.0, 35.0, 66.0, 12.0, 53.0]}], [{"col": "c6", "type": "TEXT", "data": ["3.6", "4.5", "4.1", "11.5", "6.7", "5.6", "2.6", "3.3", "4.1", "2.7", "1.9", "1", "1.9", "2.6", "0.8", "1.2"]}, {"col": "c6_number", "type": "REAL", "data": [3.6, 4.5, 4.1, 11.5, 6.7, 5.6, 2.6, 3.3, 4.1, 2.7, 1.9, 1.0, 1.9, 2.6, 0.8, 1.2]}], [{"col": "c7", "type": "TEXT", "data": ["173", "269", "89", "52", "63", "127", "273", "20", "163", "236", "29", "5", "2", "7", "7", "5"]}, {"col": "c7_number", "type": "REAL", "data": [173.0, 269.0, 89.0, 52.0, 63.0, 127.0, 273.0, 20.0, 163.0, 236.0, 29.0, 5.0, 2.0, 7.0, 7.0, 5.0]}], [{"col": "c8", "type": "TEXT", "data": ["2.2", "3.5", "1.2", "0.8", "0.8", "2", "4.5", "0.7", "5.6", "4.6", "1", "0.2", "0.1", "0.3", "0.5", "0.1"]}, {"col": "c8_number", "type": "REAL", "data": [2.2, 3.5, 1.2, 0.8, 0.8, 2.0, 4.5, 0.7, 5.6, 4.6, 1.0, 0.2, 0.1, 0.3, 0.5, 0.1]}], [{"col": "c9", "type": "TEXT", "data": ["0.449", "0.43", "0.44", "0.524", "0.511", "0.411", "0.416", "0.554", "0.411", "0.419", "0.305", "0.315", "0.6", "0.333", "0.421", "0.189"]}, {"col": "c9_number", "type": "REAL", "data": [0.449, 0.43, 0.44, 0.524, 0.511, 0.411, 0.416, 0.554, 0.411, 0.419, 0.305, 0.315, 0.6, 0.333, 0.421, 0.189]}], [{"col": "c10", "type": "TEXT", "data": ["0.909", "0.783", "0.852", "0.667", "0.814", "0.797", "0.8", "0.729", "0.529", "0.848", "0.857", "0.815", "0.6", "0.765", "0.667", "0.5"]}, {"col": "c10_number", "type": "REAL", "data": [0.909, 0.783, 0.852, 0.667, 0.814, 0.797, 0.8, 0.729, 0.529, 0.848, 0.857, 0.815, 0.6, 0.765, 0.667, 0.5]}], [{"col": "c11", "type": "TEXT", "data": ["0.381", "0.304", "0.389", "0.125", "0.333", "0.313", "0.383", null, "0.31", "0.313", "0.34", "0.273", null, null, "0", "0"]}, {"col": "c11_number", "type": "REAL", "data": [0.381, 0.304, 0.389, 0.125, 0.333, 0.313, 0.383, null, 0.31, 0.313, 0.34, 0.273, null, null, 0.0, 0.0]}], [{"col": "c12", "type": "TEXT", "data": ["1459", "1364", "899", "759", "800", "645", "433", "185", "170", "245", "120", "59", "39", "49", "20", "29"]}, {"col": "c12_number", "type": "REAL", "data": [1459, 1364, 899.0, 759.0, 800.0, 645.0, 433.0, 185.0, 170.0, 245.0, 120.0, 59.0, 39.0, 49.0, 20.0, 29.0]}], [{"col": "c13", "type": "TEXT", "data": ["18.7", "17.7", "12", "12", "10.4", "9.9", "7.1", "6.2", "5.9", "4.8", "4.3", "2.3", "2.2", "2", "1.3", "0.6"]}, {"col": "c13_number", "type": "REAL", "data": [18.7, 17.7, 12.0, 12.0, 10.4, 9.9, 7.1, 6.2, 5.9, 4.8, 4.3, 2.3, 2.2, 2.0, 1.3, 0.6]}]], "is_list": {"id": false, "agg": false, "c1": false, "c2": false, "c2_number": false, "c3": false, "c3_number": false, "c4": false, "c4_number": false, "c5": false, "c5_number": false, "c6": false, "c6_number": false, "c7": false, "c7_number": false, "c8": false, "c8_number": false, "c9": false, "c9_number": false, "c10": false, "c10_number": false, "c11": false, "c11_number": false, "c12": false, "c12_number": false, "c13": false, "c13_number": false}}