{"headers": ["id", "agg", "player", "played", "legs won", "legs lost", "lwat", "100+", "140+", "180s", "high checkout", "3-dart average"], "types": ["id", "agg", "text", "number", "number", "number", "number", "number", "number", "number", "number", "number"], "contents": [[{"col": "id", "type": "INTEGER", "data": [1, 2, 3, 4, 5, 6, 7, 8, 9, 10, 11, 12, 13, 14, 15, 16, 17, 18, 19, 20, 21, 22, 23, 24, 25, 26, 27, 28, 29, 30, 31, 32]}], [{"col": "agg", "type": "INTEGER", "data": [0, 0, 0, 0, 0, 0, 0, 0, 0, 0, 0, 0, 0, 0, 0, 0, 0, 0, 0, 0, 0, 0, 0, 0, 0, 0, 0, 0, 0, 0, 0, 0]}], [{"col": "c1", "type": "TEXT", "data": ["phil taylor", "raymond van barneveld", "gary anderson", "kevin painter", "mervyn king", "co stompe", "james wade", "andy smith", "terry jenkins", "adrian lewis", "ronnie baxter", "alan tabern", "steve beaton", "vincent van der voort", "jelle klaasen", "mark walsh", "wes newton", "michael van gerwen", "andy hamilton", "denis ovens", "wayne jones", "peter wright", "colin osborne", "dennis priestley", "robert thornton", "mark dudbridge", "wayne mardle", "jamie caven", "john part", "tony eccles", "colin lloyd", "andy jenkins"]}], [{"col": "c2", "type": "TEXT", "data": ["5", "3", "2", "2", "4", "1", "3", "1", "5", "3", "4", "2", "2", "3", "1", "2", "1", "1", "1", "2", "1", "1", "1", "1", "1", "1", "2", "1", "1", "1", "2", "1"]}, {"col": "c2_number", "type": "REAL", "data": [5.0, 3.0, 2.0, 2.0, 4.0, 1.0, 3.0, 1.0, 5.0, 3.0, 4.0, 2.0, 2.0, 3.0, 1.0, 2.0, 1.0, 1.0, 1.0, 2.0, 1.0, 1.0, 1.0, 1.0, 1.0, 1.0, 2.0, 1.0, 1.0, 1.0, 2.0, 1.0]}], [{"col": "c3", "type": "TEXT", "data": ["74", "35", "17", "13", "45", "7", "33", "5", "61", "26", "54", "24", "18", "29", "8", "21", "3", "3", "6", "22", "7", "4", "7", "5", "4", "7", "16", "3", "6", "1", "15", "5"]}, {"col": "c3_number", "type": "REAL", "data": [74.0, 35.0, 17.0, 13.0, 45.0, 7.0, 33.0, 5.0, 61.0, 26.0, 54.0, 24.0, 18.0, 29.0, 8.0, 21.0, 3.0, 3.0, 6.0, 22.0, 7.0, 4.0, 7.0, 5.0, 4.0, 7.0, 16.0, 3.0, 6.0, 1.0, 15.0, 5.0]}], [{"col": "c4", "type": "TEXT", "data": ["20", "30", "19", "16", "38", "10", "26", "10", "58", "28", "49", "21", "20", "28", "10", "18", "10", "10", "10", "19", "10", "10", "10", "10", "10", "10", "14", "10", "10", "10", "20", "10"]}, {"col": "c4_number", "type": "REAL", "data": [20.0, 30.0, 19.0, 16.0, 38.0, 10.0, 26.0, 10.0, 58.0, 28.0, 49.0, 21.0, 20.0, 28.0, 10.0, 18.0, 10.0, 10.0, 10.0, 19.0, 10.0, 10.0, 10.0, 10.0, 10.0, 10.0, 14.0, 10.0, 10.0, 10.0, 20.0, 10.0]}], [{"col": "c5", "type": "TEXT", "data": ["34", "9", "4", "5", "16", "2", "10", "1", "20", "13", "18", "8", "8", "9", "2", "9", "1", "0", "2", "12", "4", "1", "4", "3", "1", "5", "6", "0", "2", "0", "8", "4"]}, {"col": "c5_number", "type": "REAL", "data": [34.0, 9.0, 4.0, 5.0, 16.0, 2.0, 10.0, 1.0, 20.0, 13.0, 18.0, 8.0, 8.0, 9.0, 2.0, 9.0, 1.0, 0.0, 2.0, 12.0, 4.0, 1.0, 4.0, 3.0, 1.0, 5.0, 6.0, 0.0, 2.0, 0.0, 8.0, 4.0]}], [{"col": "c6", "type": "TEXT", "data": ["130", "85", "42", "32", "112", "26", "75", "19", "157", "63", "142", "66", "52", "71", "24", "49", "16", "14", "21", "64", "26", "17", "18", "22", "17", "17", "36", "13", "19", "11", "46", "15"]}, {"col": "c6_number", "type": "REAL", "data": [130.0, 85.0, 42.0, 32.0, 112.0, 26.0, 75.0, 19.0, 157.0, 63.0, 142.0, 66.0, 52.0, 71.0, 24.0, 49.0, 16.0, 14.0, 21.0, 64.0, 26.0, 17.0, 18.0, 22.0, 17.0, 17.0, 36.0, 13.0, 19.0, 11.0, 46.0, 15.0]}], [{"col": "c7", "type": "TEXT", "data": ["77", "43", "28", "18", "66", "9", "47", "15", "80", "40", "49", "32", "23", "42", "4", "26", "3", "6", "7", "32", "12", "9", "13", "13", "9", "10", "22", "6", "5", "10", "17", "10"]}, {"col": "c7_number", "type": "REAL", "data": [77.0, 43.0, 28.0, 18.0, 66.0, 9.0, 47.0, 15.0, 80.0, 40.0, 49.0, 32.0, 23.0, 42.0, 4.0, 26.0, 3.0, 6.0, 7.0, 32.0, 12.0, 9.0, 13.0, 13.0, 9.0, 10.0, 22.0, 6.0, 5.0, 10.0, 17.0, 10.0]}], [{"col": "c8", "type": "TEXT", "data": ["44", "17", "10", "8", "18", "4", "12", "1", "26", "13", "19", "7", "5", "13", "4", "9", "5", "1", "4", "5", "4", "2", "2", "2", "3", "3", "4", "2", "4", "0", "5", "1"]}, {"col": "c8_number", "type": "REAL", "data": [44.0, 17.0, 10.0, 8.0, 18.0, 4.0, 12.0, 1.0, 26.0, 13.0, 19.0, 7.0, 5.0, 13.0, 4.0, 9.0, 5.0, 1.0, 4.0, 5.0, 4.0, 2.0, 2.0, 2.0, 3.0, 3.0, 4.0, 2.0, 4.0, 0.0, 5.0, 1.0]}], [{"col": "c9", "type": "TEXT", "data": ["144", "126", "151", "130", "147", "127", "153", "112", "131", "156", "132", "157", "110", "131", "71", "121", "96", "126", "120", "125", "121", "96", "116", "84", "56", "109", "115", "120", "76", "76", "62", "96"]}, {"col": "c9_number", "type": "REAL", "data": [144.0, 126.0, 151.0, 130.0, 147.0, 127.0, 153.0, 112.0, 131.0, 156.0, 132.0, 157.0, 110.0, 131.0, 71.0, 121.0, 96.0, 126.0, 120.0, 125.0, 121.0, 96.0, 116.0, 84.0, 56.0, 109.0, 115.0, 120.0, 76.0, 76.0, 62.0, 96.0]}], [{"col": "c10", "type": "TEXT", "data": ["105.73", "98.10", "97.98", "96.71", "96.30", "95.84", "95.73", "95.29", "94.08", "93.69", "93.35", "92.68", "92.58", "92.57", "92.19", "92.02", "91.92", "91.26", "91.18", "90.63", "90.06", "89.39", "89.18", "89.06", "88.88", "88.28", "87.27", "86.95", "86.62", "86.22", "86.18", "85.31"]}, {"col": "c10_number", "type": "REAL", "data": [105.73, 98.1, 97.98, 96.71, 96.3, 95.84, 95.73, 95.29, 94.08, 93.69, 93.35, 92.68, 92.58, 92.57, 92.19, 92.02, 91.92, 91.26, 91.18, 90.63, 90.06, 89.39, 89.18, 89.06, 88.88, 88.28, 87.27, 86.95, 86.62, 86.22, 86.18, 85.31]}]], "is_list": {"id": false, "agg": false, "c1": false, "c2": false, "c2_number": false, "c3": false, "c3_number": false, "c4": false, "c4_number": false, "c5": false, "c5_number": false, "c6": false, "c6_number": false, "c7": false, "c7_number": false, "c8": false, "c8_number": false, "c9": false, "c9_number": false, "c10": false, "c10_number": false}}