{"headers": ["id", "agg", "rank", "city", "population (2011)", "population (2001)", "state/territory"], "types": ["id", "agg", "number", "text(text)", "number", "number", "text"], "contents": [[{"col": "id", "type": "INTEGER", "data": [1, 2, 3, 4, 5, 6, 7, 8, 9, 10, 11, 12, 13, 14, 15, 16, 17, 18, 19, 20, 21, 22, 23, 24, 25, 26, 27, 28, 29, 30, 31, 32, 33, 34, 35, 36, 37, 38, 39, 40, 41, 42, 43, 44, 45, 46, 47, 48, 49, 50, 51, 52, 53, 54, 55, 56, 57, 58, 59, 60, 61, 62, 63, 64, 65, 66, 67, 68, 69, 70, 71, 72, 73, 74, 75, 76, 77, 78, 79, 80, 81, 82, 83, 84, 85, 86, 87, 88, 89, 90, 91, 92, 93, 94, 95, 96, 97, 98, 99, 100, 101, 102, 103, 104, 105, 106, 107, 108, 109, 110, 111, 112, 113, 114, 115, 116, 117, 118, 119, 120, 121, 122, 123, 124, 125, 126, 127, 128, 129, 130, 131, 132, 133, 134, 135, 136, 137, 138, 139, 140, 141, 142, 143, 144, 145, 146, 147, 148, 149, 150, 151, 152, 153, 154, 155, 156, 157, 158, 159, 160, 161, 162, 163, 164, 165, 166, 167, 168, 169, 170, 171, 172, 173, 174, 175, 176, 177, 178, 179, 180, 181, 182, 183, 184, 185, 186, 187, 188, 189, 190, 191, 192, 193, 194, 195, 196, 197, 198, 199, 200]}], [{"col": "agg", "type": "INTEGER", "data": [0, 0, 0, 0, 0, 0, 0, 0, 0, 0, 0, 0, 0, 0, 0, 0, 0, 0, 0, 0, 0, 0, 0, 0, 0, 0, 0, 0, 0, 0, 0, 0, 0, 0, 0, 0, 0, 0, 0, 0, 0, 0, 0, 0, 0, 0, 0, 0, 0, 0, 0, 0, 0, 0, 0, 0, 0, 0, 0, 0, 0, 0, 0, 0, 0, 0, 0, 0, 0, 0, 0, 0, 0, 0, 0, 0, 0, 0, 0, 0, 0, 0, 0, 0, 0, 0, 0, 0, 0, 0, 0, 0, 0, 0, 0, 0, 0, 0, 0, 0, 0, 0, 0, 0, 0, 0, 0, 0, 0, 0, 0, 0, 0, 0, 0, 0, 0, 0, 0, 0, 0, 0, 0, 0, 0, 0, 0, 0, 0, 0, 0, 0, 0, 0, 0, 0, 0, 0, 0, 0, 0, 0, 0, 0, 0, 0, 0, 0, 0, 0, 0, 0, 0, 0, 0, 0, 0, 0, 0, 0, 0, 0, 0, 0, 0, 0, 0, 0, 0, 0, 0, 0, 0, 0, 0, 0, 0, 0, 0, 0, 0, 0, 0, 0, 0, 0, 0, 0, 0, 0, 0, 0, 0, 0, 0, 0, 0, 0, 0, 0]}], [{"col": "c1", "type": "TEXT", "data": ["1", "2", "3", "4", "5", "6", "7", "8", "9", "10", "11", "12", "13", "14", "15", "16", "17", "18", "19", "20", "21", "22", "23", "24", "25", "26", "27", "28", "29", "30", "31", "32", "33", "34", "35", "36", "37", "38", "39", "40", "41", "42", "43", "44", "45", "46", "47", "48", "49", "50", "51", "52", "53", "54", "55", "56", "57", "58", "59", "60", "61", "62", "63", "64", "65", "66", "67", "68", "69", "70", "71", "72", "73", "74", "75", "76", "77", "78", "79", "80", "81", "82", "83", "84", "85", "86", "87", "88", "89", "90", "91", "92", "93", "94", "95", "96", "97", "98", "99", "100", "101", "102", "103", "104", "105", "106", "107", "108", "109", "110", "111", "112", "113", "114", "115", "116", "117", "118", "119", "120", "121", "122", "123", "124", "125", "126", "127", "128", "129", "130", "131", "132", "133", "134", "135", "136", "137", "138", "139", "140", "141", "142", "143", "144", "145", "146", "147", "148", "149", "150", "151", "152", "153", "154", "155", "156", "157", "158", "159", "160", "161", "162", "163", "164", "165", "166", "167", "168", "169", "170", "171", "172", "173", "174", "175", "176", "177", "178", "179", "180", "181", "182", "183", "184", "185", "186", "187", "188", "189", "190", "191", "192", "193", "194", "195", "196", "197", "198", "199", "200"]}, {"col": "c1_number", "type": "REAL", "data": [1.0, 2.0, 3.0, 4.0, 5.0, 6.0, 7.0, 8.0, 9.0, 10.0, 11.0, 12.0, 13.0, 14.0, 15.0, 16.0, 17.0, 18.0, 19.0, 20.0, 21.0, 22.0, 23.0, 24.0, 25.0, 26.0, 27.0, 28.0, 29.0, 30.0, 31.0, 32.0, 33.0, 34.0, 35.0, 36.0, 37.0, 38.0, 39.0, 40.0, 41.0, 42.0, 43.0, 44.0, 45.0, 46.0, 47.0, 48.0, 49.0, 50.0, 51.0, 52.0, 53.0, 54.0, 55.0, 56.0, 57.0, 58.0, 59.0, 60.0, 61.0, 62.0, 63.0, 64.0, 65.0, 66.0, 67.0, 68.0, 69.0, 70.0, 71.0, 72.0, 73.0, 74.0, 75.0, 76.0, 77.0, 78.0, 79.0, 80.0, 81.0, 82.0, 83.0, 84.0, 85.0, 86.0, 87.0, 88.0, 89.0, 90.0, 91.0, 92.0, 93.0, 94.0, 95.0, 96.0, 97.0, 98.0, 99.0, 100.0, 101.0, 102.0, 103.0, 104.0, 105.0, 106.0, 107.0, 108.0, 109.0, 110.0, 111.0, 112.0, 113.0, 114.0, 115.0, 116.0, 117.0, 118.0, 119.0, 120.0, 121.0, 122.0, 123.0, 124.0, 125.0, 126.0, 127.0, 128.0, 129.0, 130.0, 131.0, 132.0, 133.0, 134.0, 135.0, 136.0, 137.0, 138.0, 139.0, 140.0, 141.0, 142.0, 143.0, 144.0, 145.0, 146.0, 147.0, 148.0, 149.0, 150.0, 151.0, 152.0, 153.0, 154.0, 155.0, 156.0, 157.0, 158.0, 159.0, 160.0, 161.0, 162.0, 163.0, 164.0, 165.0, 166.0, 167.0, 168.0, 169.0, 170.0, 171.0, 172.0, 173.0, 174.0, 175.0, 176.0, 177.0, 178.0, 179.0, 180.0, 181.0, 182.0, 183.0, 184.0, 185.0, 186.0, 187.0, 188.0, 189.0, 190.0, 191.0, 192.0, 193.0, 194.0, 195.0, 196.0, 197.0, 198.0, 199.0, 200.0]}], [{"col": "c2", "type": "TEXT", "data": ["mumbai", "delhi", "bangalore", "hyderabad", "ahmedabad", "chennai", "kolkata", "surat", "pune", "jaipur", "lucknow", "kanpur", "nagpur", "indore", "thane", "bhopal", "visakhapatnam", "pimpri-chinchwad", "patna", "vadodara", "ghaziabad", "ludhiana", "agra", "nashik", "faridabad", "meerut", "rajkot", "kalyan-dombivali", "vasai-virar", "varanasi", "srinagar", "aurangabad", "dhanbad", "amritsar", "navi mumbai", "allahabad", "ranchi", "howrah", "coimbatore", "jabalpur", "gwalior", "vijayawada", "jodhpur", "madurai", "raipur", "kota", "guwahati", "chandigarh", "solapur", "hubballi-dharwad", "bareilly", "moradabad", "mysore", "gurgaon", "aligarh", "jalandhar", "tiruchirappalli", "bhubaneswar", "salem", "mira-bhayandar", "trivandrum (thiruvananthapuram)", "bhiwandi", "saharanpur", "gorakhpur", "guntur", "bikaner", "amravati", "noida", "jamshedpur", "bhilai", "warangal", "mangalore", "cuttack", "firozabad", "kochi (cochin)", "bhavnagar", "dehradun", "durgapur", "asansol", "nanded", "kolhapur", "ajmer", "gulbarga", "jamnagar", "ujjain", "loni", "siliguri", "jhansi", "ulhasnagar", "nellore", "jammu", "sangli-miraj & kupwad", "belgaum", "ambattur", "tirunelveli", "malegaon", "gaya", "jalgaon", "udaipur", "maheshtala", "tirupur", "davanagere", "kozhikode (calicut)", "akola", "kurnool", "rajpur sonarpur", "bokaro", "south dumdum", "bellary", "patiala", "gopalpur", "agartala", "bhagalpur", "muzaffarnagar", "bhatpara", "panihati", "latur", "dhule", "rohtak", "korba", "bhilwara", "brahmapur", "muzaffarpur", "ahmednagar", "mathura", "kollam (quilon)", "avadi", "rajahmundry", "kadapa", "kamarhati", "bilaspur", "shahjahanpur", "bijapur", "rampur", "shivamogga (shimoga)", "chandrapur", "junagadh", "thrissur", "alwar", "bardhaman", "kulti", "kakinada", "nizamabad", "parbhani", "tumkur", "hisar", "ozhukarai", "bihar sharif", "panipat", "darbhanga", "bally", "aizawl", "dewas", "ichalkaranji", "tirupati", "karnal", "bathinda", "jalna", "barasat", "kirari suleman nagar", "purnia", "satna", "mau", "sonipat", "farrukhabad", "sagar", "rourkela", "durg", "imphal", "ratlam", "hapur", "anantapur", "arrah", "karimnagar", "etawah", "ambernath", "north dumdum", "bharatpur", "begusarai", "new delhi", "gandhidham", "baranagar", "tiruvottiyur", "puducherry", "sikar", "thoothukudi", "rewa", "mirzapur", "raichur", "pali", "ramagundam", "vizianagaram", "katihar", "haridwar", "sri ganganagar", "karawal nagar", "nagercoil", "mango", "bulandshahr", "thanjavur"]}, {"col": "c2_first", "type": "TEXT", "data": ["mumbai", "delhi", "bangalore", "hyderabad", "ahmedabad", "chennai", "kolkata", "surat", "pune", "jaipur", "lucknow", "kanpur", "nagpur", "indore", "thane", "bhopal", "visakhapatnam", "pimpri-chinchwad", "patna", "vadodara", "ghaziabad", "ludhiana", "agra", "nashik", "faridabad", "meerut", "rajkot", "kalyan-dombivali", "vasai-virar", "varanasi", "srinagar", "aurangabad", "dhanbad", "amritsar", "navi mumbai", "allahabad", "ranchi", "howrah", "coimbatore", "jabalpur", "gwalior", "vijayawada", "jodhpur", "madurai", "raipur", "kota", "guwahati", "chandigarh", "solapur", "hubballi-dharwad", "bareilly", "moradabad", "mysore", "gurgaon", "aligarh", "jalandhar", "tiruchirappalli", "bhubaneswar", "salem", "mira-bhayandar", "trivandrum", "bhiwandi", "saharanpur", "gorakhpur", "guntur", "bikaner", "amravati", "noida", "jamshedpur", "bhilai", "warangal", "mangalore", "cuttack", "firozabad", "kochi", "bhavnagar", "dehradun", "durgapur", "asansol", "nanded", "kolhapur", "ajmer", "gulbarga", "jamnagar", "ujjain", "loni", "siliguri", "jhansi", "ulhasnagar", "nellore", "jammu", "sangli-miraj & kupwad", "belgaum", "ambattur", "tirunelveli", "malegaon", "gaya", "jalgaon", "udaipur", "maheshtala", "tirupur", "davanagere", "kozhikode", "akola", "kurnool", "rajpur sonarpur", "bokaro", "south dumdum", "bellary", "patiala", "gopalpur", "agartala", "bhagalpur", "muzaffarnagar", "bhatpara", "panihati", "latur", "dhule", "rohtak", "korba", "bhilwara", "brahmapur", "muzaffarpur", "ahmednagar", "mathura", "kollam", "avadi", "rajahmundry", "kadapa", "kamarhati", "bilaspur", "shahjahanpur", "bijapur", "rampur", "shivamogga", "chandrapur", "junagadh", "thrissur", "alwar", "bardhaman", "kulti", "kakinada", "nizamabad", "parbhani", "tumkur", "hisar", "ozhukarai", "bihar sharif", "panipat", "darbhanga", "bally", "aizawl", "dewas", "ichalkaranji", "tirupati", "karnal", "bathinda", "jalna", "barasat", "kirari suleman nagar", "purnia", "satna", "mau", "sonipat", "farrukhabad", "sagar", "rourkela", "durg", "imphal", "ratlam", "hapur", "anantapur", "arrah", "karimnagar", "etawah", "ambernath", "north dumdum", "bharatpur", "begusarai", "new delhi", "gandhidham", "baranagar", "tiruvottiyur", "puducherry", "sikar", "thoothukudi", "rewa", "mirzapur", "raichur", "pali", "ramagundam", "vizianagaram", "katihar", "haridwar", "sri ganganagar", "karawal nagar", "nagercoil", "mango", "bulandshahr", "thanjavur"]}, {"col": "c2_second", "type": "TEXT", "data": [null, null, null, null, null, null, null, null, null, null, null, null, null, null, null, null, null, null, null, null, null, null, null, null, null, null, null, null, null, null, null, null, null, null, null, null, null, null, null, null, null, null, null, null, null, null, null, null, null, null, null, null, null, null, null, null, null, null, null, null, "thiruvananthapuram", null, null, null, null, null, null, null, null, null, null, null, null, null, "cochin", null, null, null, null, null, null, null, null, null, null, null, null, null, null, null, null, null, null, null, null, null, null, null, null, null, null, null, "calicut", null, null, null, null, null, null, null, null, null, null, null, null, null, null, null, null, null, null, null, null, null, null, "quilon", null, null, null, null, null, null, null, null, "shimoga", null, null, null, null, null, null, null, null, null, null, null, null, null, null, null, null, null, null, null, null, null, null, null, null, null, null, null, null, null, null, null, null, null, null, null, null, null, null, null, null, null, null, null, null, null, null, null, null, null, null, null, null, null, null, null, null, null, null, null, null, null, null, null, null, null]}], [{"col": "c3", "type": "TEXT", "data": ["12478447", "11007835", "8425970", "6809970", "5570585", "4681087", "4486679", "4462002", "3115431", "3073350", "2815601", "2767031", "2405421", "1960631", "1818872", "1795648", "1730320", "1729359", "1683200", "1666703", "1636068", "1613878", "1574542", "1486973", "1404653", "1309023", "1286995", "1246381", "1221233", "1201815", "1192792", "1171330", "1161561", "1132761", "1119477", "1117094", "1073440", "1072161", "1061447", "1054336", "1053505", "1048240", "1033918", "1016885", "1010087", "1001365", "963429", "960787", "951118", "943857", "898167", "889810", "887446", "876824", "872575", "862196", "846915", "837737", "831038", "814655", "752490", "711329", "703345", "671048", "651382", "647804", "646801", "642381", "629659", "625697", "620116", "619664", "606007", "603797", "601574", "593768", "578420", "566937", "564491", "550564", "549283", "542580", "532031", "529308", "515215", "512296", "509709", "507293", "506937", "505258", "503690", "502697", "488292", "478134", "474838", "471006", "463454", "460468", "451735", "449423", "444543", "435128", "432097", "427146", "424920", "423806", "413934", "410524", "409644", "405164", "404991", "399688", "398138", "392451", "390467", "383522", "382754", "376093", "373133", "363210", "360009", "355823", "351838", "350905", "349336", "349033", "344701", "343903", "341823", "336579", "330106", "327975", "326360", "325248", "322428", "321036", "320250", "315596", "315310", "314638", "313977", "312255", "310467", "307191", "305821", "301249", "300028", "296889", "294150", "294116", "291972", "291822", "289438", "287570", "287035", "286974", "285813", "285349", "283443", "282598", "280547", "280248", "279060", "277053", "275750", "273357", "273217", "268679", "264986", "264810", "262801", "262340", "261099", "260899", "256790", "254003", "253625", "252109", "251136", "249998", "248705", "248466", "248059", "241773", "237579", "237374", "235422", "233691", "232456", "229956", "229632", "227533", "225982", "225235", "224773", "224666", "224329", "224002", "222826", "222619"]}, {"col": "c3_number", "type": "REAL", "data": [12478447.0, 11007835.0, 8425970.0, 6809970.0, 5570585.0, 4681087.0, 4486679.0, 4462002.0, 3115431.0, 3073350.0, 2815601.0, 2767031.0, 2405421.0, 1960631.0, 1818872.0, 1795648.0, 1730320.0, 1729359.0, 1683200.0, 1666703.0, 1636068.0, 1613878.0, 1574542.0, 1486973.0, 1404653.0, 1309023.0, 1286995.0, 1246381.0, 1221233.0, 1201815.0, 1192792.0, 1171330.0, 1161561.0, 1132761.0, 1119477.0, 1117094.0, 1073440.0, 1072161.0, 1061447.0, 1054336.0, 1053505.0, 1048240.0, 1033918.0, 1016885.0, 1010087.0, 1001365.0, 963429.0, 960787.0, 951118.0, 943857.0, 898167.0, 889810.0, 887446.0, 876824.0, 872575.0, 862196.0, 846915.0, 837737.0, 831038.0, 814655.0, 752490.0, 711329.0, 703345.0, 671048.0, 651382.0, 647804.0, 646801.0, 642381.0, 629659.0, 625697.0, 620116.0, 619664.0, 606007.0, 603797.0, 601574.0, 593768.0, 578420.0, 566937.0, 564491.0, 550564.0, 549283.0, 542580.0, 532031.0, 529308.0, 515215.0, 512296.0, 509709.0, 507293.0, 506937.0, 505258.0, 503690.0, 502697.0, 488292.0, 478134.0, 474838.0, 471006.0, 463454.0, 460468.0, 451735.0, 449423.0, 444543.0, 435128.0, 432097.0, 427146.0, 424920.0, 423806.0, 413934.0, 410524.0, 409644.0, 405164.0, 404991.0, 399688.0, 398138.0, 392451.0, 390467.0, 383522.0, 382754.0, 376093.0, 373133.0, 363210.0, 360009.0, 355823.0, 351838.0, 350905.0, 349336.0, 349033.0, 344701.0, 343903.0, 341823.0, 336579.0, 330106.0, 327975.0, 326360.0, 325248.0, 322428.0, 321036.0, 320250.0, 315596.0, 315310.0, 314638.0, 313977.0, 312255.0, 310467.0, 307191.0, 305821.0, 301249.0, 300028.0, 296889.0, 294150.0, 294116.0, 291972.0, 291822.0, 289438.0, 287570.0, 287035.0, 286974.0, 285813.0, 285349.0, 283443.0, 282598.0, 280547.0, 280248.0, 279060.0, 277053.0, 275750.0, 273357.0, 273217.0, 268679.0, 264986.0, 264810.0, 262801.0, 262340.0, 261099.0, 260899.0, 256790.0, 254003.0, 253625.0, 252109.0, 251136.0, 249998.0, 248705.0, 248466.0, 248059.0, 241773.0, 237579.0, 237374.0, 235422.0, 233691.0, 232456.0, 229956.0, 229632.0, 227533.0, 225982.0, 225235.0, 224773.0, 224666.0, 224329.0, 224002.0, 222826.0, 222619.0]}], [{"col": "c4", "type": "TEXT", "data": ["11978450", "9879172", "5438065", "3637483", "3520085", "4343645", "4572876", "2433835", "2538473", "2322575", "2185927", "2551337", "2052066", "1474968", "1262551", "1437354", "982904", "1012472", "1366444", "1306227", "968256", "1398467", "1275134", "1077236", "1055938", "1068772", "967476", "1193512", null, "1091918", "898440", "873311", "99258", "966862", "704002", "975393", "847093", "1007532", "930882", "932484", "827026", "851282", "851051", "928869", "605747", "694316", "809895", "808515", "872478", "786195", "718395", "641583", "755379", "173542", "669087", "706043", "752066", "648032", "696760", "520388", "744983", "598741", "455754", "622701", "514461", "529690", "549510", "305058", "573096", "556366", "530636", "399565", "534654", "279102", "596473", "511085", "426674", "493405", "475439", "430733", "493167", "485575", "422569", "443518", "430427", "120945", "472374", "383644", "473731", "378428", "369959", "436781", "399653", "310967", "411831", "409403", "385432", "368618", "389438", "385266", "344543", "364523", "436556", "400520", "269122", "336707", "393805", "392444", "316766", "303151", "271811", "271811", "340767", "316729", "442385", "348438", "299985", "341755", "286807", "315690", "280128", "307792", "305525", "307615", "302770", "361560", "229403", "315251", "125725", "314507", "274917", "296662", "228175", "281494", "274352", "289450", "168686", "317526", "260593", "285602", "289903", "296329", "288722", "259329", "248929", "256689", "217707", "232071", "261740", "267348", "260906", "228280", "231672", "257610", "228202", "210476", "217256", "235795", "231515", "153874", "171687", "225464", "212657", "214974", "228333", "232133", "224601", "232517", "221492", "222202", "211983", "218808", "203380", "205653", "210453", "203795", "220042", "204587", "93378", "302147", "166388", "250768", "212281", "220749", "184904", "216058", "183274", "205053", "207421", "187641", "236600", "174324", "175169", "175010", "210713", "148549", "208149", "166091", "176256", "215725"]}, {"col": "c4_number", "type": "REAL", "data": [11978450.0, 9879172.0, 5438065.0, 3637483.0, 3520085.0, 4343645.0, 4572876.0, 2433835.0, 2538473.0, 2322575.0, 2185927.0, 2551337.0, 2052066.0, 1474968.0, 1262551.0, 1437354.0, 982904.0, 1012472.0, 1366444.0, 1306227.0, 968256.0, 1398467.0, 1275134.0, 1077236.0, 1055938.0, 1068772.0, 967476.0, 1193512.0, null, 1091918.0, 898440.0, 873311.0, 99258.0, 966862.0, 704002.0, 975393.0, 847093.0, 1007532.0, 930882.0, 932484.0, 827026.0, 851282.0, 851051.0, 928869.0, 605747.0, 694316.0, 809895.0, 808515.0, 872478.0, 786195.0, 718395.0, 641583.0, 755379.0, 173542.0, 669087.0, 706043.0, 752066.0, 648032.0, 696760.0, 520388.0, 744983.0, 598741.0, 455754.0, 622701.0, 514461.0, 529690.0, 549510.0, 305058.0, 573096.0, 556366.0, 530636.0, 399565.0, 534654.0, 279102.0, 596473.0, 511085.0, 426674.0, 493405.0, 475439.0, 430733.0, 493167.0, 485575.0, 422569.0, 443518.0, 430427.0, 120945.0, 472374.0, 383644.0, 473731.0, 378428.0, 369959.0, 436781.0, 399653.0, 310967.0, 411831.0, 409403.0, 385432.0, 368618.0, 389438.0, 385266.0, 344543.0, 364523.0, 436556.0, 400520.0, 269122.0, 336707.0, 393805.0, 392444.0, 316766.0, 303151.0, 271811.0, 271811.0, 340767.0, 316729.0, 442385.0, 348438.0, 299985.0, 341755.0, 286807.0, 315690.0, 280128.0, 307792.0, 305525.0, 307615.0, 302770.0, 361560.0, 229403.0, 315251.0, 125725.0, 314507.0, 274917.0, 296662.0, 228175.0, 281494.0, 274352.0, 289450.0, 168686.0, 317526.0, 260593.0, 285602.0, 289903.0, 296329.0, 288722.0, 259329.0, 248929.0, 256689.0, 217707.0, 232071.0, 261740.0, 267348.0, 260906.0, 228280.0, 231672.0, 257610.0, 228202.0, 210476.0, 217256.0, 235795.0, 231515.0, 153874.0, 171687.0, 225464.0, 212657.0, 214974.0, 228333.0, 232133.0, 224601.0, 232517.0, 221492.0, 222202.0, 211983.0, 218808.0, 203380.0, 205653.0, 210453.0, 203795.0, 220042.0, 204587.0, 93378.0, 302147.0, 166388.0, 250768.0, 212281.0, 220749.0, 184904.0, 216058.0, 183274.0, 205053.0, 207421.0, 187641.0, 236600.0, 174324.0, 175169.0, 175010.0, 210713.0, 148549.0, 208149.0, 166091.0, 176256.0, 215725.0]}], [{"col": "c5", "type": "TEXT", "data": ["maharashtra", "delhi", "karnataka", "andhra pradesh", "gujarat", "tamil nadu", "west bengal", "gujarat", "maharashtra", "rajasthan", "uttar pradesh", "uttar pradesh", "maharashtra", "madhya pradesh", "maharashtra", "madhya pradesh", "andhra pradesh", "maharashtra", "bihar", "gujarat", "uttar pradesh", "punjab", "uttar pradesh", "maharashtra", "haryana", "uttar pradesh", "gujarat", "maharashtra", "maharashtra", "uttar pradesh", "jammu and kashmir", "maharashtra", "jharkhand", "punjab", "maharashtra", "uttar pradesh", "jharkhand", "west bengal", "tamil nadu", "madhya pradesh", "madhya pradesh", "andhra pradesh", "rajasthan", "tamil nadu", "chhattisgarh", "rajasthan", "assam", "chandigarh", "maharashtra", "karnataka", "uttar pradesh", "uttar pradesh", "karnataka", "haryana", "uttar pradesh", "punjab", "tamil nadu", "orissa", "tamil nadu", "maharashtra", "kerala", "maharashtra", "uttar pradesh", "uttar pradesh", "andhra pradesh", "rajasthan", "maharashtra", "uttar pradesh", "jharkhand", "chhattisgarh", "andhra pradesh", "karnataka", "orissa", "uttar pradesh", "kerala", "gujarat", "uttarakhand", "west bengal", "west bengal", "maharashtra", "maharashtra", "rajasthan", "karnataka", "gujarat", "madhya pradesh", "uttar pradesh", "west bengal", "uttar pradesh", "maharashtra", "andhra pradesh", "jammu and kashmir", "maharashtra", "karnataka", "tamil nadu", "tamil nadu", "maharashtra", "bihar", "maharashtra", "rajasthan", "west bengal", "tamil nadu", "karnataka", "kerala", "maharashtra", "andhra pradesh", "west bengal", "jharkhand", "west bengal", "karnataka", "punjab", "west bengal", "tripura", "bihar", "uttar pradesh", "west bengal", "west bengal", "maharashtra", "maharashtra", "haryana", "chhattisgarh", "rajasthan", "orissa", "bihar", "maharashtra", "uttar pradesh", "kerala", "tamil nadu", "andhra pradesh", "andhra pradesh", "west bengal", "chhattisgarh", "uttar pradesh", "karnataka", "uttar pradesh", "karnataka", "maharashtra", "gujarat", "kerala", "rajasthan", "west bengal", "west bengal", "andhra pradesh", "andhra pradesh", "maharashtra", "karnataka", "haryana", "puducherry", "bihar", "haryana", "bihar", "west bengal", "mizoram", "madhya pradesh", "maharashtra", "andhra pradesh", "haryana", "punjab", "maharashtra", "west bengal", "delhi", "bihar", "madhya pradesh", "uttar pradesh", "haryana", "uttar pradesh", "madhya pradesh", "orissa", "chhattisgarh", "manipur", "madhya pradesh", "uttar pradesh", "andhra pradesh", "bihar", "andhra pradesh", "uttar pradesh", "maharashtra", "west bengal", "rajasthan", "bihar", "delhi", "gujarat", "west bengal", "tamil nadu", "puducherry", "rajasthan", "tamil nadu", "madhya pradesh", "uttar pradesh", "karnataka", "rajasthan", "andhra pradesh", "andhra pradesh", "bihar", "uttarakhand", "rajasthan", "delhi", "tamil nadu", "jharkhand", "uttar pradesh", "tamil nadu"]}]], "is_list": {"id": false, "agg": false, "c1": false, "c1_number": false, "c2": false, "c2_first": false, "c2_second": false, "c3": false, "c3_number": false, "c4": false, "c4_number": false, "c5": false}}