{"headers": ["id", "agg", "year", "car", "start", "qual", "rank", "finish", "laps", "led", "retired"], "types": ["id", "agg", "date", "number", "number", "number", "number", "number", "number", "number", "text"], "contents": [[{"col": "id", "type": "INTEGER", "data": [1, 2, 3, 4, 5, 6, 7, 8]}], [{"col": "agg", "type": "INTEGER", "data": ["0", "0", "0", "0", "0", "0", "0", "1"]}], [{"col": "c1", "type": "TEXT", "data": ["1961", "1962", "1963", "1964", "1965", "1966", "1967", "totals"]}, {"col": "c1_number", "type": "INTEGER", "data": [1961, 1962, 1963, 1964, 1965, 1966, 1967, null]}, {"col": "c1_parsed", "type": "TEXT", "data": ["1961", "1962", "1963", "1964", "1965", "1966", "1967", null]}, {"col": "c1_year", "type": "INTEGER", "data": [1961, 1962, 1963, 1964, 1965, 1966, 1967, null]}], [{"col": "c2", "type": "TEXT", "data": ["98", "98", "98", "98", "98", "98", "40", "totals"]}, {"col": "c2_number", "type": "REAL", "data": [98.0, 98.0, 98.0, 98.0, 98.0, 98.0, 40.0, null]}], [{"col": "c3", "type": "TEXT", "data": ["5", "1", "1", "4", "5", "4", "6", "totals"]}, {"col": "c3_number", "type": "REAL", "data": [5.0, 1.0, 1.0, 4.0, 5.0, 4.0, 6.0, null]}], [{"col": "c4", "type": "TEXT", "data": ["146.08", "150.37", "151.153", "155.099", "158.625", "162.484", "166.075", "totals"]}, {"col": "c4_number", "type": "REAL", "data": [146.08, 150.37, 151.153, 155.099, 158.625, 162.484, 166.075, null]}], [{"col": "c5", "type": "TEXT", "data": ["7", "1", "1", "4", "5", "4", "6", "totals"]}, {"col": "c5_number", "type": "REAL", "data": [7.0, 1.0, 1.0, 4.0, 5.0, 4.0, 6.0, null]}], [{"col": "c6", "type": "TEXT", "data": ["12", "7", "1", "23", "2", "14", "6", "totals"]}, {"col": "c6_number", "type": "REAL", "data": [12.0, 7.0, 1.0, 23.0, 2.0, 14.0, 6.0, null]}], [{"col": "c7", "type": "TEXT", "data": ["192", "200", "200", "55", "200", "87", "196", "1130"]}, {"col": "c7_number", "type": "REAL", "data": [192.0, 200.0, 200.0, 55.0, 200.0, 87.0, 196.0, 1130]}], [{"col": "c8", "type": "TEXT", "data": ["27", "120", "167", "7", "0", "0", "171", "492"]}, {"col": "c8_number", "type": "REAL", "data": [27.0, 120.0, 167.0, 7.0, 0.0, 0.0, 171.0, 492.0]}], [{"col": "c9", "type": "TEXT", "data": ["flagged", "running", "running", "pit fire", "running", "wheel bearing", "bearing", null]}]], "is_list": {"id": false, "agg": false, "c1": false, "c1_number": false, "c1_parsed": false, "c1_year": false, "c2": false, "c2_number": false, "c3": false, "c3_number": false, "c4": false, "c4_number": false, "c5": false, "c5_number": false, "c6": false, "c6_number": false, "c7": false, "c7_number": false, "c8": false, "c8_number": false, "c9": false}}