{"headers": ["id", "agg", "olympics", "athlete", "judge (official)", "coach", "language"], "types": ["id", "agg", "text", "<n, text(text)>", "text", "text", "<f, text(text)>"], "contents": [[{"col": "id", "type": "INTEGER", "data": [1, 2, 3, 4, 5, 6, 7, 8, 9, 10, 11, 12, 13, 14, 15, 16, 17, 18, 19, 20, 21, 22, 23, 24, 25, 26, 27, 28, 29, 30, 31, 32, 33, 34, 35, 36, 37, 38, 39, 40, 41, 42, 43, 44]}], [{"col": "agg", "type": "INTEGER", "data": [0, 0, 0, 0, 0, 0, 0, 0, 0, 0, 0, 0, 0, 0, 0, 0, 0, 0, 0, 0, 0, 0, 0, 0, 0, 0, 0, 0, 0, 0, 0, 0, 0, 0, 0, 0, 0, 0, 0, 0, 0, 0, 0, 0]}], [{"col": "c1", "type": "TEXT", "data": ["1920 summer olympics", "1924 winter olympics", "1924 summer olympics", "1928 winter olympics", "1928 summer olympics", "1932 winter olympics", "1932 summer olympics", "1936 winter olympics", "1936 summer olympics", "1948 winter olympics", "1948 summer olympics", "1952 winter olympics", "1952 summer olympics", "1956 winter olympics", "1956 summer olympics", "1960 winter olympics", "1960 summer olympics", "1964 winter olympics", "1964 summer olympics", "1968 winter olympics", "1968 summer olympics", "1972 winter olympics", "1972 summer olympics", "1976 winter olympics", "1976 summer olympics", "1980 winter olympics", "1980 summer olympics", "1984 winter olympics", "1984 summer olympics", "1988 winter olympics", "1988 summer olympics", "1992 winter olympics", "1992 summer olympics", "1994 winter olympics", "1996 summer olympics", "1998 winter olympics", "2000 summer olympics", "2002 winter olympics", "2004 summer olympics", "2006 winter olympics", "2008 summer olympics", "2010 winter olympics", "2012 summer olympics", "2014 winter olympics"]}], [{"col": "c2", "type": "TEXT", "data": ["victor boin", "camille mandrillon", "geo andre", "hans eidenbenz", "harry denis", "jack shea", "george calnan", "willy bogner, sr", "rudolf ismayr", "bibi torriani", "donald finlay", "torbj\u00f8rn falkanger", "heikki savolainen", "giuliana minuzzo", "john landy (melbourne)\nhenri saint cyr (stockholm)", "carol heiss", "adolfo consolini", "paul aste", "takashi ono", "leo lacroix", "pablo garrido", "keiichi suzuki", "heidi schuller", "werner delle karth", "pierre st.-jean", "eric heiden", "nikolai andrianov", "bojan krizaj", "edwin moses", "pierre harvey", "hur jae\nshon mi-na", "surya bonaly", "luis doreste blanco", "vegard ulvang", "teresa edwards", "kenji ogiwara", "rechelle hawkes", "jimmy shea", "zoi dimoschaki", "giorgio rocca", "zhang yining", "hayley wickenheiser", "sarah stevenson", "ruslan zakharov"]}, {"col": "c2_list", "type": "LIST TEXT", "data": [["victor boin"], ["camille mandrillon"], ["geo andre"], ["hans eidenbenz"], ["harry denis"], ["jack shea"], ["george calnan"], ["willy bogner", "sr"], ["rudolf ismayr"], ["bibi torriani"], ["donald finlay"], ["torbj\u00f8rn falkanger"], ["heikki savolainen"], ["giuliana minuzzo"], ["john landy (melbourne)", "henri saint cyr (stockholm)"], ["carol heiss"], ["adolfo consolini"], ["paul aste"], ["takashi ono"], ["leo lacroix"], ["pablo garrido"], ["keiichi suzuki"], ["heidi schuller"], ["werner delle karth"], ["pierre st.-jean"], ["eric heiden"], ["nikolai andrianov"], ["bojan krizaj"], ["edwin moses"], ["pierre harvey"], ["hur jae", "shon mi-na"], ["surya bonaly"], ["luis doreste blanco"], ["vegard ulvang"], ["teresa edwards"], ["kenji ogiwara"], ["rechelle hawkes"], ["jimmy shea"], ["zoi dimoschaki"], ["giorgio rocca"], ["zhang yining"], ["hayley wickenheiser"], ["sarah stevenson"], ["ruslan zakharov"]]}, {"col": "c2_length", "type": "INTEGER", "data": [1, 1, 1, 1, 1, 1, 1, 2, 1, 1, 1, 1, 1, 1, 2, 1, 1, 1, 1, 1, 1, 1, 1, 1, 1, 1, 1, 1, 1, 1, 2, 1, 1, 1, 1, 1, 1, 1, 1, 1, 1, 1, 1, 1]}, {"col": "c2_list_first", "type": "LIST TEXT", "data": [["victor boin"], ["camille mandrillon"], ["geo andre"], ["hans eidenbenz"], ["harry denis"], ["jack shea"], ["george calnan"], ["willy bogner", "sr"], ["rudolf ismayr"], ["bibi torriani"], ["donald finlay"], ["torbj\u00f8rn falkanger"], ["heikki savolainen"], ["giuliana minuzzo"], ["john landy", "henri saint cyr"], ["carol heiss"], ["adolfo consolini"], ["paul aste"], ["takashi ono"], ["leo lacroix"], ["pablo garrido"], ["keiichi suzuki"], ["heidi schuller"], ["werner delle karth"], ["pierre st.-jean"], ["eric heiden"], ["nikolai andrianov"], ["bojan krizaj"], ["edwin moses"], ["pierre harvey"], ["hur jae", "shon mi-na"], ["surya bonaly"], ["luis doreste blanco"], ["vegard ulvang"], ["teresa edwards"], ["kenji ogiwara"], ["rechelle hawkes"], ["jimmy shea"], ["zoi dimoschaki"], ["giorgio rocca"], ["zhang yining"], ["hayley wickenheiser"], ["sarah stevenson"], ["ruslan zakharov"]]}, {"col": "c2_list_second", "type": "LIST TEXT", "data": [[], [], [], [], [], [], [], [], [], [], [], [], [], [], ["melbourne", "stockholm"], [], [], [], [], [], [], [], [], [], [], [], [], [], [], [], [], [], [], [], [], [], [], [], [], [], [], [], [], []]}], [{"col": "c3", "type": "TEXT", "data": [null, null, null, null, null, null, null, null, null, null, null, null, null, null, null, null, null, null, null, null, null, "fumio asaki", "heinz pollay", "willy kostinger", "maurice fauget", "terry mcdermott", "alexander medved", "dragan perovic", "sharon weber", "suzanna morrow-francis", "lee hak-rae", "pierre bornat", "eugeni asensio", "kari karing", "hobie billingsley", "junko hiramatsu", "peter kerr", "allen church", "lazaros voreadis", "fabio bianchetti", "huang liping", "michel verrault", "mik basi", "vyacheslav vedenin, jr"]}], [{"col": "c4", "type": "TEXT", "data": [null, null, null, null, null, null, null, null, null, null, null, null, null, null, null, null, null, null, null, null, null, null, null, null, null, null, null, null, null, null, null, null, null, null, null, null, null, null, null, null, null, null, "eric farrell", "anastassia popkova"]}], [{"col": "c5", "type": "TEXT", "data": [null, null, "french", null, null, null, "english", null, null, null, "english", null, null, null, "english/swedish", null, null, "german", "japanese", "french", "spanish", "japanese", "german", "german", "french (st.-jean)/english (fauget)", "english", "russian", "serbo-croatian", "english", "english", "korean", "french", "spanish/catalan", "english (ulvang)/norwegian (karing)", "english", "japanese", "english", "english", "greek", "italian", "chinese", "english/french", "english", "russian"]}, {"col": "c5_list", "type": "LIST TEXT", "data": [[], [], ["french"], [], [], [], ["english"], [], [], [], ["english"], [], [], [], ["english", "swedish"], [], [], ["german"], ["japanese"], ["french"], ["spanish"], ["japanese"], ["german"], ["german"], ["french (st.-jean)", "english (fauget)"], ["english"], ["russian"], ["serbo-croatian"], ["english"], ["english"], ["korean"], ["french"], ["spanish", "catalan"], ["english (ulvang)", "norwegian (karing)"], ["english"], ["japanese"], ["english"], ["english"], ["greek"], ["italian"], ["chinese"], ["english", "french"], ["english"], ["russian"]]}, {"col": "c5_length", "type": "INTEGER", "data": [0, 0, 1, 0, 0, 0, 1, 0, 0, 0, 1, 0, 0, 0, 2, 0, 0, 1, 1, 1, 1, 1, 1, 1, 2, 1, 1, 1, 1, 1, 1, 1, 2, 2, 1, 1, 1, 1, 1, 1, 1, 2, 1, 1]}, {"col": "c5_list_first", "type": "LIST TEXT", "data": [[], [], ["french"], [], [], [], ["english"], [], [], [], ["english"], [], [], [], ["english", "swedish"], [], [], ["german"], ["japanese"], ["french"], ["spanish"], ["japanese"], ["german"], ["german"], ["french", "english"], ["english"], ["russian"], ["serbo-croatian"], ["english"], ["english"], ["korean"], ["french"], ["spanish", "catalan"], ["english", "norwegian"], ["english"], ["japanese"], ["english"], ["english"], ["greek"], ["italian"], ["chinese"], ["english", "french"], ["english"], ["russian"]]}, {"col": "c5_list_second", "type": "LIST TEXT", "data": [[], [], [], [], [], [], [], [], [], [], [], [], [], [], [], [], [], [], [], [], [], [], [], [], ["st.-jean", "fauget"], [], [], [], [], [], [], [], [], ["ulvang", "karing"], [], [], [], [], [], [], [], [], [], []]}]], "is_list": {"id": false, "agg": false, "c1": false, "c2": false, "c2_list": true, "c2_length": false, "c2_list_first": true, "c2_list_second": true, "c3": false, "c4": false, "c5": false, "c5_list": true, "c5_length": false, "c5_list_first": true, "c5_list_second": true}}