{"headers": ["id", "agg", "series number", "season number", "episode title", "premiere date", "production code"], "types": ["id", "agg", "number", "number", "text", "date", "number"], "contents": [[{"col": "id", "type": "INTEGER", "data": [1, 2, 3, 4, 5, 6, 7, 8, 9, 10, 11, 12, 13]}], [{"col": "agg", "type": "INTEGER", "data": [0, 0, 0, 0, 0, 0, 0, 0, 0, 0, 0, 0, 0]}], [{"col": "c1", "type": "TEXT", "data": ["1", "2", "3", "4", "5", "6", "7", "8", "9", "10", "11", "12", "13"]}, {"col": "c1_number", "type": "REAL", "data": [1.0, 2.0, 3.0, 4.0, 5.0, 6.0, 7.0, 8.0, 9.0, 10.0, 11.0, 12.0, 13.0]}], [{"col": "c2", "type": "TEXT", "data": ["1", "2", "3", "4", "5", "6", "7", "8", "9", "10", "11", "12", "13"]}, {"col": "c2_number", "type": "REAL", "data": [1.0, 2.0, 3.0, 4.0, 5.0, 6.0, 7.0, 8.0, 9.0, 10.0, 11.0, 12.0, 13.0]}], [{"col": "c3", "type": "TEXT", "data": ["going up!", "who's the man", "vootle-muck-a-heev", "close encounters", "hurricane jules", "switcheroo", "front page", "special fx-ation", "the famous stone gold", "kiss and tell", "jb's big break", "bottom's up", "hot dog"]}], [{"col": "c4", "type": "TEXT", "data": ["october 25, 1998", "november 1, 1998", "november 8, 1998", "november 15, 1998", "november 22, 1998", "november 29, 1998", "january 17, 1999", "january 24, 1999", "january 31, 1999", "february 7, 1999", "february 21, 1999", "march 7, 1999", "march 14, 1999"]}, {"col": "c4_number", "type": "INTEGER", "data": [25, 1, 8, 15, 22, 29, 17, 24, 31, 7, 21, 7, 14]}, {"col": "c4_parsed", "type": "TEXT", "data": ["1998-10-25", "1998-11-01", "1998-11-08", "1998-11-15", "1998-11-22", "1998-11-29", "1999-01-17", "1999-01-24", "1999-01-31", "1999-02-07", "1999-02-21", "1999-03-07", "1999-03-14"]}, {"col": "c4_year", "type": "INTEGER", "data": [1998, 1998, 1998, 1998, 1998, 1998, 1999, 1999, 1999, 1999, 1999, 1999, 1999]}, {"col": "c4_month", "type": "INTEGER", "data": [10, 11, 11, 11, 11, 11, 1, 1, 1, 2, 2, 3, 3]}, {"col": "c4_day", "type": "INTEGER", "data": [25, 1, 8, 15, 22, 29, 17, 24, 31, 7, 21, 7, 14]}], [{"col": "c5", "type": "TEXT", "data": ["101", "102", "103", "104", "105", "106", "107", "108", "109", "110", "111", "112", "113"]}, {"col": "c5_number", "type": "REAL", "data": [101.0, 102.0, 103.0, 104.0, 105.0, 106.0, 107.0, 108.0, 109.0, 110.0, 111.0, 112.0, 113.0]}]], "is_list": {"id": false, "agg": false, "c1": false, "c1_number": false, "c2": false, "c2_number": false, "c3": false, "c4": false, "c4_number": false, "c4_parsed": false, "c4_year": false, "c4_month": false, "c4_day": false, "c5": false, "c5_number": false}}