{"headers": ["id", "agg", "pos.", "artist", "single", "year", "sales", "peak"], "types": ["id", "agg", "number", "<t, text>", "text", "number", "number", "number"], "contents": [[{"col": "id", "type": "INTEGER", "data": [1, 2, 3, 4, 5, 6, 7, 8, 9, 10, 11, 12, 13, 14, 15, 16, 17, 18, 19, 20, 21, 22, 23, 24, 25, 26, 27, 28, 29, 30, 31, 32, 33, 34, 35, 36, 37, 38, 39, 40, 41, 42, 43, 44, 45, 46, 47, 48, 49, 50, 51, 52, 53, 54, 55, 56, 57, 58, 59, 60, 61, 62, 63, 64, 65, 66, 67, 68, 69, 70, 71, 72, 73, 74, 75, 76, 77, 78, 79, 80, 81, 82, 83, 84, 85, 86, 87, 88, 89, 90, 91, 92, 93, 94, 95, 96, 97, 98, 99, 100]}], [{"col": "agg", "type": "INTEGER", "data": [0, 0, 0, 0, 0, 0, 0, 0, 0, 0, 0, 0, 0, 0, 0, 0, 0, 0, 0, 0, 0, 0, 0, 0, 0, 0, 0, 0, 0, 0, 0, 0, 0, 0, 0, 0, 0, 0, 0, 0, 0, 0, 0, 0, 0, 0, 0, 0, 0, 0, 0, 0, 0, 0, 0, 0, 0, 0, 0, 0, 0, 0, 0, 0, 0, 0, 0, 0, 0, 0, 0, 0, 0, 0, 0, 0, 0, 0, 0, 0, 0, 0, 0, 0, 0, 0, 0, 0, 0, 0, 0, 0, 0, 0, 0, 0, 0, 0, 0, 0]}], [{"col": "c1", "type": "TEXT", "data": ["1", "2", "3", "4", "5", "6", "7", "8", "9", "10", "11", "12", "13", "14", "15", "16", "17", "18", "19", "20", "21", "22", "23", "24", "25", "26", "27", "28", "29", "30", "31", "32", "33", "34", "35", "36", "37", "38", "39", "40", "41", "42", "43", "44", "45", "46", "47", "48", "49", "50", "51", "52", "53", "54", "55", "56", "57", "58", "59", "60", "61", "62", "63", "64", "65", "66", "67", "68", "69", "70", "71", "72", "73", "74", "75", "76", "77", "78", "79", "80", "81", "82", "83", "84", "85", "86", "87", "88", "89", "90", "91", "92", "93", "94", "95", "96", "97", "98", "99", "100"]}, {"col": "c1_number", "type": "REAL", "data": [1.0, 2.0, 3.0, 4.0, 5.0, 6.0, 7.0, 8.0, 9.0, 10.0, 11.0, 12.0, 13.0, 14.0, 15.0, 16.0, 17.0, 18.0, 19.0, 20.0, 21.0, 22.0, 23.0, 24.0, 25.0, 26.0, 27.0, 28.0, 29.0, 30.0, 31.0, 32.0, 33.0, 34.0, 35.0, 36.0, 37.0, 38.0, 39.0, 40.0, 41.0, 42.0, 43.0, 44.0, 45.0, 46.0, 47.0, 48.0, 49.0, 50.0, 51.0, 52.0, 53.0, 54.0, 55.0, 56.0, 57.0, 58.0, 59.0, 60.0, 61.0, 62.0, 63.0, 64.0, 65.0, 66.0, 67.0, 68.0, 69.0, 70.0, 71.0, 72.0, 73.0, 74.0, 75.0, 76.0, 77.0, 78.0, 79.0, 80.0, 81.0, 82.0, 83.0, 84.0, 85.0, 86.0, 87.0, 88.0, 89.0, 90.0, 91.0, 92.0, 93.0, 94.0, 95.0, 96.0, 97.0, 98.0, 99.0, 100.0]}], [{"col": "c2", "type": "TEXT", "data": ["daniel lavoie, patrick fiori & garou", "elton john", "lou bega", "wes", "manau", "ricky martin", "florent pagny", "aqua", "larusso", "celine dion", "gala", "eiffel 65", "carrapicho", "andrea bocelli", "laam", "celine dion", "moos", "los del rio", "andrea bocelli & helene segara", "zebda", "nomads", "khaled", "hermes house band", "david hallyday", "will smith", "cher", "jordy", "spice girls", "fugees", "coolio", "mylene farmer", "brandy & monica", "robert miles", "lagaf'", "tina arena", "menelik & imane d", "nathalie cardone", "alliage & boyzone", "eiffel 65", "britney spears", "lara fabian", "helene segara", "ricky martin", "des'ree", "poetic lover", "coumba gawlo", "indians sacred spirit", "laam", "bryan adams", "celine dion", "gala", "emilia", "puff daddy & faith evans", "hanson", "manau", "the cranberries", "bellini", "john scatman", "regg'lyss", "janet jackson", "modern talking", "johnny hallyday", "2be3", "lara fabian", "madonna", "francois feldman", "patrick bruel", "youssou n'dour & neneh cherry", "shania twain", "david charvet", "madonna", "les inconnus", "freddie mercury", "mark snow", "pow wow", "felix gray & didier barbelivien", "felicidad", "britney spears", "worlds apart", "barbra streisand & celine dion", "g.o. culture", "spice girls", "elton john", "enigma", "jean-philippe audin & diego modena", "boris", "ricky martin", "reel 2 real", "celine dion", "liane foly", "fool's garden", "phenomenal club", "patrick bruel", "2 unlimited", "alliance ethnik", "nirvana", "iam", "organiz'", "2be3", "snap!"]}, {"col": "c2_list", "type": "LIST TEXT", "data": [["daniel lavoie", "patrick fiori", "garou"], ["elton john"], ["lou bega"], ["wes"], ["manau"], ["ricky martin"], ["florent pagny"], ["aqua"], ["larusso"], ["celine dion"], ["gala"], ["eiffel 65"], ["carrapicho"], ["andrea bocelli"], ["laam"], ["celine dion"], ["moos"], ["los del rio"], ["andrea bocelli", "helene segara"], ["zebda"], ["nomads"], ["khaled"], ["hermes house band"], ["david hallyday"], ["will smith"], ["cher"], ["jordy"], ["spice girls"], ["fugees"], ["coolio"], ["mylene farmer"], ["brandy", "monica"], ["robert miles"], ["lagaf'"], ["tina arena"], ["menelik", "imane d"], ["nathalie cardone"], ["alliage", "boyzone"], ["eiffel 65"], ["britney spears"], ["lara fabian"], ["helene segara"], ["ricky martin"], ["des'ree"], ["poetic lover"], ["coumba gawlo"], ["indians sacred spirit"], ["laam"], ["bryan adams"], ["celine dion"], ["gala"], ["emilia"], ["puff daddy", "faith evans"], ["hanson"], ["manau"], ["the cranberries"], ["bellini"], ["john scatman"], ["regg'lyss"], ["janet jackson"], ["modern talking"], ["johnny hallyday"], ["2be3"], ["lara fabian"], ["madonna"], ["francois feldman"], ["patrick bruel"], ["youssou n'dour", "neneh cherry"], ["shania twain"], ["david charvet"], ["madonna"], ["les inconnus"], ["freddie mercury"], ["mark snow"], ["pow wow"], ["felix gray", "didier barbelivien"], ["felicidad"], ["britney spears"], ["worlds apart"], ["barbra streisand", "celine dion"], ["g.o. culture"], ["spice girls"], ["elton john"], ["enigma"], ["jean-philippe audin", "diego modena"], ["boris"], ["ricky martin"], ["reel 2 real"], ["celine dion"], ["liane foly"], ["fool's garden"], ["phenomenal club"], ["patrick bruel"], ["2 unlimited"], ["alliance ethnik"], ["nirvana"], ["iam"], ["organiz'"], ["2be3"], ["snap!"]]}, {"col": "c2_length", "type": "INTEGER", "data": [3, 1, 1, 1, 1, 1, 1, 1, 1, 1, 1, 1, 1, 1, 1, 1, 1, 1, 2, 1, 1, 1, 1, 1, 1, 1, 1, 1, 1, 1, 1, 2, 1, 1, 1, 2, 1, 2, 1, 1, 1, 1, 1, 1, 1, 1, 1, 1, 1, 1, 1, 1, 2, 1, 1, 1, 1, 1, 1, 1, 1, 1, 1, 1, 1, 1, 1, 2, 1, 1, 1, 1, 1, 1, 1, 2, 1, 1, 1, 2, 1, 1, 1, 1, 2, 1, 1, 1, 1, 1, 1, 1, 1, 1, 1, 1, 1, 1, 1, 1]}], [{"col": "c3", "type": "TEXT", "data": ["\"belle\"", "\"candle in the wind\"", "\"mambo no. 5\"", "\"alane\"", "\"la tribu de dana\"", "\"un, dos, tres\"", "\"savoir aimer\"", "\"barbie girl\"", "\"tu m'oublieras\"", "\"the reason\" / \"my heart will go on\"", "\"freed from desire\"", "\"blue (da ba dee)\"", "\"tic, tic tac\"", "\"con te partiro\"", "\"chanter pour ceux qui sont loin de chez eux\"", "\"pour que tu m'aimes encore\"", "\"au nom de la rose\"", "\"macarena\"", "\"vivo per lei (je vis pour elle)\"", "\"tomber la chemise\"", "\"yakalelo\"", "\"aicha\"", "\"i will survive\"", "\"tu ne m'as pas laisse le temps\"", "\"men in black\"", "\"believe\"", "\"dur dur d'etre bebe !\"", "\"wannabe\"", "\"killing me softly\"", "\"gangsta's paradise\"", "\"desenchantee\"", "\"the boy is mine\"", "\"children\"", "\"la zoubida\"", "\"aller plus haut\"", "\"bye bye\"", "\"hasta siempre\"", "\"te garder pres de moi\"", "\"move your body\"", "\"... baby one more time\"", "\"tout\"", "\"il y a trop de gens qui t'aiment\"", "\"la copa da la vida\"", "\"life\"", "\"prenons notre temps\"", "\"pata pata\"", "\"yeha-noha\"", "\"jamais loin de toi\"", "\"(everything i do) i do it for you\"", "\"je sais pas\"", "\"let a boy cry\"", "\"big big world\"", "\"i'll be missing you\"", "\"mmmbop\"", "\"mais qui est la belette ?\"", "\"zombie\"", "\"samba de janeiro\"", "\"scatman (ski ba bop ba dop bop)\"", "\"mets de l'huile\"", "\"together again\"", "\"you're my heart, you're my soul\"", "\"vivre pour le meilleur\"", "\"partir un jour\"", "\"je t'aime\"", "\"frozen\"", "\"joy\"", "\"qui a le droit... (live)\"", "\"7 seconds\"", "\"man! i feel like a woman!\"", "\"should i leave\"", "\"don't cry for me argentina\"", "\"auteuil, neuilly, passy\"", "\"living on my own 1993\"", "\"the x-files\"", "\"le chat\"", "\"il faut laisser le temps au temps\"", "\"dam dam deo\"", "\"(you drive me) crazy\"", "\"je te donne\"", "\"tell him\"", "\"darla_dirladada\"", "\"spice up your life\"", "\"can you feel the love tonight\"", "\"sadeness (part i)\"", "\"song of ocarina\"", "\"soiree disco\"", "\"te extrano, te olvido, te amo\"", "\"i like to move it\"", "\"un garcon pas comme les autres (ziggy)\"", "\"la vie ne m'apprend rien\"", "\"lemon tree\"", "\"il est vraiment phenomenal\"", "\"alors regarde\"", "\"no limit\"", "\"respect\"", "\"smells like teen spirit\"", "\"je danse le mia\"", "\"i never knew love like this before\"", "\"toujours la pour toi\"", "\"rhythm is a dancer\""]}], [{"col": "c4", "type": "TEXT", "data": ["1998", "1997", "1999", "1997", "1998", "1997", "1997", "1997", "1998", "1998", "1996", "1999", "1996", "1997", "1998", "1995", "1999", "1996", "1998", "1999", "1998", "1996", "1998", "1999", "1997", "1999", "1992", "1996", "1996", "1995", "1991", "1998", "1996", "1991", "1999", "1998", "1997", "1997", "1999", "1999", "1997", "1999", "1998", "1998", "1997", "1998", "1995", "1999", "1991", "1995", "1997", "1999", "1997", "1997", "1999", "1995", "1997", "1995", "1993", "1998", "1998", "1999", "1996", "1997", "1998", "1991", "1991", "1994", "1999", "1997", "1997", "1991", "1993", "1996", "1992", "1990", "1997", "1999", "1996", "1997", "1993", "1997", "1994", "1990", "1991", "1996", "1997", "1994", "1993", "1999", "1996", "1997", "1990", "1993", "1995", "1992", "1994", "1999", "1997", "1992"]}, {"col": "c4_number", "type": "INTEGER", "data": [1998, 1997, 1999, 1997, 1998, 1997, 1997, 1997, 1998, 1998, 1996, 1999, 1996, 1997, 1998, 1995, 1999, 1996, 1998, 1999, 1998, 1996, 1998, 1999, 1997, 1999, 1992, 1996, 1996, 1995, 1991, 1998, 1996, 1991, 1999, 1998, 1997, 1997, 1999, 1999, 1997, 1999, 1998, 1998, 1997, 1998, 1995, 1999, 1991, 1995, 1997, 1999, 1997, 1997, 1999, 1995, 1997, 1995, 1993, 1998, 1998, 1999, 1996, 1997, 1998, 1991, 1991, 1994, 1999, 1997, 1997, 1991, 1993, 1996, 1992, 1990, 1997, 1999, 1996, 1997, 1993, 1997, 1994, 1990, 1991, 1996, 1997, 1994, 1993, 1999, 1996, 1997, 1990, 1993, 1995, 1992, 1994, 1999, 1997, 1992]}], [{"col": "c5", "type": "TEXT", "data": ["2,221,000", "2,029,000", "1,532,000", "1,418,000", "1,415,000", "1,400,000", "1,234,000", "1,215,000", "1,209,000", "1,197,000", "1,013,000", "1,001,000", "980,000", "980,000", "963,000", "955,000", "918,000", "910,000", "874,000", "868,000", "846,000", "824,000", "812,000", "801,000", "783,000", "764,000", "751,000", "742,000", "674,000", "672,000", "665,000", "662,000", "642,000", "625,000", "617,000", "613,000", "608,000", "607,000", "589,000", "578,000", "566,000", "565,000", "563,000", "555,000", "532,000", "529,000", "528,000", "518,000", "508,000", "506,000", "497,000", "496,000", "492,000", "490,000", "490,000", "484,000", "481,000", "479,000", "476,000", "475,000", "475,000", "471,000", "471,000", "471,000", "469,000", "468,000", "466,000", "465,000", "459,000", "452,000", "447,000", "428,000", "426,000", "425,000", "423,000", "420,000", "410,000", "409,000", "408,000", "400,000", "397,000", "397,000", "391,000", "385,000", "379,000", "376,000", "373,000", "367,000", "365,000", "364,000", "362,000", "359,000", "358,000", "357,000", "357,000", "356,000", "352,000", "352,000", "351,000", "349,000"]}, {"col": "c5_number", "type": "REAL", "data": [2221000.0, 2029000.0, 1532000.0, 1418000.0, 1415000.0, 1400000.0, 1234000.0, 1215000.0, 1209000.0, 1197000.0, 1013000.0, 1001000.0, 980000.0, 980000.0, 963000.0, 955000.0, 918000.0, 910000.0, 874000.0, 868000.0, 846000.0, 824000.0, 812000.0, 801000.0, 783000.0, 764000.0, 751000.0, 742000.0, 674000.0, 672000.0, 665000.0, 662000.0, 642000.0, 625000.0, 617000.0, 613000.0, 608000.0, 607000.0, 589000.0, 578000.0, 566000.0, 565000.0, 563000.0, 555000.0, 532000.0, 529000.0, 528000.0, 518000.0, 508000.0, 506000.0, 497000.0, 496000.0, 492000.0, 490000.0, 490000.0, 484000.0, 481000.0, 479000.0, 476000.0, 475000.0, 475000.0, 471000.0, 471000.0, 471000.0, 469000.0, 468000.0, 466000.0, 465000.0, 459000.0, 452000.0, 447000.0, 428000.0, 426000.0, 425000.0, 423000.0, 420000.0, 410000.0, 409000.0, 408000.0, 400000.0, 397000.0, 397000.0, 391000.0, 385000.0, 379000.0, 376000.0, 373000.0, 367000.0, 365000.0, 364000.0, 362000.0, 359000.0, 358000.0, 357000.0, 357000.0, 356000.0, 352000.0, 352000.0, 351000.0, 349000.0]}], [{"col": "c6", "type": "TEXT", "data": ["1", "1", "1", "1", "1", "1", "1", "1", "1", "1", "1", "1", "1", "1", "2", "1", "1", "1", "1", "1", "2", "1", "3", "1", "1", "1", "1", "1", "1", "1", "1", "2", "1", "1", "2", "5", "4", "3", "1", "1", "5", "1", "1", "2", "5", "2", "1", "5", "1", "1", "1", "2", "2", "4", "1", "1", "3", "1", "1", "2", "3", "2", "2", "6", "2", "1", "1", "1", "3", "3", "1", "1", "1", "1", "1", "1", "3", "2", "3", "4", "1", "3", "1", "1", "1", "1", "4", "1", "2", "3", "3", "7", "3", "1", "2", "1", "1", "5", "4", "1"]}, {"col": "c6_number", "type": "REAL", "data": [1.0, 1.0, 1.0, 1.0, 1.0, 1.0, 1.0, 1.0, 1.0, 1.0, 1.0, 1.0, 1.0, 1.0, 2.0, 1.0, 1.0, 1.0, 1.0, 1.0, 2.0, 1.0, 3.0, 1.0, 1.0, 1.0, 1.0, 1.0, 1.0, 1.0, 1.0, 2.0, 1.0, 1.0, 2.0, 5.0, 4.0, 3.0, 1.0, 1.0, 5.0, 1.0, 1.0, 2.0, 5.0, 2.0, 1.0, 5.0, 1.0, 1.0, 1.0, 2.0, 2.0, 4.0, 1.0, 1.0, 3.0, 1.0, 1.0, 2.0, 3.0, 2.0, 2.0, 6.0, 2.0, 1.0, 1.0, 1.0, 3.0, 3.0, 1.0, 1.0, 1.0, 1.0, 1.0, 1.0, 3.0, 2.0, 3.0, 4.0, 1.0, 3.0, 1.0, 1.0, 1.0, 1.0, 4.0, 1.0, 2.0, 3.0, 3.0, 7.0, 3.0, 1.0, 2.0, 1.0, 1.0, 5.0, 4.0, 1.0]}]], "is_list": {"id": false, "agg": false, "c1": false, "c1_number": false, "c2": false, "c2_list": true, "c2_length": false, "c3": false, "c4": false, "c4_number": false, "c5": false, "c5_number": false, "c6": false, "c6_number": false}}