{"headers": ["id", "agg", "outcome", "year", "championship", "surface", "opponent", "score"], "types": ["id", "agg", "text", "number", "text(number)", "text", "text", "<c, score(score)>"], "contents": [[{"col": "id", "type": "INTEGER", "data": [1, 2, 3, 4, 5, 6, 7, 8, 9]}], [{"col": "agg", "type": "INTEGER", "data": [0, 0, 0, 0, 0, 0, 0, 0, 0]}], [{"col": "c1", "type": "TEXT", "data": ["runner-up", "winner", "winner", "winner", "runner-up", "runner-up", "winner", "runner-up", "winner"]}], [{"col": "c2", "type": "TEXT", "data": ["2002", "2003", "2003", "2004", "2004", "2005", "2006", "2010", "2010"]}, {"col": "c2_number", "type": "INTEGER", "data": [2002, 2003, 2003, 2004, 2004, 2005, 2006, 2010, 2010]}], [{"col": "c3", "type": "TEXT", "data": ["canada (toronto) (1)", "montreal", "cincinnati", "miami", "toronto (2)", "cincinnati", "cincinnati (2)", "indian wells", "miami (2)"]}, {"col": "c3_first", "type": "TEXT", "data": ["can", "montreal", "cincinnati", "miami", "toronto", "cincinnati", "cincinnati", "indian wells", "miami"]}, {"col": "c3_second", "type": "TEXT", "data": ["1", null, null, null, "2", null, "2", null, "2"]}, {"col": "c3_second_number", "type": "REAL", "data": [1.0, null, null, null, 2.0, null, 2.0, null, 2.0]}], [{"col": "c4", "type": "TEXT", "data": ["hard", "hard", "hard", "hard", "hard", "hard", "hard", "hard", "hard"]}], [{"col": "c5", "type": "TEXT", "data": ["guillermo canas", "david nalbandian", "mardy fish", "guillermo coria", "roger federer", "roger federer", "juan carlos ferrero", "ivan ljubicic", "tomas berdych"]}], [{"col": "c6", "type": "TEXT", "data": ["4-6, 5-7", "6-1, 6-3", "4-6, 7-6(7-3), 7-6(7-4)", "6-7(2-7), 6-3, 6-1, ret", "5-7, 3-6", "3-6, 5-7", "6-3, 6-4", "6-7(3-7), 6-7(5-7)", "7-5, 6-4"]}, {"col": "c6_list", "type": "LIST TEXT", "data": [["4-6", "5-7"], ["6-1", "6-3"], ["4-6", "7-6(7-3)", "7-6(7-4)"], ["6-7(2-7)", "6-3", "6-1", "ret"], ["5-7", "3-6"], ["3-6", "5-7"], ["6-3", "6-4"], ["6-7(3-7)", "6-7(5-7)"], ["7-5", "6-4"]]}, {"col": "c6_length", "type": "INTEGER", "data": [2, 2, 3, 4, 2, 2, 2, 2, 2]}, {"col": "c6_list_first", "type": "LIST TEXT", "data": [["4-6", "5-7"], ["6-1", "6-3"], ["4-6", "7-6", "7-6"], ["6-7", "6-3", "6-1", "ret"], ["5-7", "3-6"], ["3-6", "5-7"], ["6-3", "6-4"], ["6-7", "6-7"], ["7-5", "6-4"]]}, {"col": "c6_list_second", "type": "LIST TEXT", "data": [[], [], ["7-3", "7-4"], ["2-7"], [], [], [], ["3-7", "5-7"], []]}, {"col": "c6_list_first_number", "type": "LIST INTEGER", "data": [[4, 5], [6, 6], [4, 7, 7], [6, 6, 6], [5, 3], [3, 5], [6, 6], [6, 6], [7, 6]]}, {"col": "c6_list_first_number1", "type": "LIST INTEGER", "data": [[4, 5], [6, 6], [4, 7, 7], [6, 6, 6], [5, 3], [3, 5], [6, 6], [6, 6], [7, 6]]}, {"col": "c6_list_first_number2", "type": "LIST INTEGER", "data": [[6, 7], [1, 3], [6, 6, 6], [7, 3, 1], [7, 6], [6, 7], [3, 4], [7, 7], [5, 4]]}, {"col": "c6_list_second_number", "type": "LIST INTEGER", "data": [[], [], [7, 7], [2], [], [], [], [3, 5], []]}, {"col": "c6_list_second_number1", "type": "LIST INTEGER", "data": [[], [], [7, 7], [2], [], [], [], [3, 5], []]}, {"col": "c6_list_second_number2", "type": "LIST INTEGER", "data": [[], [], [3, 4], [7], [], [], [], [7, 7], []]}]], "is_list": {"id": false, "agg": false, "c1": false, "c2": false, "c2_number": false, "c3": false, "c3_first": false, "c3_second": false, "c3_second_number": false, "c4": false, "c5": false, "c6": false, "c6_list": true, "c6_length": false, "c6_list_first": true, "c6_list_second": true, "c6_list_first_number": true, "c6_list_first_number1": true, "c6_list_first_number2": true, "c6_list_second_number": true, "c6_list_second_number1": true, "c6_list_second_number2": true}}