{"headers": ["id", "agg", "rank", "nation", "gold", "silver", "bronze", "total"], "types": ["id", "agg", "number", "text", "number", "number", "number", "number"], "contents": [[{"col": "id", "type": "INTEGER", "data": [1, 2, 3, 4, 5, 6, 7, 8, 9, 10, 11, 12, 13, 14, 15, 16, 17, 18, 19, 20, 21, 22, 23, 24]}], [{"col": "agg", "type": "INTEGER", "data": ["0", "0", "0", "0", "0", "0", "0", "0", "0", "0", "0", "0", "0", "0", "0", "0", "0", "0", "0", "0", "0", "0", "0", "1"]}], [{"col": "c1", "type": "TEXT", "data": ["1", "2", "3", "4", "5", "5", "7", "7", "7", "7", "11", "11", "11", "11", "11", "16", "17", "18", "18", "20", "20", "20", "20", "total"]}, {"col": "c1_number", "type": "REAL", "data": [1.0, 2.0, 3.0, 4.0, 5.0, 5.0, 7.0, 7.0, 7.0, 7.0, 11.0, 11.0, 11.0, 11.0, 11.0, 16.0, 17.0, 18.0, 18.0, 20.0, 20.0, 20.0, 20.0, null]}], [{"col": "c2", "type": "TEXT", "data": ["south korea", "chinese taipei", "spain", "egypt", "france", "iran", "china", "cuba", "greece", "turkey", "canada", "germany", "morocco", "philippines", "russia", "mexico", "australia", "croatia", "united states", "ecuador", "saudi arabia", "thailand", "yugoslavia", "total"]}], [{"col": "c3", "type": "TEXT", "data": ["11", "2", "2", "1", "0", "0", "0", "0", "0", "0", "0", "0", "0", "0", "0", "0", "0", "0", "0", "0", "0", "0", "0", "16"]}, {"col": "c3_number", "type": "REAL", "data": [11.0, 2.0, 2.0, 1.0, 0.0, 0.0, 0.0, 0.0, 0.0, 0.0, 0.0, 0.0, 0.0, 0.0, 0.0, 0.0, 0.0, 0.0, 0.0, 0.0, 0.0, 0.0, 0.0, 16.0]}], [{"col": "c4", "type": "TEXT", "data": ["1", "2", "0", "0", "2", "2", "1", "1", "1", "1", "1", "1", "1", "1", "1", "0", "0", "0", "0", "0", "0", "0", "0", "16"]}, {"col": "c4_number", "type": "REAL", "data": [1.0, 2.0, 0.0, 0.0, 2.0, 2.0, 1.0, 1.0, 1.0, 1.0, 1.0, 1.0, 1.0, 1.0, 1.0, 0.0, 0.0, 0.0, 0.0, 0.0, 0.0, 0.0, 0.0, 16.0]}], [{"col": "c5", "type": "TEXT", "data": ["2", "5", "4", "0", "1", "1", "1", "1", "1", "1", "0", "0", "0", "0", "0", "4", "3", "2", "2", "1", "1", "1", "1", "32"]}, {"col": "c5_number", "type": "REAL", "data": [2.0, 5.0, 4.0, 0.0, 1.0, 1.0, 1.0, 1.0, 1.0, 1.0, 0.0, 0.0, 0.0, 0.0, 0.0, 4.0, 3.0, 2.0, 2.0, 1.0, 1.0, 1.0, 1.0, 32.0]}], [{"col": "c6", "type": "TEXT", "data": ["14", "9", "6", "1", "3", "3", "2", "2", "2", "2", "1", "1", "1", "1", "1", "4", "3", "2", "2", "1", "1", "1", "1", "64"]}, {"col": "c6_number", "type": "REAL", "data": [14.0, 9.0, 6.0, 1.0, 3.0, 3.0, 2.0, 2.0, 2.0, 2.0, 1.0, 1.0, 1.0, 1.0, 1.0, 4.0, 3.0, 2.0, 2.0, 1.0, 1.0, 1.0, 1.0, 64.0]}]], "is_list": {"id": false, "agg": false, "c1": false, "c1_number": false, "c2": false, "c3": false, "c3_number": false, "c4": false, "c4_number": false, "c5": false, "c5_number": false, "c6": false, "c6_number": false}}