{"headers": ["id", "agg", "year", "award", "result", "category", "series"], "types": ["id", "agg", "number", "text", "text", "text", "text"], "contents": [[{"col": "id", "type": "INTEGER", "data": [1, 2, 3, 4, 5, 6, 7, 8, 9, 10]}], [{"col": "agg", "type": "INTEGER", "data": [0, 0, 0, 0, 0, 0, 0, 0, 0, 0]}], [{"col": "c1", "type": "TEXT", "data": ["2004", "2002", "2004", "2005", "2006", "2007", "2005", "2006", "2007", "2008"]}, {"col": "c1_number", "type": "INTEGER", "data": [2004, 2002, 2004, 2005, 2006, 2007, 2005, 2006, 2007, 2008]}], [{"col": "c2", "type": "TEXT", "data": ["bet comedy awards", "bet comedy awards", "teen choice awards", "teen choice awards", "teen choice awards", "teen choice awards", "naacp image awards", "naacp image awards", "naacp image awards", "naacp image awards"]}], [{"col": "c3", "type": "TEXT", "data": ["won", "won", "nominated", "nominated", "nominated", "nominated", "nominated", "nominated", "nominated", "nominated"]}], [{"col": "c4", "type": "TEXT", "data": ["outstanding supporting actor in a comedy series", "outstanding supporting actor in a comedy series", "choice tv sidekick", "choice tv sidekick", "choice tv sidekick", "choice tv sidekick", "outstanding supporting actor in a comedy series", "outstanding actor in a comedy series", "outstanding actor in a comedy series", "outstanding actor in a comedy series"]}], [{"col": "c5", "type": "TEXT", "data": ["scrubs", "scrubs", "scrubs", "scrubs", "scrubs", "scrubs", "scrubs", "scrubs", "scrubs", "scrubs"]}]], "is_list": {"id": false, "agg": false, "c1": false, "c1_number": false, "c2": false, "c3": false, "c4": false, "c5": false}}