{"headers": ["id", "agg", "#", "date", "venue", "opponent", "score", "result", "competition"], "types": ["id", "agg", "number", "date", "address", "text", "score", "score", "text"], "contents": [[{"col": "id", "type": "INTEGER", "data": [1, 2, 3, 4, 5, 6, 7, 8]}], [{"col": "agg", "type": "INTEGER", "data": [0, 0, 0, 0, 0, 0, 0, 0]}], [{"col": "c1", "type": "TEXT", "data": ["1", "2", "3", "4", "5", "6", "7", "8"]}, {"col": "c1_number", "type": "REAL", "data": [1.0, 2.0, 3.0, 4.0, 5.0, 6.0, 7.0, 8.0]}], [{"col": "c2", "type": "TEXT", "data": ["8 february 2011", "11 may 2011", "5 june 2011", "10 august 2011", "3 september 2011", "14 november 2012", "14 january 2013", "26 january 2013"]}, {"col": "c2_number", "type": "INTEGER", "data": [8, 11, 5, 10, 3, 14, 14, 26]}, {"col": "c2_parsed", "type": "TEXT", "data": ["2011-02-08", "2011-05-11", "2011-06-05", "2011-08-10", "2011-09-03", "2012-11-14", "2013-01-14", "2013-01-26"]}, {"col": "c2_year", "type": "INTEGER", "data": [2011, 2011, 2011, 2011, 2011, 2012, 2013, 2013]}, {"col": "c2_month", "type": "INTEGER", "data": [2, 5, 6, 8, 9, 11, 1, 1]}, {"col": "c2_day", "type": "INTEGER", "data": [8, 11, 5, 10, 3, 14, 14, 26]}], [{"col": "c3", "type": "TEXT", "data": ["stade georges pompidou, valence, france", "stade felix houphouet-boigny, abidjan, cote d'ivoire", "stade de l'amitie, cotonou, benin", "stade de geneve, geneve, switzerland", "stade amahoro, kigali, rwanda", "linzer stadion, linz, austria", "al nahyan stadium, abu dhabi, united arab emirates", "royal bafokeng stadium, rustenburg, south africa"]}, {"col": "c3_address", "type": "LIST TEXT", "data": [["stade georges pompidou", "valence", "france", "stade georges pompidou, valence", "valence, france"], ["stade felix houphouet-boigny", "abidjan", "cote d'ivoire", "stade felix houphouet-boigny, abidjan", "abidjan, cote d'ivoire"], ["stade de l'amitie", "cotonou", "benin", "stade de l'amitie, cotonou", "cotonou, benin"], ["stade de geneve", "geneve", "switzerland", "stade de geneve, geneve", "geneve, switzerland"], ["stade amahoro", "kigali", "rwanda", "stade amahoro, kigali", "kigali, rwanda"], ["linzer stadion", "linz", "austria", "linzer stadion, linz", "linz, austria"], ["al nahyan stadium", "abu dhabi", "united arab emirates", "al nahyan stadium, abu dhabi", "abu dhabi, united arab emirates"], ["royal bafokeng stadium", "rustenburg", "south africa", "royal bafokeng stadium, rustenburg", "rustenburg, south africa"]]}], [{"col": "c4", "type": "TEXT", "data": ["mali", "namibia", "benin", "israel", "rwanda", "austria", "egypt", "tunisia"]}], [{"col": "c5", "type": "TEXT", "data": ["1-0", "4-1", "0-1", "1-0", "0-4", "0-1", "4-2", "3-0"]}, {"col": "c5_number", "type": "INTEGER", "data": [1, 4, 0, 1, 0, 0, 4, 3]}, {"col": "c5_number1", "type": "INTEGER", "data": [1, 4, 0, 1, 0, 0, 4, 3]}, {"col": "c5_number2", "type": "INTEGER", "data": [0, 1, 1, 0, 4, 1, 2, 0]}], [{"col": "c6", "type": "TEXT", "data": ["1-0", "5-1", "2-6", "4-3", "0-5", "0-3", "4-2", "3-0"]}, {"col": "c6_number", "type": "INTEGER", "data": [1, 5, 2, 4, 0, 0, 4, 3]}, {"col": "c6_number1", "type": "INTEGER", "data": [1, 5, 2, 4, 0, 0, 4, 3]}, {"col": "c6_number2", "type": "INTEGER", "data": [0, 1, 6, 3, 5, 3, 2, 0]}], [{"col": "c7", "type": "TEXT", "data": ["friendly", "friendly", "2012 africa cup of nations qualification - group h", "friendly", "2012 africa cup of nations qualification - group h", "friendly", "friendly", "2013 africa cup of nations"]}]], "is_list": {"id": false, "agg": false, "c1": false, "c1_number": false, "c2": false, "c2_number": false, "c2_parsed": false, "c2_year": false, "c2_month": false, "c2_day": false, "c3": false, "c3_address": true, "c4": false, "c5": false, "c5_number": false, "c5_number1": false, "c5_number2": false, "c6": false, "c6_number": false, "c6_number1": false, "c6_number2": false, "c7": false}}