{"headers": ["id", "agg", "release date", "album", "catalog number", "chart position", "notes"], "types": ["id", "agg", "date", "text", "text", "number", "text"], "contents": [[{"col": "id", "type": "INTEGER", "data": [1, 2, 3, 4, 5, 6, 7, 8, 9, 10, 11, 12, 13, 14, 15, 16, 17, 18, 19, 20, 21, 22, 23, 24, 25, 26, 27, 28, 29, 30, 31, 32, 33, 34, 35, 36, 37, 38, 39, 40, 41, 42, 43, 44, 45, 46, 47, 48, 49, 50, 51, 52, 53, 54, 55, 56, 57, 58, 59, 60]}], [{"col": "agg", "type": "INTEGER", "data": [0, 0, 0, 0, 0, 0, 0, 0, 0, 0, 0, 0, 0, 0, 0, 0, 0, 0, 0, 0, 0, 0, 0, 0, 0, 0, 0, 0, 0, 0, 0, 0, 0, 0, 0, 0, 0, 0, 0, 0, 0, 0, 0, 0, 0, 0, 0, 0, 0, 0, 0, 0, 0, 0, 0, 0, 0, 0, 0, 0]}], [{"col": "c1", "type": "TEXT", "data": ["february 28, 1990", "march 5, 1991", "march 21, 1991", "1992", "march 5, 1992", "june 24, 1992", "august 5, 1992", "august 5, 1992", "march 24, 1993", "august 23, 1993", "november 26, 1993", "may 25, 1994", "november 3, 1994", "december 21, 1994", "july 2, 1994", "march 3, 1995", "july 21, 1995", "december 6, 1995", "april 24, 1996", "may 22, 1996", "july 5, 1996", "october 23, 1996", "november 1, 1996", "april 23, 1997", "august 6, 1997", "july 2, 1997", "february 4, 1998", "april 24, 1998", "july 3, 1998", "september 4, 1998", "october 10, 1998", "may 28, 1999", "october 27, 1999", "december 3, 1999", "april 26, 2000", "may 24, 2000", "june 21, 2000", "october 25, 2000", "july 21, 2001", "august 29, 2001", "december 29, 2001", "december 5, 2001", "march 27, 2002", "april 24, 2002", "june 26, 2002", "september 25, 2002", "september 26, 2003", "january 7, 2004", "july 26, 2006", "february 7, 2007", "april 21, 2007", "april 21, 2007", "june 25, 2008", "july 23, 2008", "february 18, 2009", "april 22, 2009", "october 4, 2009", "july 21, 2010", "july 21, 2010", "june 11, 2011"]}, {"col": "c1_number", "type": "INTEGER", "data": [28, 5, 21, 1992, 5, 24, 5, 5, 24, 23, 26, 25, 3, 21, 2, 3, 21, 6, 24, 22, 5, 23, 1, 23, 6, 2, 4, 24, 3, 4, 10, 28, 27, 3, 26, 24, 21, 25, 21, 29, 29, 5, 27, 24, 26, 25, 26, 7, 26, 7, 21, 21, 25, 23, 18, 22, 4, 21, 21, 11]}, {"col": "c1_parsed", "type": "TEXT", "data": ["1990-02-28", "1991-03-05", "1991-03-21", "1992", "1992-03-05", "1992-06-24", "1992-08-05", "1992-08-05", "1993-03-24", "1993-08-23", "1993-11-26", "1994-05-25", "1994-11-03", "1994-12-21", "1994-07-02", "1995-03-03", "1995-07-21", "1995-12-06", "1996-04-24", "1996-05-22", "1996-07-05", "1996-10-23", "1996-11-01", "1997-04-23", "1997-08-06", "1997-07-02", "1998-02-04", "1998-04-24", "1998-07-03", "1998-09-04", "1998-10-10", "1999-05-28", "1999-10-27", "1999-12-03", "2000-04-26", "2000-05-24", "2000-06-21", "2000-10-25", "2001-07-21", "2001-08-29", "2001-12-29", "2001-12-05", "2002-03-27", "2002-04-24", "2002-06-26", "2002-09-25", "2003-09-26", "2004-01-07", "2006-07-26", "2007-02-07", "2007-04-21", "2007-04-21", "2008-06-25", "2008-07-23", "2009-02-18", "2009-04-22", "2009-10-04", "2010-07-21", "2010-07-21", "2011-06-11"]}, {"col": "c1_year", "type": "INTEGER", "data": [1990, 1991, 1991, 1992, 1992, 1992, 1992, 1992, 1993, 1993, 1993, 1994, 1994, 1994, 1994, 1995, 1995, 1995, 1996, 1996, 1996, 1996, 1996, 1997, 1997, 1997, 1998, 1998, 1998, 1998, 1998, 1999, 1999, 1999, 2000, 2000, 2000, 2000, 2001, 2001, 2001, 2001, 2002, 2002, 2002, 2002, 2003, 2004, 2006, 2007, 2007, 2007, 2008, 2008, 2009, 2009, 2009, 2010, 2010, 2011]}, {"col": "c1_month", "type": "INTEGER", "data": [2, 3, 3, null, 3, 6, 8, 8, 3, 8, 11, 5, 11, 12, 7, 3, 7, 12, 4, 5, 7, 10, 11, 4, 8, 7, 2, 4, 7, 9, 10, 5, 10, 12, 4, 5, 6, 10, 7, 8, 12, 12, 3, 4, 6, 9, 9, 1, 7, 2, 4, 4, 6, 7, 2, 4, 10, 7, 7, 6]}, {"col": "c1_day", "type": "INTEGER", "data": [28, 5, 21, null, 5, 24, 5, 5, 24, 23, 26, 25, 3, 21, 2, 3, 21, 6, 24, 22, 5, 23, 1, 23, 6, 2, 4, 24, 3, 4, 10, 28, 27, 3, 26, 24, 21, 25, 21, 29, 29, 5, 27, 24, 26, 25, 26, 7, 26, 7, 21, 21, 25, 23, 18, 22, 4, 21, 21, 11]}], [{"col": "c2", "type": "TEXT", "data": ["pulse", "niji-iro no sneaker", "half and half", "naraou (kaze wo miru / tokyo murasaki)", "whatever", "yume wo dakishimete", "haruneko fushigi tsukiyo -oshiete happiness-", "perfume", "our goody day...bokura no good day", "shamrock", "yume hurry up", "until strawberry sherbet", "touch and go!!", "pulse", "sphere", "enfleurage", "midnight blue", "going history", "give a reason", "kagirinai yokubou no naka ni", "just be conscious", "successful mission", "bertemu", "don't be discouraged", "iravati", "reflection", "fine colorday", "~infinity~", "raging waves", "a house cat", "proof of myself", "question at me", "fuwari (\u3075\u308f\u308a)", "booska! booska!!", "vintage s", "sakura saku", "vintage a", "unsteady", "maemuki roketto-dan", "over soul", "brave heart", "feel well", "northern lights", "treat or goblins", "feel well", "koibumi", "makenaide makenaide", "center color", "meet again", "a happy life", "plain", "tanoshii douyou", "slayers megumix", "plenty of grit", "front breaking", "shuuketsu no sono he", "moe fire", "choice", "shuuketsu no sadame", "vintage white"]}], [{"col": "c3", "type": "TEXT", "data": ["tydy-5127", "kida-15", "kics-100", "ssx 35", "kics-176", "kida-42", "kida-45", "kics-215", "kida-54", "kics-345", "kida-69", "kida-81", "kida-90", "tycy-5413", "kics-430", "kics-475", "kida-108", "kida-124", "kida-128", "kida-134", "kida-b36", "kida-138", "kics-590", "kida-148", "kics-640", "kida-154", "kida-158", "kida-161", "kida-163", "kida-165", "kida-170", "kida-180", "kics-755", "kida-190", "kics-790", "kica-506", "kics-810", "kida-204", "zmcp-1259", "kicm-3016", "kicm-3021", "kicm-3020", "kicm-3027", "kicm-3030", "kics-955", "kicm-3035", "kicm-1083", "kics-1070", "kicm-1164", "kicm-1196", "kics-1303", "kicg-53~55", "kica-916~918", "kicm-1245", "kicm-1268", "kicm-1271", "nmax-80005", "kics-91548", "kicm-1310", "kics-91670"]}], [{"col": "c4", "type": "TEXT", "data": ["92", "43", "45", null, "18", "90", "49", "13", "54", "12", "58", "42", "37", "84", "8", "6", "27", "25", "9", "20", "11", "7", "3", "4", "5", "7", "9", "8", "8", "6", "9", "13", "5", "50", "6", "7", "4", "14", "62", "7", "11", "11", "3", "19", "7", "7", "8", "10", "12", "12", "18", "70", "14", "6", "15", "7", null, "6", "6", "9"]}, {"col": "c4_number", "type": "REAL", "data": [92.0, 43.0, 45.0, null, 18.0, 90.0, 49.0, 13.0, 54.0, 12.0, 58.0, 42.0, 37.0, 84.0, 8.0, 6.0, 27.0, 25.0, 9.0, 20.0, 11.0, 7.0, 3.0, 4.0, 5.0, 7.0, 9.0, 8.0, 8.0, 6.0, 9.0, 13.0, 5.0, 50.0, 6.0, 7.0, 4.0, 14.0, 62.0, 7.0, 11.0, 11.0, 3.0, 19.0, 7.0, 7.0, 8.0, 10.0, 12.0, 12.0, 18.0, 70.0, 14.0, 6.0, 15.0, 7.0, null, 6.0, 6.0, 9.0]}], [{"col": "c5", "type": "TEXT", "data": ["single", "single", "album", "promotional mini-album - tenkuu senki shurato ova image songs", "album", "single - magical princess minky momo theme", "single - all purpose cultural cat girl nuku nuku ending", "album", "single", "album", "single - all purpose cultural cat girl nuku nuku ova themes", "single - contains themes for bakuretsu hunter", "single - contain themes for the show blue seed", "single (re-release)", "album", "album", "single - slayers the motion picture theme", "single - slayers extra theme", "single - slayers next theme", "single - slayers special ova theme", "single - slayers return theme", "single - contains themes for saber marionette j", "album", "single - slayers try ending", "album", "single - slayers great theme", "single - contains themes for the show all purpose cultural cat girl nuku nuku", "single lost universe theme", "single - slayers gorgeous theme", "single - contains themes to the show all purpose cultural cat girl nuku nuku", "single saber marionette j to x theme", "single", "album", "single", "greatest hits compilation", "single - contains love hina themes", "greatest hits compilation", "single - contains themes from muteki-o trizenon", "pocket monsters 12th ending single", "single - shaman king themes", "single - shaman king related", "single - slayers premium theme", "single - shaman king theme", "single - magical shopping arcade abenobashi theme", "album", "single", "single - contains the themes for hayashibara's radio show heartfull station", "album", "single - made in commemoration of slayers' 10th anniversary", "single - gakuen utopia manabi straight! themes", "album", null, "collection of slayers theme songs and remixes", "single - slayers revolution opening/ending", "single - slayers evolution-r opening/ending", "single - neon genesis evangelion related (cr shin seiki evangelion -saigo no shisha-)", "mini album", "album", "single", "greatest hits compilation"]}]], "is_list": {"id": false, "agg": false, "c1": false, "c1_number": false, "c1_parsed": false, "c1_year": false, "c1_month": false, "c1_day": false, "c2": false, "c3": false, "c4": false, "c4_number": false, "c5": false}}