{"headers": ["id", "agg", "date", "opponent#", "rank#", "site", "result"], "types": ["id", "agg", "date", "text", "rank", "address", "score"], "contents": [[{"col": "id", "type": "INTEGER", "data": [1, 2, 3, 4, 5, 6, 7, 8, 9, 10, 11]}], [{"col": "agg", "type": "INTEGER", "data": [0, 0, 0, 0, 0, 0, 0, 0, 0, 0, 0]}], [{"col": "c1", "type": "TEXT", "data": ["september 12", "september 19", "september 26", "october 3", "october 10", "october 17", "october 24", "october 31", "november 7", "november 14", "november 21"]}, {"col": "c1_number", "type": "INTEGER", "data": [12, 19, 26, 3, 10, 17, 24, 31, 7, 14, 21]}, {"col": "c1_parsed", "type": "TEXT", "data": ["xxxx-09-12", "xxxx-09-19", "xxxx-09-26", "xxxx-10-03", "xxxx-10-10", "xxxx-10-17", "xxxx-10-24", "xxxx-10-31", "xxxx-11-07", "xxxx-11-14", "xxxx-11-21"]}, {"col": "c1_year", "type": "INTEGER", "data": [-1, -1, -1, -1, -1, -1, -1, -1, -1, -1, -1]}, {"col": "c1_month", "type": "INTEGER", "data": [9, 9, 9, 10, 10, 10, 10, 10, 11, 11, 11]}, {"col": "c1_day", "type": "INTEGER", "data": [12, 19, 26, 3, 10, 17, 24, 31, 7, 14, 21]}], [{"col": "c2", "type": "TEXT", "data": ["at colorado", "at #5 ohio state", "san diego state", "#16 washington", "usc", "at #9 ucla", "at stanford", "california", "at arizona state", "at washington state", "oregon state"]}, {"col": "c2_raw", "type": "TEXT", "data": ["colorado", "ohio state", "san diego state", "washington", "usc", "ucla", "stanford", "california", "arizona state", "washington state", "oregon state"]}, {"col": "c2_home", "type": "TEXT", "data": ["away", "away", "home", "home", "home", "away", "away", "home", "away", "away", "home"]}], [{"col": "c3", "type": "TEXT", "data": [null, null, null, null, null, "#16", null, null, null, null, null]}, {"col": "c3_number", "type": "REAL", "data": [null, null, null, null, null, 16.0, null, null, null, null, null]}], [{"col": "c4", "type": "TEXT", "data": ["folsom field \u2022 boulder, co", "ohio stadium \u2022 columbus, oh", "autzen stadium \u2022 eugene, or", "autzen stadium \u2022 eugene, or (rivalry)", "autzen stadium \u2022 eugene, or", "rose bowl \u2022 pasadena, ca", "stanford stadium \u2022 stanford, ca", "autzen stadium \u2022 eugene, or", "sun devil stadium \u2022 tempe, az", "martin stadium \u2022 pullman, wa", "autzen stadium \u2022 eugene, or (civil war)"]}, {"col": "c4_address", "type": "LIST TEXT", "data": [["folsom field \u2022 boulder", "co"], ["ohio stadium \u2022 columbus", "oh"], ["autzen stadium \u2022 eugene", "or"], ["autzen stadium \u2022 eugene", "or (rivalry)"], ["autzen stadium \u2022 eugene", "or"], ["rose bowl \u2022 pasadena", "ca"], ["stanford stadium \u2022 stanford", "ca"], ["autzen stadium \u2022 eugene", "or"], ["sun devil stadium \u2022 tempe", "az"], ["martin stadium \u2022 pullman", "wa"], ["autzen stadium \u2022 eugene", "or (civil war)"]]}], [{"col": "c5", "type": "TEXT", "data": ["w 44-6", "l 14-24", "w 25-20", "w 29-22", "w 34-27", "l 10-41", "l 10-13", "l 6-20", "l 17-37", "w 31-17", "w 44-0"]}, {"col": "c5_result", "type": "TEXT", "data": ["w", "l", "w", "w", "w", "l", "l", "l", "l", "w", "w"]}, {"col": "c5_number", "type": "INTEGER", "data": [44, 14, 25, 29, 34, 10, 10, 6, 17, 31, 44]}, {"col": "c5_number1", "type": "INTEGER", "data": [44, 14, 25, 29, 34, 10, 10, 6, 17, 31, 44]}, {"col": "c5_number2", "type": "INTEGER", "data": [6, 24, 20, 22, 27, 41, 13, 20, 37, 17, 0]}]], "is_list": {"id": false, "agg": false, "c1": false, "c1_number": false, "c1_parsed": false, "c1_year": false, "c1_month": false, "c1_day": false, "c2": false, "c2_raw": false, "c2_home": false, "c3": false, "c3_number": false, "c4": false, "c4_address": true, "c5": false, "c5_result": false, "c5_number": false, "c5_number1": false, "c5_number2": false}}