{"headers": ["id", "agg", "rank", "nation", "gold", "silver", "bronze", "total"], "types": ["id", "agg", "number", "text(text)", "number", "number", "number", "number"], "contents": [[{"col": "id", "type": "INTEGER", "data": [1, 2, 3, 4, 5, 6, 7]}], [{"col": "agg", "type": "INTEGER", "data": ["0", "0", "0", "0", "0", "0", "1"]}], [{"col": "c1", "type": "TEXT", "data": ["1", "2", "3", "4", "5", "6", null]}, {"col": "c1_number", "type": "REAL", "data": [1.0, 2.0, 3.0, 4.0, 5.0, 6.0, null]}], [{"col": "c2", "type": "TEXT", "data": ["russia (rus)", "canada (can)", "germany (ger)", "france (fra)", "belarus (blr)", "ukraine (ukr)", "total"]}, {"col": "c2_first", "type": "TEXT", "data": ["russia", "canada", "germany", "france", "belarus", "ukraine", "total"]}, {"col": "c2_second", "type": "TEXT", "data": ["rus", "can", "ger", "fra", "blr", "ukr", null]}], [{"col": "c3", "type": "TEXT", "data": ["3", "2", "1", "0", "0", "0", "6"]}, {"col": "c3_number", "type": "REAL", "data": [3.0, 2.0, 1.0, 0.0, 0.0, 0.0, 6.0]}], [{"col": "c4", "type": "TEXT", "data": ["1", "0", "3", "1", "1", "0", "6"]}, {"col": "c4_number", "type": "REAL", "data": [1.0, 0.0, 3.0, 1.0, 1.0, 0.0, 6.0]}], [{"col": "c5", "type": "TEXT", "data": ["1", "0", "2", "2", "0", "1", "6"]}, {"col": "c5_number", "type": "REAL", "data": [1.0, 0.0, 2.0, 2.0, 0.0, 1.0, 6.0]}], [{"col": "c6", "type": "TEXT", "data": ["5", "2", "6", "3", "1", "1", "18"]}, {"col": "c6_number", "type": "REAL", "data": [5.0, 2.0, 6.0, 3.0, 1.0, 1.0, 18.0]}]], "is_list": {"id": false, "agg": false, "c1": false, "c1_number": false, "c2": false, "c2_first": false, "c2_second": false, "c3": false, "c3_number": false, "c4": false, "c4_number": false, "c5": false, "c5_number": false, "c6": false, "c6_number": false}}