{"headers": ["id", "agg", "season", "conference", "head coach", "total wins", "total losses", "total ties", "conference wins", "conference losses", "conference ties", "conference standing", "postseason result"], "types": ["id", "agg", "number", "text", "text", "number", "number", "number", "number", "number", "number", "number", "text"], "contents": [[{"col": "id", "type": "INTEGER", "data": [1, 2, 3, 4, 5, 6, 7, 8, 9, 10, 11, 12, 13, 14, 15, 16, 17, 18, 19, 20, 21, 22, 23, 24, 25, 26, 27, 28, 29, 30, 31, 32, 33, 34, 35, 36, 37, 38, 39, 40, 41, 42, 43, 44, 45, 46, 47, 48, 49, 50, 51, 52, 53, 54, 55, 56, 57, 58, 59, 60, 61, 62, 63, 64, 65, 66, 67, 68, 69, 70, 71, 72, 73, 74, 75, 76, 77, 78, 79, 80, 81, 82, 83, 84, 85, 86, 87, 88, 89, 90, 91, 92, 93, 94, 95, 96, 97, 98, 99, 100, 101, 102, 103, 104, 105, 106, 107, 108, 109, 110, 111]}], [{"col": "agg", "type": "INTEGER", "data": ["0", "0", "0", "0", "0", "0", "0", "0", "0", "0", "0", "0", "0", "0", "0", "0", "0", "0", "0", "0", "0", "0", "0", "0", "0", "0", "0", "0", "0", "0", "0", "0", "0", "0", "0", "0", "0", "0", "0", "0", "0", "0", "0", "0", "0", "0", "0", "0", "0", "0", "0", "0", "0", "0", "0", "0", "0", "0", "0", "0", "0", "0", "0", "0", "0", "0", "0", "0", "0", "0", "0", "0", "0", "0", "0", "0", "0", "0", "0", "0", "0", "0", "0", "0", "0", "0", "0", "0", "0", "0", "0", "0", "0", "0", "0", "0", "0", "0", "0", "0", "0", "0", "0", "0", "0", "0", "0", "0", "0", "0", "1"]}], [{"col": "c1", "type": "TEXT", "data": ["1905", "1906", "1907", "1908", "1909", "1910", "1911", "1912", "1913", "1914", "1915", "1916", "1917", "1918", "1919", "1920", "1921", "1922", "1923", "1924", "1925", "1926", "1927", "1928", "1929", "1930", "1931", "1932", "1933", "1934", "1935", "1936", "1937", "1938", "1939", "1940", "1941", "1942", "1943", "1944", "1945", "1946", "1947", "1948", "1949", "1950", "1951", "1952", "1953", "1954", "1955", "1956", "1957", "1958", "1959", "1960", "1961", "1962", "1963", "1964", "1965", "1966", "1967", "1968", "1969", "1970", "1971", "1972", "1973", "1974", "1975", "1976", "1977", "1978", "1979", "1980", "1981", "1982", "1983", "1984", "1985", "1986", "1987", "1988", "1989", "1990", "1991", "1992", "1993", "1994", "1995", "1996", "1997", "1998", "1999", "2000", "2001", "2002", "2003", "2004", "2005", "2006", "2007", "2008", "2009", "2010", "2011", "2012", "2013", "2014", "totals:\n105 seasons"]}, {"col": "c1_number", "type": "REAL", "data": [1905, 1906, 1907, 1908, 1909, 1910, 1911, 1912, 1913, 1914, 1915, 1916, 1917, 1918, 1919, 1920, 1921, 1922, 1923, 1924, 1925, 1926, 1927, 1928, 1929, 1930, 1931, 1932, 1933, 1934, 1935, 1936, 1937, 1938, 1939, 1940, 1941, 1942, 1943, 1944, 1945, 1946, 1947, 1948, 1949, 1950, 1951, 1952, 1953, 1954, 1955, 1956, 1957, 1958, 1959, 1960, 1961, 1962, 1963, 1964, 1965, 1966, 1967, 1968, 1969, 1970, 1971, 1972, 1973, 1974, 1975, 1976, 1977, 1978, 1979, 1980, 1981, 1982, 1983, 1984, 1985, 1986, 1987, 1988, 1989, 1990, 1991, 1992, 1993, 1994, 1995, 1996, 1997, 1998, 1999, 2000, 2001, 2002, 2003, 2004, 2005, 2006, 2007, 2008, 2009, 2010, 2011, 2012, 2013, 2014, 105.0]}], [{"col": "c2", "type": "TEXT", "data": ["independent", "independent", "independent", "southern intercollegiate", "southern intercollegiate", "southern intercollegiate", "southern intercollegiate", "southern intercollegiate", "southern intercollegiate", "southern intercollegiate", "southern intercollegiate", "southern intercollegiate", "southern intercollegiate", "southern intercollegiate", "southern intercollegiate", "southern intercollegiate", "southern intercollegiate", "southern intercollegiate", "southern intercollegiate", "southern intercollegiate", "southern intercollegiate", "southern intercollegiate", "southern intercollegiate", "southern intercollegiate", "southern intercollegiate", "southern intercollegiate", "southern intercollegiate", "southern intercollegiate", "southern intercollegiate", "southern intercollegiate", "southern intercollegiate", "southern", "southern", "southern", "southern", "southern", "southern", "southern", "no team", "no team", "no team", "southern", "southern", "southern", "southern", "southern", "southern", "southern", "southern", "southern", "southern", "southern", "southern", "southern", "southern", "southern", "southern", "southern", "southern", "southern", "southern", "southern", "southern", "southern", "southern", "southern", "southern", "southern", "southern", "southern", "southern", "southern", "southern", "southern", "southern", "southern", "southern", "southern", "southern", "southern", "southern", "southern", "southern", "southern", "southern", "southern", "southern", "southern", "southern", "southern", "southern", "southern", "southern", "southern", "southern", "southern", "southern", "southern", "southern", "southern", "southern", "southern", "southern", "southern", "southern", "southern", "southern", "southern", "southern", "southern", "2 conferences"]}], [{"col": "c3", "type": "TEXT", "data": ["sidney smith", "ralph foster", "ralph foster", "ralph foster", "sam costen", "sam costen", "l. s. letellier", "l. s. letellier", "george c. rogers", "george c. rogers", "george c. rogers", "harvey o'brien", "harvey o'brien", "harvey o'brien", "george c. rogers", "harvey o'brien", "harvey o'brien", "carl prause", "carl prause", "carl prause", "carl prause", "carl prause", "carl prause", "carl prause", "carl prause", "johnny floyd", "johnny floyd", "tatum gressette", "tatum gressette", "tatum gressette", "tatum gressette", "tatum gressette", "tatum gressette", "tatum gressette", "tatum gressette", "bo rowland", "bo rowland", "bo rowland", "no team", "no team", "no team", "j. quinn decker", "j. quinn decker", "j. quinn decker", "j. quinn decker", "j. quinn decker", "j. quinn decker", "j. quinn decker", "john d. mcmillan", "john d. mcmillan", "john sauer", "john sauer", "eddie teague", "eddie teague", "eddie teague", "eddie teague", "eddie teague", "eddie teague", "eddie teague", "eddie teague", "eddie teague", "red parker", "red parker", "red parker", "red parker", "red parker", "red parker", "red parker", "bobby ross", "bobby ross", "bobby ross", "bobby ross", "bobby ross", "art baker", "art baker", "art baker", "art baker", "art baker", "tom moore", "tom moore", "tom moore", "tom moore", "charlie taaffe", "charlie taaffe", "charlie taaffe", "charlie taaffe", "charlie taaffe", "charlie taaffe", "charlie taaffe", "charlie taaffe", "charlie taaffe", "don powers", "don powers", "don powers", "don powers", "don powers", "ellis johnson", "ellis johnson", "ellis johnson", "john zernhelt", "kevin higgins", "kevin higgins", "kevin higgins", "kevin higgins", "kevin higgins", "kevin higgins", "kevin higgins", "kevin higgins", "kevin higgins", "mike houston", "23 head coaches"]}], [{"col": "c4", "type": "TEXT", "data": ["2", "3", "1", "4", "4", "3", "5", "3", "3", "2", "5", "6", "3", "0", "4", "2", "3", "3", "5", "6", "6", "7", "3", "6", "5", "4", "5", "4", "3", "3", "4", "4", "7", "6", "3", "4", "4", "5", "no team", "no team", "no team", "3", "3", "2", "4", "4", "4", "3", "2", "2", "5", "3", "5", "4", "8", "8", "7", "3", "4", "4", "2", "4", "5", "5", "7", "5", "8", "5", "3", "4", "6", "6", "5", "5", "6", "7", "7", "5", "3", "7", "5", "3", "4", "8", "5", "7", "7", "11", "5", "6", "2", "4", "6", "5", "2", "2", "3", "3", "6", "3", "4", "5", "7", "4", "4", "3", "4", "7", "5", "upcoming", "total\nwins\n473"]}, {"col": "c4_number", "type": "REAL", "data": [2.0, 3.0, 1.0, 4.0, 4.0, 3.0, 5.0, 3.0, 3.0, 2.0, 5.0, 6.0, 3.0, 0.0, 4.0, 2.0, 3.0, 3.0, 5.0, 6.0, 6.0, 7.0, 3.0, 6.0, 5.0, 4.0, 5.0, 4.0, 3.0, 3.0, 4.0, 4.0, 7.0, 6.0, 3.0, 4.0, 4.0, 5.0, null, null, null, 3.0, 3.0, 2.0, 4.0, 4.0, 4.0, 3.0, 2.0, 2.0, 5.0, 3.0, 5.0, 4.0, 8.0, 8.0, 7.0, 3.0, 4.0, 4.0, 2.0, 4.0, 5.0, 5.0, 7.0, 5.0, 8.0, 5.0, 3.0, 4.0, 6.0, 6.0, 5.0, 5.0, 6.0, 7.0, 7.0, 5.0, 3.0, 7.0, 5.0, 3.0, 4.0, 8.0, 5.0, 7.0, 7.0, 11.0, 5.0, 6.0, 2.0, 4.0, 6.0, 5.0, 2.0, 2.0, 3.0, 3.0, 6.0, 3.0, 4.0, 5.0, 7.0, 4.0, 4.0, 3.0, 4.0, 7.0, 5.0, null, 473.0]}], [{"col": "c5", "type": "TEXT", "data": ["3", "0", "5", "1", "3", "4", "2", "4", "4", "5", "3", "1", "3", "2", "4", "6", "3", "5", "3", "4", "4", "3", "6", "3", "4", "5", "4", "5", "5", "5", "3", "6", "4", "5", "8", "5", "3", "2", "no team", "no team", "no team", "5", "5", "7", "5", "6", "6", "5", "7", "8", "4", "5", "4", "6", "2", "2", "3", "7", "6", "6", "8", "6", "6", "5", "3", "6", "3", "6", "8", "7", "5", "5", "6", "6", "5", "4", "3", "6", "8", "4", "5", "8", "7", "4", "5", "5", "4", "2", "6", "5", "9", "7", "5", "6", "9", "9", "7", "9", "6", "7", "7", "6", "4", "8", "7", "8", "7", "4", "7", "upcoming", "total\nlosses\n536"]}, {"col": "c5_number", "type": "REAL", "data": [3.0, 0.0, 5.0, 1.0, 3.0, 4.0, 2.0, 4.0, 4.0, 5.0, 3.0, 1.0, 3.0, 2.0, 4.0, 6.0, 3.0, 5.0, 3.0, 4.0, 4.0, 3.0, 6.0, 3.0, 4.0, 5.0, 4.0, 5.0, 5.0, 5.0, 3.0, 6.0, 4.0, 5.0, 8.0, 5.0, 3.0, 2.0, null, null, null, 5.0, 5.0, 7.0, 5.0, 6.0, 6.0, 5.0, 7.0, 8.0, 4.0, 5.0, 4.0, 6.0, 2.0, 2.0, 3.0, 7.0, 6.0, 6.0, 8.0, 6.0, 6.0, 5.0, 3.0, 6.0, 3.0, 6.0, 8.0, 7.0, 5.0, 5.0, 6.0, 6.0, 5.0, 4.0, 3.0, 6.0, 8.0, 4.0, 5.0, 8.0, 7.0, 4.0, 5.0, 5.0, 4.0, 2.0, 6.0, 5.0, 9.0, 7.0, 5.0, 6.0, 9.0, 9.0, 7.0, 9.0, 6.0, 7.0, 7.0, 6.0, 4.0, 8.0, 7.0, 8.0, 7.0, 4.0, 7.0, null, 536.0]}], [{"col": "c6", "type": "TEXT", "data": ["1", "0", "1", "1", "2", "0", "2", "0", "2", "0", "0", "1", "0", "1", "1", "0", "2", "0", "1", "0", "0", "0", "1", "1", "1", "2", "1", "0", "1", "1", "1", "0", "0", "0", "0", "0", "1", "0", "no team", "no team", "no team", "0", "0", "0", "0", "0", "0", "1", "0", "0", "0", "1", "1", "0", "0", "1", "0", "0", "0", "0", "0", "0", "0", "0", "0", "0", "0", "0", "0", "0", "0", "0", "0", "0", "0", "0", "1", "0", "0", "0", "1", "0", "0", "0", "1", "0", "0", "0", "0", "0", "0", "0", "0", "0", "0", "0", "0", null, null, null, null, null, null, null, null, null, null, null, null, "upcoming", "total\nties\n32"]}, {"col": "c6_number", "type": "REAL", "data": [1.0, 0.0, 1.0, 1.0, 2.0, 0.0, 2.0, 0.0, 2.0, 0.0, 0.0, 1.0, 0.0, 1.0, 1.0, 0.0, 2.0, 0.0, 1.0, 0.0, 0.0, 0.0, 1.0, 1.0, 1.0, 2.0, 1.0, 0.0, 1.0, 1.0, 1.0, 0.0, 0.0, 0.0, 0.0, 0.0, 1.0, 0.0, null, null, null, 0.0, 0.0, 0.0, 0.0, 0.0, 0.0, 1.0, 0.0, 0.0, 0.0, 1.0, 1.0, 0.0, 0.0, 1.0, 0.0, 0.0, 0.0, 0.0, 0.0, 0.0, 0.0, 0.0, 0.0, 0.0, 0.0, 0.0, 0.0, 0.0, 0.0, 0.0, 0.0, 0.0, 0.0, 0.0, 1.0, 0.0, 0.0, 0.0, 1.0, 0.0, 0.0, 0.0, 1.0, 0.0, 0.0, 0.0, 0.0, 0.0, 0.0, 0.0, 0.0, 0.0, 0.0, 0.0, 0.0, null, null, null, null, null, null, null, null, null, null, null, null, null, 32.0]}], [{"col": "c7", "type": "TEXT", "data": [null, null, null, null, "0", "1", "1", "0", "0", "0", "2", "4", "1", "0", "2", "1", "2", "1", "2", "4", "4", "4", "2", "3", "4", "3", "4", "2", "3", "2", "3", "0", "2", "2", "0", "0", "0", "2", "no team", "no team", "no team", "1", "1", "0", "2", "2", "1", "1", "1", "0", "2", "1", "4", "2", "5", "4", "5", "1", "2", "4", "2", "3", "2", "4", "4", "4", "4", "4", "1", "3", "4", "1", "3", "2", "4", "3", "3", "3", "1", "4", "2", "0", "1", "5", "1", "4", "5", "6", "4", "4", "0", "3", "4", "4", "1", "1", "2", "1", "4", "2", "2", "4", "4", "2", "2", "1", "2", "5", "4", "upcoming", "239 conference wins\n55 siaa\n184 socon"]}, {"col": "c7_number", "type": "REAL", "data": [null, null, null, null, 0.0, 1.0, 1.0, 0.0, 0.0, 0.0, 2.0, 4.0, 1.0, 0.0, 2.0, 1.0, 2.0, 1.0, 2.0, 4.0, 4.0, 4.0, 2.0, 3.0, 4.0, 3.0, 4.0, 2.0, 3.0, 2.0, 3.0, 0.0, 2.0, 2.0, 0.0, 0.0, 0.0, 2.0, null, null, null, 1.0, 1.0, 0.0, 2.0, 2.0, 1.0, 1.0, 1.0, 0.0, 2.0, 1.0, 4.0, 2.0, 5.0, 4.0, 5.0, 1.0, 2.0, 4.0, 2.0, 3.0, 2.0, 4.0, 4.0, 4.0, 4.0, 4.0, 1.0, 3.0, 4.0, 1.0, 3.0, 2.0, 4.0, 3.0, 3.0, 3.0, 1.0, 4.0, 2.0, 0.0, 1.0, 5.0, 1.0, 4.0, 5.0, 6.0, 4.0, 4.0, 0.0, 3.0, 4.0, 4.0, 1.0, 1.0, 2.0, 1.0, 4.0, 2.0, 2.0, 4.0, 4.0, 2.0, 2.0, 1.0, 2.0, 5.0, 4.0, null, 239]}], [{"col": "c8", "type": "TEXT", "data": [null, null, null, null, "1", "3", "2", "3", "2", "3", "3", "1", "3", "1", "4", "5", "3", "2", "1", "2", "2", "3", "3", "3", "0", "0", "1", "2", "2", "2", "1", "4", "3", "3", "4", "4", "2", "2", "no team", "no team", "no team", "5", "4", "5", "2", "3", "3", "3", "3", "4", "2", "3", "2", "3", "1", "2", "1", "4", "4", "3", "6", "5", "4", "2", "2", "2", "2", "3", "6", "4", "3", "4", "2", "3", "2", "2", "2", "4", "6", "2", "4", "6", "5", "2", "5", "3", "2", "1", "4", "4", "8", "5", "4", "4", "7", "7", "6", "7", "4", "5", "5", "3", "3", "6", "6", "7", "6", "3", "4", "upcoming", "379 conference losses\n58 siaa\n321 socon"]}, {"col": "c8_number", "type": "REAL", "data": [null, null, null, null, 1.0, 3.0, 2.0, 3.0, 2.0, 3.0, 3.0, 1.0, 3.0, 1.0, 4.0, 5.0, 3.0, 2.0, 1.0, 2.0, 2.0, 3.0, 3.0, 3.0, 0.0, 0.0, 1.0, 2.0, 2.0, 2.0, 1.0, 4.0, 3.0, 3.0, 4.0, 4.0, 2.0, 2.0, null, null, null, 5.0, 4.0, 5.0, 2.0, 3.0, 3.0, 3.0, 3.0, 4.0, 2.0, 3.0, 2.0, 3.0, 1.0, 2.0, 1.0, 4.0, 4.0, 3.0, 6.0, 5.0, 4.0, 2.0, 2.0, 2.0, 2.0, 3.0, 6.0, 4.0, 3.0, 4.0, 2.0, 3.0, 2.0, 2.0, 2.0, 4.0, 6.0, 2.0, 4.0, 6.0, 5.0, 2.0, 5.0, 3.0, 2.0, 1.0, 4.0, 4.0, 8.0, 5.0, 4.0, 4.0, 7.0, 7.0, 6.0, 7.0, 4.0, 5.0, 5.0, 3.0, 3.0, 6.0, 6.0, 7.0, 6.0, 3.0, 4.0, null, 379]}], [{"col": "c9", "type": "TEXT", "data": [null, null, null, null, "1", "0", "0", "0", "0", "0", "0", "0", "0", "1", "1", "0", "1", "0", "1", "0", "0", "0", "1", "0", "1", "1", "0", "0", "0", "0", "0", "0", "0", "0", "0", "0", "1", "0", "no team", "no team", "no team", "0", "0", "0", "0", "0", "0", "1", "0", "0", "0", "0", "0", "0", "0", "0", "0", "0", "0", "0", "0", "0", "0", "0", "0", "0", "0", "0", "0", "0", "0", "0", "0", "0", "0", "0", "1", "0", "0", "0", "1", "0", "0", "0", "1", "0", "0", "0", "0", "0", "0", "0", "0", "0", "0", "0", "0", null, null, null, null, null, null, null, null, null, null, null, null, "upcoming", "13 conference ties\n8 siaa\n5 socon"]}, {"col": "c9_number", "type": "REAL", "data": [null, null, null, null, 1.0, 0.0, 0.0, 0.0, 0.0, 0.0, 0.0, 0.0, 0.0, 1.0, 1.0, 0.0, 1.0, 0.0, 1.0, 0.0, 0.0, 0.0, 1.0, 0.0, 1.0, 1.0, 0.0, 0.0, 0.0, 0.0, 0.0, 0.0, 0.0, 0.0, 0.0, 0.0, 1.0, 0.0, null, null, null, 0.0, 0.0, 0.0, 0.0, 0.0, 0.0, 1.0, 0.0, 0.0, 0.0, 0.0, 0.0, 0.0, 0.0, 0.0, 0.0, 0.0, 0.0, 0.0, 0.0, 0.0, 0.0, 0.0, 0.0, 0.0, 0.0, 0.0, 0.0, 0.0, 0.0, 0.0, 0.0, 0.0, 0.0, 0.0, 1.0, 0.0, 0.0, 0.0, 1.0, 0.0, 0.0, 0.0, 1.0, 0.0, 0.0, 0.0, 0.0, 0.0, 0.0, 0.0, 0.0, 0.0, 0.0, 0.0, 0.0, null, null, null, null, null, null, null, null, null, null, null, null, null, 13]}], [{"col": "c10", "type": "TEXT", "data": [null, null, null, null, null, null, null, null, null, null, null, null, null, null, null, null, null, null, null, null, null, null, null, null, null, null, null, null, null, null, null, "14", "8", "10", "15", "15", "14", "8", "no team", "no team", "no team", "15", "12", "16", "7", "11", "14", "13", "9", "9", "5", "8", "3", "7", "2", "2", "1", "7", "7", "4", "8", "6", "7", "2", "3", "2", "3", "4", "7", "5", "4", "6", "3", "5", "3", "4", "4", "4", "7", "3", "5", "8", "8", "3", "8", "3", "2", "1", "4", "5", "8", "5", "4", "4", "8", "t-8", "7", "9", "4", "t-5", "7", "4", "t-3", "7", "7", "t-8", "8", "t-4", "t-4", "upcoming", "regular season\nchampions\n2 times"]}, {"col": "c10_number", "type": "REAL", "data": [null, null, null, null, null, null, null, null, null, null, null, null, null, null, null, null, null, null, null, null, null, null, null, null, null, null, null, null, null, null, null, 14.0, 8.0, 10.0, 15.0, 15.0, 14.0, 8.0, null, null, null, 15.0, 12.0, 16.0, 7.0, 11.0, 14.0, 13.0, 9.0, 9.0, 5.0, 8.0, 3.0, 7.0, 2.0, 2.0, 1.0, 7.0, 7.0, 4.0, 8.0, 6.0, 7.0, 2.0, 3.0, 2.0, 3.0, 4.0, 7.0, 5.0, 4.0, 6.0, 3.0, 5.0, 3.0, 4.0, 4.0, 4.0, 7.0, 3.0, 5.0, 8.0, 8.0, 3.0, 8.0, 3.0, 2.0, 1.0, 4.0, 5.0, 8.0, 5.0, 4.0, 4.0, 8.0, -8, 7.0, 9.0, 4.0, -5, 7.0, 4.0, -3, 7.0, 7.0, -8, 8.0, -4, -4, null, 2.0]}], [{"col": "c11", "type": "TEXT", "data": [null, null, null, null, null, null, null, null, null, null, null, null, null, null, null, null, null, null, null, null, null, null, null, null, null, null, null, null, null, null, null, null, null, null, null, null, null, null, "no team", "no team", "no team", null, null, null, null, null, null, null, null, null, null, null, null, null, null, "tangerine bowl", null, null, null, null, null, null, null, null, null, null, null, null, null, null, null, null, null, null, null, null, null, null, null, null, null, null, null, "first round", null, "first round", null, "quarterfinals", null, null, null, null, null, null, null, null, null, null, null, null, null, null, null, null, null, null, null, null, null, "upcoming", "1-0 bowl record\n1-3 playoff record"]}]], "is_list": {"id": false, "agg": false, "c1": false, "c1_number": false, "c2": false, "c3": false, "c4": false, "c4_number": false, "c5": false, "c5_number": false, "c6": false, "c6_number": false, "c7": false, "c7_number": false, "c8": false, "c8_number": false, "c9": false, "c9_number": false, "c10": false, "c10_number": false, "c11": false}}