{"headers": ["id", "agg", "year", "film title", "genre", "cast", "notes"], "types": ["id", "agg", "number", "text", "text", "<c, text>", "text"], "contents": [[{"col": "id", "type": "INTEGER", "data": [1, 2, 3, 4, 5, 6, 7, 8, 9, 10, 11, 12, 13, 14, 15]}], [{"col": "agg", "type": "INTEGER", "data": [0, 0, 0, 0, 0, 0, 0, 0, 0, 0, 0, 0, 0, 0, 0]}], [{"col": "c1", "type": "TEXT", "data": ["1988", "1990", "1991", "1994", "1996", "1997", "1998", "1999", "2000", "2001", "2002", "2006", "2007", "2011", "2013"]}, {"col": "c1_number", "type": "INTEGER", "data": [1988, 1990, 1991, 1994, 1996, 1997, 1998, 1999, 2000, 2001, 2002, 2006, 2007, 2011, 2013]}], [{"col": "c2", "type": "TEXT", "data": ["tarka", "utkarsha", "sangarsha", "nishkarsha", "beladingala baale", "nammoora mandara hoove", "prema raaga haadu gelati", "pratyartha", "sparsha", "parva", "marma", "ramya chaitrakaala", "kshana kshana", "sarigama", "tanana tandanana"]}], [{"col": "c3", "type": "TEXT", "data": ["a murder mystery", "thriller", "thriller", "real time thriller", "love story", "love story", "love story", "thriller", "love story", "a musical love story", "suspense thriller", "a village love story", "a suspense thriller", "romance", "drama"]}], [{"col": "c4", "type": "TEXT", "data": ["shankar nag, devaraj", "dr.ambareesh, devaraj", "dr.vishnuvardhan, geetha", "dr.vishnuvardhan, ananth nag", "ananth nag", "ramesh aravind, shivrajkumar, prema", "shivrajkumar, nivedita jain, srinath", "ramesh aravind, raghuvaran, sudeep", "sudeep, sudha rani", "dr.vishnuvardhan, prema", "prema", "sandeep, nanditha, manasi", "dr.vishnuvardhan, aditya, prema", "prajwal devaraj, sunil raoh", "ramesh aravind, ananth nag"]}, {"col": "c4_list", "type": "LIST TEXT", "data": [["shankar nag", "devaraj"], ["dr.ambareesh", "devaraj"], ["dr.vishnuvardhan", "geetha"], ["dr.vishnuvardhan", "ananth nag"], ["ananth nag"], ["ramesh aravind", "shivrajkumar", "prema"], ["shivrajkumar", "nivedita jain", "srinath"], ["ramesh aravind", "raghuvaran", "sudeep"], ["sudeep", "sudha rani"], ["dr.vishnuvardhan", "prema"], ["prema"], ["sandeep", "nanditha", "manasi"], ["dr.vishnuvardhan", "aditya", "prema"], ["prajwal devaraj", "sunil raoh"], ["ramesh aravind", "ananth nag"]]}, {"col": "c4_length", "type": "INTEGER", "data": [2, 2, 2, 2, 1, 3, 3, 3, 2, 2, 1, 3, 3, 2, 2]}], [{"col": "c5", "type": "TEXT", "data": ["filmfare award for best director - kannada", null, null, "karnataka state film award for best screenplay", "filmfare award for best director - kannada\nkarnataka state film award for best screenplay", "karnataka state film award for best screenplay", null, null, "filmfare award for best director - kannada", null, null, null, null, "filming", "filming"]}]], "is_list": {"id": false, "agg": false, "c1": false, "c1_number": false, "c2": false, "c3": false, "c4": false, "c4_list": true, "c4_length": false, "c5": false}}