{"headers": ["id", "agg", "availability / production", "", "2000", "2001", "2002", "2003", "2004", "2005", "2006", "2007", "2008", "2009", "2010", "2011", "2012"], "types": ["id", "agg", "text", "text", "number", "number", "number", "number", "number", "number", "number", "number", "number", "number", "number", "number", "number"], "contents": [[{"col": "id", "type": "INTEGER", "data": [1, 2, 3, 4, 5, 6, 7, 8]}], [{"col": "agg", "type": "INTEGER", "data": ["0", "0", "0", "1", "0", "0", "0", "1"]}], [{"col": "c1", "type": "TEXT", "data": ["availability", "availability", "availability", "availability", "production", "production", "production", "production"]}], [{"col": "c2", "type": "TEXT", "data": ["hydro power", "thermal", "other renewables", "total availability", "hydro power", "thermal", "other renewables", "total production"]}], [{"col": "c3", "type": "TEXT", "data": ["1150", "685", "3", "1838", "3197", "3485", "3", "6685"]}, {"col": "c3_number", "type": "REAL", "data": [1150, 685.0, 3.0, 1838, 3197.0, 3485.0, 3.0, 6685.0]}], [{"col": "c4", "type": "TEXT", "data": ["1161", "835", "3", "1999", "3110", "3407", "3", "6520"]}, {"col": "c4_number", "type": "REAL", "data": [1161, 835.0, 3.0, 1999, 3110.0, 3407.0, 3.0, 6520.0]}], [{"col": "c5", "type": "TEXT", "data": ["1171", "1056", "3", "2230", "2962", "3201", "4", "6167"]}, {"col": "c5_number", "type": "REAL", "data": [1171, 1056, 3.0, 2230, 2962, 3201.0, 4.0, 6167.0]}], [{"col": "c6", "type": "TEXT", "data": ["1247", "1233", "3", "2483", "3310", "4298", "3", "7611"]}, {"col": "c6_number", "type": "REAL", "data": [1247, 1233, 3.0, 2483, 3310.0, 4298.0, 3.0, 7611.0]}], [{"col": "c7", "type": "TEXT", "data": ["1281", "1215", "3", "2499", "2960", "5080", "3", "8043"]}, {"col": "c7_number", "type": "REAL", "data": [1281, 1215, 3.0, 2499, 2960, 5080.0, 3.0, 8043.0]}], [{"col": "c8", "type": "TEXT", "data": ["1293", "1155", "3", "2411", "3451", "5314", "5", "8770"]}, {"col": "c8_number", "type": "REAL", "data": [1293, 1155, 3.0, 2411, 3451.0, 5314.0, 5.0, 8770.0]}], [{"col": "c9", "type": "TEXT", "data": ["1316", "1155", "3", "2434", "4634", "4751", "4", "9389"]}, {"col": "c9_number", "type": "REAL", "data": [1316, 1155, 3.0, 2434, 4634.0, 4751.0, 4.0, 9389.0]}], [{"col": "c10", "type": "TEXT", "data": ["1326", "1155", "3", "2444", "3947", "5864", "4", "9815"]}, {"col": "c10_number", "type": "REAL", "data": [1326, 1155, 3.0, 2444, 3947.0, 5864.0, 4.0, 9815.0]}], [{"col": "c11", "type": "TEXT", "data": ["1357", "1285", "3", "2645", "4130", "5763", "8", "9901"]}, {"col": "c11_number", "type": "REAL", "data": [1357, 1285, 3.0, 2645, 4130.0, 5763.0, 8.0, 9901.0]}], [{"col": "c12", "type": "TEXT", "data": ["1379", "1290", "15", "2684", "3881", "5975", "27", "9883"]}, {"col": "c12_number", "type": "REAL", "data": [1379, 1290, 15.0, 2684, 3881.0, 5975.0, 27.0, 9883.0]}], [{"col": "c13", "type": "TEXT", "data": ["1382", "1390", "45", "2818", "5634", "4995", "86", "10715"]}, {"col": "c13_number", "type": "REAL", "data": [1382, 1390, 45.0, 2818, 5634.0, 4995.0, 86.0, 10715.0]}], [{"col": "c14", "type": "TEXT", "data": ["1401", "1690", "50", "3141", "4622", "6785", "121", "11528"]}, {"col": "c14_number", "type": "REAL", "data": [1401, 1690, 50.0, 3141.0, 4622.0, 6785.0, 121.0, 11528.0]}], [{"col": "c15", "type": "TEXT", "data": ["1584", "1638", "90", "3312", "3292", "8339", "169", "11800"]}, {"col": "c15_number", "type": "REAL", "data": [1584, 1638, 90.0, 3312.0, 3292.0, 8339.0, 169.0, 11800.0]}]], "is_list": {"id": false, "agg": false, "c1": false, "c2": false, "c3": false, "c3_number": false, "c4": false, "c4_number": false, "c5": false, "c5_number": false, "c6": false, "c6_number": false, "c7": false, "c7_number": false, "c8": false, "c8_number": false, "c9": false, "c9_number": false, "c10": false, "c10_number": false, "c11": false, "c11_number": false, "c12": false, "c12_number": false, "c13": false, "c13_number": false, "c14": false, "c14_number": false, "c15": false, "c15_number": false}}