{"headers": ["id", "agg", "athlete", "event", "race 1\ntime", "race 2\ntime", "total\ntime", "total\nrank"], "types": ["id", "agg", "text", "text", "time", "time", "time", "number"], "contents": [[{"col": "id", "type": "INTEGER", "data": [1, 2, 3, 4, 5, 6, 7]}], [{"col": "agg", "type": "INTEGER", "data": [0, 0, 0, 0, 0, 0, 0]}], [{"col": "c1", "type": "TEXT", "data": ["stefan shalamanov", "borislav dimitrachkov", "lyubomir popov", "stefan shalamanov", "lyubomir popov", "borislav dimitrachkov", "petar popangelov"]}], [{"col": "c2", "type": "TEXT", "data": ["giant slalom", "giant slalom", "giant slalom", "slalom", "slalom", "slalom", "slalom"]}], [{"col": "c3", "type": "TEXT", "data": ["dnf", "dnf", "1:10.73", "58.68", "57.78", "57.58", "55.14"]}, {"col": "c3_number", "type": "REAL", "data": [null, null, 1, 58.68, 57.78, 57.58, 55.14]}, {"col": "c3_min", "type": "INTEGER", "data": [null, null, 1, null, null, null, null]}, {"col": "c3_sec", "type": "REAL", "data": [null, null, 10.73, null, null, null, null]}], [{"col": "c4", "type": "TEXT", "data": [null, null, "dnf", "53.69", "53.03", "53.23", "51.2"]}, {"col": "c4_number", "type": "REAL", "data": [null, null, null, 53.69, 53.03, 53.23, 51.2]}], [{"col": "c5", "type": "TEXT", "data": ["dnf", "dnf", "dnf", "1:52.37", "1:50.81", "1:50.81", "1:46.34"]}, {"col": "c5_number", "type": "INTEGER", "data": [null, null, null, 1, 1, 1, 1]}, {"col": "c5_min", "type": "INTEGER", "data": [null, null, null, 1, 1, 1, 1]}, {"col": "c5_sec", "type": "REAL", "data": [null, null, null, 52.37, 50.81, 50.81, 46.34]}], [{"col": "c6", "type": "TEXT", "data": [null, null, null, "23", "19", "19", "16"]}, {"col": "c6_number", "type": "REAL", "data": [null, null, null, 23.0, 19.0, 19.0, 16.0]}]], "is_list": {"id": false, "agg": false, "c1": false, "c2": false, "c3": false, "c3_number": false, "c3_min": false, "c3_sec": false, "c4": false, "c4_number": false, "c5": false, "c5_number": false, "c5_min": false, "c5_sec": false, "c6": false, "c6_number": false}}