{"headers": ["id", "agg", "boat #", "name", "builder", "laid down", "launched", "completed", "fate"], "types": ["id", "agg", "numberspan", "text", "text", "date", "date", "date", "text"], "contents": [[{"col": "id", "type": "INTEGER", "data": [1, 2, 3, 4, 5, 6, 7, 8, 9, 10, 11, 12, 13, 14, 15, 16, 17, 18, 19, 20, 21, 22, 23, 24, 25, 26, 27, 28, 29, 30, 31, 32, 33, 34, 35, 36, 37, 38, 39, 40, 41, 42, 43, 44]}], [{"col": "agg", "type": "INTEGER", "data": [0, 0, 0, 0, 0, 0, 0, 0, 0, 0, 0, 0, 0, 0, 0, 0, 0, 0, 0, 0, 0, 0, 0, 0, 0, 0, 0, 0, 0, 0, 0, 0, 0, 0, 0, 0, 0, 0, 0, 0, 0, 0, 0, 0]}], [{"col": "c1", "type": "TEXT", "data": ["4911", "4912", "4913", "4914", "4915", "4916", "4917", "4918", "4919", "4920", "4921", "4922", "4923", "4924", "4925", "4926", "4927", "4928", "4929", "4930", "4931", "4932", "4933", "4934", "4935", "4936", "4937", "4938", "4939", "4940", "4941", "4942", "4943", "4944", "4945", "4946", "4947", "4948", "4949", "4950", "4951 - 4955", "4956", "4957", "4958 - 4989"]}, {"col": "c1_number", "type": "INTEGER", "data": [4911, 4912, 4913, 4914, 4915, 4916, 4917, 4918, 4919, 4920, 4921, 4922, 4923, 4924, 4925, 4926, 4927, 4928, 4929, 4930, 4931, 4932, 4933, 4934, 4935, 4936, 4937, 4938, 4939, 4940, 4941, 4942, 4943, 4944, 4945, 4946, 4947, 4948, 4949, 4950, 4951, 4956, 4957, 4958]}, {"col": "c1_minimum", "type": "INTEGER", "data": [null, null, null, null, null, null, null, null, null, null, null, null, null, null, null, null, null, null, null, null, null, null, null, null, null, null, null, null, null, null, null, null, null, null, null, null, null, null, null, null, 4951, null, null, 4958]}, {"col": "c1_maximum", "type": "INTEGER", "data": [null, null, null, null, null, null, null, null, null, null, null, null, null, null, null, null, null, null, null, null, null, null, null, null, null, null, null, null, null, null, null, null, null, null, null, null, null, null, null, null, 4955, null, null, 4989]}], [{"col": "c2", "type": "TEXT", "data": ["ha-201", "ha-202", "ha-203", "ha-204", "ha-205", "ha-206", "ha-207", "ha-208", "ha-209", "ha-210", "ha-211", "ha-212", "ha-213", "ha-214", "ha-215", "ha-216", "ha-217", "ha-218", "ha-219", "ha-220", "ha-221", "ha-222", "ha-223", "ha-224", "ha-225", "ha-226", "ha-227", "ha-228", "ha-229", "ha-230", "ha-231", "ha-232", "ha-233", "ha-234", "ha-235", "ha-236", "ha-237", "ha-238", "ha-239", "ha-240", null, "ha-246", "ha-247", null]}], [{"col": "c3", "type": "TEXT", "data": ["sasebo naval arsenal", "sasebo naval arsenal", "sasebo naval arsenal", "sasebo naval arsenal", "sasebo naval arsenal", "kawasaki-senshu shipyard", "sasebo naval arsenal", "sasebo naval arsenal", "sasebo naval arsenal", "sasebo naval arsenal", "kawasaki-senshu shipyard", "kawasaki-kobe shipyard", "mitsubishi-kobe shipyard", "mitsubishi-kobe shipyard", "sasebo naval arsenal", "sasebo naval arsenal", "sasebo naval arsenal", "sasebo naval arsenal", "sasebo naval arsenal", "kawasaki-senshu shipyard", "mitsubishi-kobe shipyard", "kawasaki-senshu shipyard", "kawasaki-kobe shipyard", "mitsubishi-kobe shipyard", "mitsubishi-kobe shipyard", "mitsubishi-kobe shipyard", "mitsubishi-kobe shipyard", "sasebo naval arsenal", "sasebo naval arsenal", "sasebo naval arsenal", "sasebo naval arsenal", "sasebo naval arsenal", "kawasaki-senshu shipyard", "kawasaki-kobe shipyard", "kawasaki-senshu shipyard", "kawasaki-kobe shipyard", "mitsubishi-kobe shipyard", "mitsubishi-kobe shipyard", "mitsubishi-kobe shipyard", "mitsubishi-kobe shipyard", null, "kawasaki-senshu shipyard", "kawasaki-kobe shipyard", null]}], [{"col": "c4", "type": "TEXT", "data": ["01-03-1945", "01-03-1945", "05-04-1945", "05-04-1945", "17-04-1945", "19-03-1945", "23-04-1945", "01-05-1945", "07-05-1945", "14-05-1945", "01-04-1945", "10-04-1945", "15-05-1945", "15-05-1945", "22-05-1945", "27-05-1945", "02-06-1945", "08-06-1945", "15-06-1945", "10-05-1945", "20-04-1945", "15-05-1945", "01-05-1945", "07-06-1945", "07-06-1945", "16-06-1945", "10-07-1945", "21-06-1945", "27-06-1945", "03-07-1945", "12-07-1945", "18-07-1945", "01-06-1945", "15-05-1945", "01-06-1945", "01-06-1945", "10-07-1945", "01-08-1945", "01-08-1945", "01-08-1945", null, "13-07-1945", "26-06-1945", null]}, {"col": "c4_number", "type": "INTEGER", "data": [1, 1, 5, 5, 17, 19, 23, 1, 7, 14, 1, 10, 15, 15, 22, 27, 2, 8, 15, 10, 20, 15, 1, 7, 7, 16, 10, 21, 27, 3, 12, 18, 1, 15, 1, 1, 10, 1, 1, 1, null, 13, 26, null]}, {"col": "c4_parsed", "type": "TEXT", "data": ["1945-01-03", "1945-01-03", "1945-05-04", "1945-05-04", "1945-04-17", "1945-03-19", "1945-04-23", "1945-01-05", "1945-07-05", "1945-05-14", "1945-01-04", "1945-10-04", "1945-05-15", "1945-05-15", "1945-05-22", "1945-05-27", "1945-02-06", "1945-08-06", "1945-06-15", "1945-10-05", "1945-04-20", "1945-05-15", "1945-01-05", "1945-07-06", "1945-07-06", "1945-06-16", "1945-10-07", "1945-06-21", "1945-06-27", "1945-03-07", "1945-12-07", "1945-07-18", "1945-01-06", "1945-05-15", "1945-01-06", "1945-01-06", "1945-10-07", "1945-01-08", "1945-01-08", "1945-01-08", null, "1945-07-13", "1945-06-26", null]}, {"col": "c4_year", "type": "INTEGER", "data": [1945, 1945, 1945, 1945, 1945, 1945, 1945, 1945, 1945, 1945, 1945, 1945, 1945, 1945, 1945, 1945, 1945, 1945, 1945, 1945, 1945, 1945, 1945, 1945, 1945, 1945, 1945, 1945, 1945, 1945, 1945, 1945, 1945, 1945, 1945, 1945, 1945, 1945, 1945, 1945, null, 1945, 1945, null]}, {"col": "c4_month", "type": "INTEGER", "data": [1, 1, 5, 5, 4, 3, 4, 1, 7, 5, 1, 10, 5, 5, 5, 5, 2, 8, 6, 10, 4, 5, 1, 7, 7, 6, 10, 6, 6, 3, 12, 7, 1, 5, 1, 1, 10, 1, 1, 1, null, 7, 6, null]}, {"col": "c4_day", "type": "INTEGER", "data": [3, 3, 4, 4, 17, 19, 23, 5, 5, 14, 4, 4, 15, 15, 22, 27, 6, 6, 15, 5, 20, 15, 5, 6, 6, 16, 7, 21, 27, 7, 7, 18, 6, 15, 6, 6, 7, 8, 8, 8, null, 13, 26, null]}], [{"col": "c5", "type": "TEXT", "data": ["23-04-1945", "23-04-1945", "25-05-1945", "01-06-1945", "14-05-1945", "10-07-1945", "26-05-1945", "26-05-1945", "31-05-1945", "10-06-1945", "april 1946", "25-06-1945", "29-07-1945", "15-08-1945", "15-05-1945", "19-06-1945", "26-06-1945", "02-07-1945", "12-07-1945", null, "04-08-1945", null, null, null, null, null, null, "18-07-1945", "27-07-1945", null, null, null, null, null, null, null, null, null, null, null, null, null, null, null]}, {"col": "c5_number", "type": "INTEGER", "data": [23, 23, 25, 1, 14, 10, 26, 26, 31, 10, 1946, 25, 29, 15, 15, 19, 26, 2, 12, null, 4, null, null, null, null, null, null, 18, 27, null, null, null, null, null, null, null, null, null, null, null, null, null, null, null]}, {"col": "c5_parsed", "type": "TEXT", "data": ["1945-04-23", "1945-04-23", "1945-05-25", "1945-01-06", "1945-05-14", "1945-10-07", "1945-05-26", "1945-05-26", "1945-05-31", "1945-10-06", "1946-04", "1945-06-25", "1945-07-29", "1945-08-15", "1945-05-15", "1945-06-19", "1945-06-26", "1945-02-07", "1945-12-07", null, "1945-04-08", null, null, null, null, null, null, "1945-07-18", "1945-07-27", null, null, null, null, null, null, null, null, null, null, null, null, null, null, null]}, {"col": "c5_year", "type": "INTEGER", "data": [1945, 1945, 1945, 1945, 1945, 1945, 1945, 1945, 1945, 1945, 1946, 1945, 1945, 1945, 1945, 1945, 1945, 1945, 1945, null, 1945, null, null, null, null, null, null, 1945, 1945, null, null, null, null, null, null, null, null, null, null, null, null, null, null, null]}, {"col": "c5_month", "type": "INTEGER", "data": [4, 4, 5, 1, 5, 10, 5, 5, 5, 10, 4, 6, 7, 8, 5, 6, 6, 2, 12, null, 4, null, null, null, null, null, null, 7, 7, null, null, null, null, null, null, null, null, null, null, null, null, null, null, null]}, {"col": "c5_day", "type": "INTEGER", "data": [23, 23, 25, 6, 14, 7, 26, 26, 31, 6, null, 25, 29, 15, 15, 19, 26, 7, 7, null, 8, null, null, null, null, null, null, 18, 27, null, null, null, null, null, null, null, null, null, null, null, null, null, null, null]}], [{"col": "c6", "type": "TEXT", "data": ["31-05-1945", "31-05-1945", "26-06-1945", "25-06-1945", "03-07-1945", null, "14-08-1945", "04-08-1945", "04-08-1945", "11-08-1945", null, null, null, null, null, "16-08-1945", null, null, null, null, null, null, null, null, null, null, null, null, null, null, null, null, null, null, null, null, null, null, null, null, null, null, null, null]}, {"col": "c6_number", "type": "INTEGER", "data": [31, 31, 26, 25, 3, null, 14, 4, 4, 11, null, null, null, null, null, 16, null, null, null, null, null, null, null, null, null, null, null, null, null, null, null, null, null, null, null, null, null, null, null, null, null, null, null, null]}, {"col": "c6_parsed", "type": "TEXT", "data": ["1945-05-31", "1945-05-31", "1945-06-26", "1945-06-25", "1945-03-07", null, "1945-08-14", "1945-04-08", "1945-04-08", "1945-11-08", null, null, null, null, null, "1945-08-16", null, null, null, null, null, null, null, null, null, null, null, null, null, null, null, null, null, null, null, null, null, null, null, null, null, null, null, null]}, {"col": "c6_year", "type": "INTEGER", "data": [1945, 1945, 1945, 1945, 1945, null, 1945, 1945, 1945, 1945, null, null, null, null, null, 1945, null, null, null, null, null, null, null, null, null, null, null, null, null, null, null, null, null, null, null, null, null, null, null, null, null, null, null, null]}, {"col": "c6_month", "type": "INTEGER", "data": [5, 5, 6, 6, 3, null, 8, 4, 4, 11, null, null, null, null, null, 8, null, null, null, null, null, null, null, null, null, null, null, null, null, null, null, null, null, null, null, null, null, null, null, null, null, null, null, null]}, {"col": "c6_day", "type": "INTEGER", "data": [31, 31, 26, 25, 7, null, 14, 8, 8, 8, null, null, null, null, null, 16, null, null, null, null, null, null, null, null, null, null, null, null, null, null, null, null, null, null, null, null, null, null, null, null, null, null, null, null]}], [{"col": "c7", "type": "TEXT", "data": ["decommissioned 30-11-1945. scuttled off goto islands 01-04-1946", "decommissioned 30-11-1945. scuttled off goto islands 01-04-1946", "decommissioned 30-11-1945. scuttled off goto islands 01-04-1946", "decommissioned 30-11-1945. grounded at aburatsu bay, october 1946. salvaged and scrapped august 1948", "decommissioned 30-11-1945. scuttled at iyo nada, may 1946", "incomplete until the end of war (95%), sunk by typhoon 25-08-1945. salvaged and scuttled at kii channel 06-05-1946", "decommissioned 30-11-1945. scuttled off sasebo 05-04-1946", "decommissioned 30-11-1945. scuttled off goto islands 01-04-1946", "decommissioned 30-11-1945. scrapped august 1946", "decommissioned 30-11-1945. scuttled off sasebo 05-04-1946", "incomplete until the end of war (40%). scuttled at kii channel 06-05-1946", "incomplete until the end of war (95%). scuttled at kii channel, may 1946", "incomplete until the end of war (93%). scuttled at kii channel 06-05-1946", "incomplete until the end of war (75%). scuttled at kii channel 06-05-1946", "incomplete until the end of war (95%). scuttled off sasebo 05-04-1946", "decommissioned 30-11-1945. scuttled off sasebo 05-04-1946", "incomplete until the end of war (90%). scuttled off sasebo 05-04-1946", "incomplete until the end of war (90%). scrapped, december 1946", "incomplete until the end of war (90%). scuttled off sasebo 05-04-1946", "incomplete until the end of war (20%). scrapped, june 1946", "incomplete until the end of war (85%). scuttled at kii channel, 06-05-1946", "incomplete until the end of war (15%). scrapped, june 1946", "incomplete until the end of war (60%). scrapped, june 1946", "incomplete until the end of war (55%). scrapped, june 1946", "incomplete until the end of war (45%). scrapped, june 1946", "incomplete until the end of war (35%). scrapped, june 1946", "incomplete until the end of war (25%). scrapped, june 1946", "incomplete until the end of war (75%). scuttled off sasebo 05-04-1946", "incomplete until the end of war (75%). scrapped, december 1946", "incomplete until the end of war (60%). scrapped, december 1946", "incomplete until the end of war (50%). later scrapped", "incomplete until the end of war (40%). later scrapped", "incomplete until the end of war (10%). later scrapped", "incomplete until the end of war (50%). scrapped, june 1946", "incomplete until the end of war (10%). later scrapped", "incomplete until the end of war (40%). scrapped, june 1946", "incomplete until the end of war (25%). scrapped, june 1946", "incomplete until the end of war (15%). scrapped, june 1946", "incomplete until the end of war. scrapped, june 1946", "incomplete until the end of war. scrapped, june 1946", "constructions were not started until the end of war", "incomplete until the end of war (5%). later scrapped", "incomplete until the end of war. later scrapped", "constructions were not started until the end of war"]}]], "is_list": {"id": false, "agg": false, "c1": false, "c1_number": false, "c1_minimum": false, "c1_maximum": false, "c2": false, "c3": false, "c4": false, "c4_number": false, "c4_parsed": false, "c4_year": false, "c4_month": false, "c4_day": false, "c5": false, "c5_number": false, "c5_parsed": false, "c5_year": false, "c5_month": false, "c5_day": false, "c6": false, "c6_number": false, "c6_parsed": false, "c6_year": false, "c6_month": false, "c6_day": false, "c7": false}}