{"headers": ["id", "agg", "season", "average", "high", "low", "season tickets"], "types": ["id", "agg", "text", "number", "number", "number", "number"], "contents": [[{"col": "id", "type": "INTEGER", "data": [1, 2, 3, 4, 5, 6, 7, 8, 9, 10, 11, 12]}], [{"col": "agg", "type": "INTEGER", "data": [0, 0, 0, 0, 0, 0, 0, 0, 0, 0, 0, 0]}], [{"col": "c1", "type": "TEXT", "data": ["2001-02 serie a", "2002-03 serie a", "2003-04 serie a", "2004-05 serie a", "2005-06 serie a", "2006-07 serie a", "2007-08 serie a", "2008-09 serie b", "2009-10 serie a", "2010-11 serie a", "2011-12 serie a", "2012-13 serie a"]}], [{"col": "c2", "type": "TEXT", "data": ["17956", "16306", "15904", "14044", "14372", "14644", "15427", "10031", "17061", "14524", "13646", "12740"]}, {"col": "c2_number", "type": "REAL", "data": [17956.0, 16306.0, 15904.0, 14044.0, 14372.0, 14644.0, 15427.0, 10031.0, 17061.0, 14524.0, 13646.0, 12740.0]}], [{"col": "c3", "type": "TEXT", "data": ["27498", "25603", "23663", "23010", "23116", "20488", "25149", "12265", "21323", "19615", "19481", "19073"]}, {"col": "c3_number", "type": "REAL", "data": [27498.0, 25603.0, 23663.0, 23010.0, 23116.0, 20488.0, 25149.0, 12265.0, 21323.0, 19615.0, 19481.0, 19073.0]}], [{"col": "c4", "type": "TEXT", "data": ["14704", "12980", "11463", "10711", "11575", "11946", "11890", "9261", "11870", "11975", "10800", "9627"]}, {"col": "c4_number", "type": "REAL", "data": [14704.0, 12980.0, 11463.0, 10711.0, 11575.0, 11946.0, 11890.0, 9261.0, 11870.0, 11975.0, 10800.0, 9627.0]}], [{"col": "c5", "type": "TEXT", "data": ["12156", "11544", "10439", "9923", "10639", "11120", "11386", null, "13691", "10578", "9620", "10546"]}, {"col": "c5_number", "type": "REAL", "data": [12156.0, 11544.0, 10439.0, 9923.0, 10639.0, 11120.0, 11386.0, null, 13691.0, 10578.0, 9620.0, 10546.0]}]], "is_list": {"id": false, "agg": false, "c1": false, "c2": false, "c2_number": false, "c3": false, "c3_number": false, "c4": false, "c4_number": false, "c5": false, "c5_number": false}}