{"headers": ["id", "agg", "ime exchange (including spot, credit and forward transactions)", "2007/08", "2008/09", "2009/10", "2010/11", "2011/12"], "types": ["id", "agg", "text", "number", "number", "number", "number", "number"], "contents": [[{"col": "id", "type": "INTEGER", "data": [1, 2, 3, 4, 5, 6, 7, 8]}], [{"col": "agg", "type": "INTEGER", "data": [0, 0, 0, 0, 0, 0, 0, 0]}], [{"col": "c1", "type": "TEXT", "data": ["agricultural - volume (thousand tons)", "agricultural - value (billion rials)", "manufacturing and metal - volume (thousand tons)", "manufacturing and metal - value (billion rials)", "oil and petrochemical - volume (thousand tons)", "oil and petrochemical - value (billion rials)", "grand total - volume (thousand tons)", "grand total - value (billion rials)"]}], [{"col": "c2", "type": "TEXT", "data": ["273", "772.6", "6443.8", "58044.2", "89.7", "352.7", "6806.5", "59169.4"]}, {"col": "c2_number", "type": "REAL", "data": [273.0, 772.6, 6443.8, 58044.2, 89.7, 352.7, 6806.5, 59169.4]}], [{"col": "c3", "type": "TEXT", "data": ["173.5", "3729.7", "6679.7", "62120.6", "4339.2", "19921", "11192.4", "82685.3"]}, {"col": "c3_number", "type": "REAL", "data": [173.5, 3729.7, 6679.7, 62120.6, 4339.2, 19921.0, 11192.4, 82685.3]}], [{"col": "c4", "type": "TEXT", "data": ["175.2", "484.8", "7438.5", "53842", "7052.9", "36450.7", "14666.6", "90777.5"]}, {"col": "c4_number", "type": "REAL", "data": [175.2, 484.8, 7438.5, 53842.0, 7052.9, 36450.7, 14666.6, 90777.5]}], [{"col": "c5", "type": "TEXT", "data": ["1633.9", "3729", "8694", "75235.5", "6662.6", "41478", "16990.5", "120443.2"]}, {"col": "c5_number", "type": "REAL", "data": [1633.9, 3729.0, 8694.0, 75235.5, 6662.6, 41478.0, 16990.5, 120443.2]}], [{"col": "c6", "type": "TEXT", "data": ["550", "3793", "11685", "102356", "8117", "64370", "20351", "170519"]}, {"col": "c6_number", "type": "REAL", "data": [550.0, 3793.0, 11685.0, 102356.0, 8117.0, 64370.0, 20351.0, 170519.0]}]], "is_list": {"id": false, "agg": false, "c1": false, "c2": false, "c2_number": false, "c3": false, "c3_number": false, "c4": false, "c4_number": false, "c5": false, "c5_number": false, "c6": false, "c6_number": false}}