{"headers": ["id", "agg", "season", "competition", "round", "opponent", "home", "away", "agg.", "bye"], "types": ["id", "agg", "timespan", "text", "text", "text", "score", "score", "score(text)", "text"], "contents": [[{"col": "id", "type": "INTEGER", "data": [1, 2, 3, 4, 5, 6, 7, 8, 9, 10, 11, 12, 13, 14, 15, 16, 17, 18, 19, 20, 21, 22, 23, 24, 25, 26, 27]}], [{"col": "agg", "type": "INTEGER", "data": [0, 0, 0, 0, 0, 0, 0, 0, 0, 0, 0, 0, 0, 0, 0, 0, 0, 0, 0, 0, 0, 0, 0, 0, 0, 0, 0]}], [{"col": "c1", "type": "TEXT", "data": ["1964-65", "1965-66", "1966-67", "1966-67", "1975-76", "1981-82", "1982-83", "1984-85", "1985-86", "1986-87", "1998-99", "1998-99", "1998-99", "1999-2000", "2003-04", "2003-04", "2003-04", "2005-06", "2005-06", "2005-06", "2006-07", "2007-08", "2007-08", "2007-08", "2009-10", "2011-12", "2011-12"]}, {"col": "c1_minimum_number", "type": "INTEGER", "data": [1964, 1965, 1966, 1966, 1975, 1981, 1982, 1984, 1985, 1986, 1998, 1998, 1998, 1999, 2003, 2003, 2003, 2005, 2005, 2005, 2006, 2007, 2007, 2007, 2009, 2011, 2011]}, {"col": "c1_minimum_parsed", "type": "TEXT", "data": [1964, 1965, 1966, 1966, 1975, 1981, 1982, 1984, 1985, 1986, 1998, 1998, 1998, "1999", 2003, 2003, 2003, 2005, 2005, 2005, 2006, 2007, 2007, 2007, 2009, 2011, 2011]}, {"col": "c1_minimum_year", "type": "INTEGER", "data": [1964, 1965, 1966, 1966, 1975, 1981, 1982, 1984, 1985, 1986, 1998, 1998, 1998, 1999, 2003, 2003, 2003, 2005, 2005, 2005, 2006, 2007, 2007, 2007, 2009, 2011, 2011]}, {"col": "c1_maximum_number", "type": "INTEGER", "data": [1965, 1966, 1967, 1967, 1976, 1982, 1983, 1985, 1986, 1987, 1999, 1999, 1999, 2000, 2004, 2004, 2004, 2006, 2006, 2006, 2007, 2008, 2008, 2008, 2010, 2012, 2012]}, {"col": "c1_maximum_parsed", "type": "TEXT", "data": [1965, 1966, 1967, 1967, 1976, 1982, 1983, 1985, 1986, 1987, 1999, 1999, 1999, "2000", 2004, 2004, 2004, 2006, 2006, 2006, 2007, 2008, 2008, 2008, 2010, 2012, 2012]}, {"col": "c1_maximum_year", "type": "INTEGER", "data": [1965, 1966, 1967, 1967, 1976, 1982, 1983, 1985, 1986, 1987, 1999, 1999, 1999, 2000, 2004, 2004, 2004, 2006, 2006, 2006, 2007, 2008, 2008, 2008, 2010, 2012, 2012]}], [{"col": "c2", "type": "TEXT", "data": ["inter-cities fairs cup", "inter-cities fairs cup", "european cup", "european cup", "uefa cup", "cup winners' cup", "european cup", "european cup", "european cup", "uefa cup", "cup winners' cup", "cup winners' cup", "cup winners' cup", "intertoto cup", "uefa cup", "uefa cup", "uefa cup", "champions league", "champions league", "uefa cup", "champions league", "uefa cup", "uefa cup", "uefa cup", "europa league", "europa league", "europa league"]}], [{"col": "c3", "type": "TEXT", "data": ["r1", "r2", "r1", "r2", "r1", "r1", "pr", "r1", "r1", "r1", "r1", "r2", "qf", "r1", "r1", "r2", "r3", "qr2", "qr3", "r1", "qr2", "qr1", "qr2", "r1", "qr3", "qr2", "qr3"]}], [{"col": "c4", "type": "TEXT", "data": ["everton", "hearts", "17 nentori tirana", "linfield", "athlone town", "legia warszawa", "dinamo bucuresti", "sparta prague", "zenit leningrad", "beveren", "rapid bucuresti", "besiktas", "chelsea", "fk ventspils", "grazer ak", "wis\u0142a krakow", "newcastle united", "haka", "club brugge", "steaua bucuresti", "mlada boleslav", "flora tallinn", "ekranas", "austria wien", "paok", "mika", "paok"]}], [{"col": "c5", "type": "TEXT", "data": ["2-5", "1-3", null, "1-4", "1-1", "2-2", "2-1", "3-3", "0-2", "0-0", "0-0", "1-0", "2-3", "1-0", "0-0", "0-0", "1-1", "1-0", "1-0", "0-3", "2-2", "1-0", "6-0", "2-2", "1-2", "1-0", "0-2"]}, {"col": "c5_number", "type": "INTEGER", "data": [2, 1, null, 1, 1, 2, 2, 3, 0, 0, 0, 1, 2, 1, 0, 0, 1, 1, 1, 0, 2, 1, 6, 2, 1, 1, 0]}, {"col": "c5_number1", "type": "INTEGER", "data": [2, 1, null, 1, 1, 2, 2, 3, 0, 0, 0, 1, 2, 1, 0, 0, 1, 1, 1, 0, 2, 1, 6, 2, 1, 1, 0]}, {"col": "c5_number2", "type": "INTEGER", "data": [5, 3, null, 4, 1, 2, 1, 3, 2, 0, 0, 0, 3, 0, 0, 0, 1, 0, 0, 3, 2, 0, 0, 2, 2, 0, 2]}], [{"col": "c6", "type": "TEXT", "data": ["2-4", "0-1", null, "1-1", "1-3", "1-4", "1-3", "0-2", "0-2", "0-1", "2-2", "3-3", "0-3", "0-2", "1-1", "0-0", "1-3", "4-1", "0-1", "1-3", "1-3", "1-0", "1-1", "0-2", "1-0", "1-0", "0-3"]}, {"col": "c6_number", "type": "INTEGER", "data": [2, 0, null, 1, 1, 1, 1, 0, 0, 0, 2, 3, 0, 0, 1, 0, 1, 4, 0, 1, 1, 1, 1, 0, 1, 1, 0]}, {"col": "c6_number1", "type": "INTEGER", "data": [2, 0, null, 1, 1, 1, 1, 0, 0, 0, 2, 3, 0, 0, 1, 0, 1, 4, 0, 1, 1, 1, 1, 0, 1, 1, 0]}, {"col": "c6_number2", "type": "INTEGER", "data": [4, 1, null, 1, 3, 4, 3, 2, 2, 1, 2, 3, 3, 2, 1, 0, 3, 1, 1, 3, 3, 0, 1, 2, 0, 0, 3]}], [{"col": "c7", "type": "TEXT", "data": ["4-9", "1-4", null, "2-5", "2-4", "3-6", "3-4", "3-5", "0-4", "0-1", "2-2 (a)", "4-3", "2-6", "1-2", "1-1 (a)", "0-0 (4-3 p)", "2-4", "5-1", "1-1 (3-4 p)", "1-6", "3-5", "2-0", "7-1", "2-4", "2-2 (a)", "2-0", "0-5"]}, {"col": "c7_first", "type": "TEXT", "data": ["4-9", "1-4", null, "2-5", "2-4", "3-6", "3-4", "3-5", "0-4", "0-1", "2-2", "4-3", "2-6", "1-2", "1-1", "0-0", "2-4", "5-1", "1-1", "1-6", "3-5", "2-0", "7-1", "2-4", "2-2", "2-0", "0-5"]}, {"col": "c7_second", "type": "TEXT", "data": [null, null, null, null, null, null, null, null, null, null, "a", null, null, null, "a", "4-3 p", null, null, "3-4 p", null, null, null, null, null, "a", null, null]}, {"col": "c7_first_number", "type": "INTEGER", "data": [4, 1, null, 2, 2, 3, 3, 3, 0, 0, 2, 4, 2, 1, 1, 0, 2, 5, 1, 1, 3, 2, 7, 2, 2, 2, 0]}, {"col": "c7_first_number1", "type": "INTEGER", "data": [4, 1, null, 2, 2, 3, 3, 3, 0, 0, 2, 4, 2, 1, 1, 0, 2, 5, 1, 1, 3, 2, 7, 2, 2, 2, 0]}, {"col": "c7_first_number2", "type": "INTEGER", "data": [9, 4, null, 5, 4, 6, 4, 5, 4, 1, 2, 3, 6, 2, 1, 0, 4, 1, 1, 6, 5, 0, 1, 4, 2, 0, 5]}], [{"col": "c8", "type": "TEXT", "data": ["0", "0", "1", "0", "0", "0", "0", "0", "0", "0", "0", "0", "0", "0", "0", "0", "0", "0", "0", "0", "0", "0", "0", "0", "0", "0", "0"]}]], "is_list": {"id": false, "agg": false, "c1": false, "c1_minimum_number": false, "c1_minimum_parsed": false, "c1_minimum_year": false, "c1_maximum_number": false, "c1_maximum_parsed": false, "c1_maximum_year": false, "c2": false, "c3": false, "c4": false, "c5": false, "c5_number": false, "c5_number1": false, "c5_number2": false, "c6": false, "c6_number": false, "c6_number1": false, "c6_number2": false, "c7": false, "c7_first": false, "c7_second": false, "c7_first_number": false, "c7_first_number1": false, "c7_first_number2": false, "c8": false}}