{"headers": ["id", "agg", "year", "film", "role", "notes"], "types": ["id", "agg", "number", "text", "text", "text"], "contents": [[{"col": "id", "type": "INTEGER", "data": [1, 2, 3, 4, 5, 6, 7, 8, 9, 10, 11, 12, 13, 14, 15, 16, 17, 18, 19, 20, 21, 22, 23, 24, 25, 26, 27, 28, 29, 30, 31, 32, 33, 34, 35, 36, 37, 38, 39, 40, 41, 42, 43, 44, 45, 46, 47, 48, 49, 50, 51, 52, 53, 54, 55, 56, 57, 58, 59, 60, 61, 62, 63, 64, 65, 66, 67, 68, 69, 70, 71, 72, 73, 74, 75, 76, 77, 78, 79, 80, 81, 82, 83, 84, 85, 86, 87, 88, 89, 90, 91, 92, 93, 94, 95, 96, 97, 98, 99, 100, 101, 102, 103, 104, 105, 106, 107, 108, 109, 110, 111, 112, 113, 114, 115, 116, 117, 118, 119, 120, 121, 122, 123, 124, 125, 126, 127, 128, 129, 130, 131, 132, 133, 134, 135, 136, 137, 138, 139, 140, 141, 142, 143, 144, 145, 146, 147, 148, 149, 150, 151]}], [{"col": "agg", "type": "INTEGER", "data": [0, 0, 0, 0, 0, 0, 0, 0, 0, 0, 0, 0, 0, 0, 0, 0, 0, 0, 0, 0, 0, 0, 0, 0, 0, 0, 0, 0, 0, 0, 0, 0, 0, 0, 0, 0, 0, 0, 0, 0, 0, 0, 0, 0, 0, 0, 0, 0, 0, 0, 0, 0, 0, 0, 0, 0, 0, 0, 0, 0, 0, 0, 0, 0, 0, 0, 0, 0, 0, 0, 0, 0, 0, 0, 0, 0, 0, 0, 0, 0, 0, 0, 0, 0, 0, 0, 0, 0, 0, 0, 0, 0, 0, 0, 0, 0, 0, 0, 0, 0, 0, 0, 0, 0, 0, 0, 0, 0, 0, 0, 0, 0, 0, 0, 0, 0, 0, 0, 0, 0, 0, 0, 0, 0, 0, 0, 0, 0, 0, 0, 0, 0, 0, 0, 0, 0, 0, 0, 0, 0, 0, 0, 0, 0, 0, 0, 0, 0, 0, 0, 0]}], [{"col": "c1", "type": "TEXT", "data": ["1986", "1986", "1986", "1986", "1986", "1987", "1987", "1987", "1987", "1987", "1987", "1988", "1988", "1988", "1988", "1988", "1988", "1988", "1988", "1988", "1988", "1989", "1989", "1989", "1989", "1989", "1989", "1989", "1989", "1989", "1989", "1989", "1989", "1989", "1989", "1990", "1990", "1990", "1990", "1990", "1990", "1990", "1990", "1990", "1990", "1991", "1991", "1991", "1991", "1992", "1992", "1992", "1992", "1992", "1993", "1993", "1993", "1993", "1993", "1993", "1994", "1994", "1994", "1994", "1994", "1994", "1994", "1994", "1994", "1994", "1995", "1995", "1995", "1995", "1995", "1995", "1996", "1996", "1996", "1996", "1996", "1997", "1997", "1997", "1997", "1997", "1997", "1997", "1997", "1997", "1998", "1998", "1998", "1998", "1998", "1998", "1998", "1999", "1999", "1999", "1999", "2000", "2000", "2000", "2000", "2000", "2000", "2001", "2001", "2001", "2001", "2001", "2001", "2002", "2002", "2002", "2002", "2003", "2003", "2003", "2005", "2005", "2006", "2006", "2007", "2007", "2007", "2007", "2008", "2008", "2009", "2009", "2009", "2009", "2010", "2011", "2011", "2011", "2013", "2013", "2014", "2014", "2014", "2014", "2014", "2014", "2014", "2014", "2014", "2015", "2015"]}, {"col": "c1_number", "type": "INTEGER", "data": [1986, 1986, 1986, 1986, 1986, 1987, 1987, 1987, 1987, 1987, 1987, 1988, 1988, 1988, 1988, 1988, 1988, 1988, 1988, 1988, 1988, 1989, 1989, 1989, 1989, 1989, 1989, 1989, 1989, 1989, 1989, 1989, 1989, 1989, 1989, 1990, 1990, 1990, 1990, 1990, 1990, 1990, 1990, 1990, 1990, 1991, 1991, 1991, 1991, 1992, 1992, 1992, 1992, 1992, 1993, 1993, 1993, 1993, 1993, 1993, 1994, 1994, 1994, 1994, 1994, 1994, 1994, 1994, 1994, 1994, 1995, 1995, 1995, 1995, 1995, 1995, 1996, 1996, 1996, 1996, 1996, 1997, 1997, 1997, 1997, 1997, 1997, 1997, 1997, 1997, 1998, 1998, 1998, 1998, 1998, 1998, 1998, 1999, 1999, 1999, 1999, 2000, 2000, 2000, 2000, 2000, 2000, 2001, 2001, 2001, 2001, 2001, 2001, 2002, 2002, 2002, 2002, 2003, 2003, 2003, 2005, 2005, 2006, 2006, 2007, 2007, 2007, 2007, 2008, 2008, 2009, 2009, 2009, 2009, 2010, 2011, 2011, 2011, 2013, 2013, 2014, 2014, 2014, 2014, 2014, 2014, 2014, 2014, 2014, 2015, 2015]}], [{"col": "c2", "type": "TEXT", "data": ["ilzaam", "duty", "tan-badan", "love 86", "sadaa suhagan", "mera lahoo", "khudgarz", "dadagiri", "marte dam tak", "pyaar karke dekho", "sindoor", "jeete hain shaan se", "paap ko jalaa kar raakh kar doonga", "hatya", "halaal ki kamai", "ghar ghar ki kahani", "dariya dil", "ghar mein ram gali mein shyam", "pyaar mohabbat", "shiv shakti", "tohfa mohabbat ka", "aakhri baazi", "jung baaz", "do qaidi", "paap ka ant", "gentleman", "jaisi karni waisi bharnii", "billoo badshah", "gair kanooni", "farz ki jung", "dost garibon ka", "asmaan se ooncha", "gharana", "sachai ki taqat", "taaqatwar", "maha-sangram", "swarg", "apmaan ki aag", "izzatdaar", "kali ganga", "khatarnaak", "naya khoon", "raeeszada", "taqdeer ka tamasha", "awaargi", "hum", "kaun kare kurbanie", "bhabhi", "karz chukana hai", "shola aur shabnam", "baaz", "jaan se pyaara", "zulm ki hukumat", "radha ka sangam", "aankhen", "muqabla", "zakhmo ka hisaab", "aadmi khilona hai", "prateeksha", "teri payal mere geet", "ekka raja rani", "andaz apna apna", "raja babu", "khuddar", "dulaara", "bhagyawan", "beta ho to aisa", "prem shakti", "aag", "brahma", "gambler", "rock dancer", "hathkadi", "andolan", "kismat", "coolie no. 1", "saajan chale sasural", "chhote sarkar", "zordaar", "maahir", "apne dam par", "hero no. 1", "kaun rokega mujhe", "deewana mastana", "do ankhen barah hath", "agnichakra", "loha", "banarasi babu", "dil deewana maane na", "bhoot bhungla", "achanak", "dulhe raja", "aunty no. 1", "maharaja", "bade miyan chote miyan", "pardesi babu", "naseeb", "anari no.1", "rajaji", "haseena maan jaayegi", "hum tum pe marte hain", "jis desh mein ganga rehta hain", "shikari", "kunwara", "beti no. 1", "joru ka ghulam", "hadh kar di aapne", "aamdani atthani kharcha rupaiyaa", "albela", "censor", "jodi no.1", "dil ne phir yaad kiya", "kyo kii... main jhuth nahin bolta", "pyaar diwana hota hai", "waah! tera kya kehna", "akhiyon se goli maare", "chalo ishq ladaaye", "ek aur ek gyarah", "raja bhaiya", "three roses", "ssukh", "khullam khulla pyaar karen", "sandwich", "bhagam bhag", "salaam-e-ishq: a tribute to love", "partner", "jahan jaaeyega hamen paaeyega", "om shanti om", "money hai toh honey hai", "humsey hai jahaan", "chal chala chal", "life partner", "do knot disturb", "wanted", "raavan", "naughty @ 40", "loot", "delhi safari", "deewana main deewana", "samadhi", "holiday: a soldier is never off duty", "kill dil", "happy ending", "avatar", "afra tafri", "abhinay chakra", "hero", "banda yeh bindaas hai", "run bhola run", "jagga jasoos", "the bengali detective"]}], [{"col": "c3", "type": "TEXT", "data": ["ajay sharma/vijay", "dev pratap sharma", "ravi pratap", "vikram doshi", "ravi", "govinda singh", "kumar saxena", "suraj", "jai", "ravi kumar", "ravi", "iqbal ali", "deepak malhotra", "sagar", "kabir khanna", "amar dhanraj", "ravi", "amar", "raj", "shakti", "hero", "ram kumar", "arjun srivastav", "kanu", "abhishek mhatre", "hari/om", "ravi verma", "vijay", "om narayan", "vishal", "vijay/barkat ali", "vikram malik (vicky)", "ravi mehra", "sagar singh", "john d'mello", "arjun 'munna'", "krishna", "vikrant 'vicky' narayan singh", "vijay", "govinda", "himself", "dr. anand", null, "satya", "dhiren kumar", "vijay", "ajit 'munna' singh", "amar/nakadram", "ravi", "karan", "deva", "inspector jai/sunder", "pratap kohli", "govinda", "vijay (bunnu) / gaurishankar", "havaldar suraj", "suraj kumar", "sharad verma", "raja", "premi", "sagar", "himself", "raja babu", "siddanth suri", "raja", "amar", "raju", "gangwa/krishna", "birju/raju", "suraj", "dayashankar pandey", "himself", "suraj chauhan/rajnikant", "aniket", "ajay", "raju", "shyamsunder", "amar/rohit", "ravi", "bhola", "himself", "rajesh malhotra", null, "bunnu", "sagar", "amar", "govinda", "gopi", null, "dewan", "arjun", "raja", "gopi/kanaklakshmi", "kohinoor karan", "pyare mohan/chhote miyan", "raju pardesi", "krishna prasad", "rahul saxena /raja", "rajaji", "monu", "rahul malhotra", "ganga", "om srivastav/mahendra pratap singh", "raju", "bharat bhatnagar", "raja", "raju/mummy/daddy/sweety/dada/dadi", "bhishma", "rocky hiranandani", "himself", "veeru", "prem", "raj malhotra", "sunder", "raj oberoi/banne khan", "raj oberoi", "pappu", "tara", "raja bhaiya", "himself", "chandraprakash sharma", "raja/vicky", "shekhar/vicky/sher singh", "babla", "raju", "bhaskar diwakar chowdahry", "karan/bobby singh/sher khan", "himself", "bobby arora", null, "deepak", "jeet oberoi", "raj", "himself", "vijay kumar", "sanjeev srivastav", "pandit", "bajrangi (voice)", "basant", "deputy inspector general of police", "senior of captain virat", "negative role", null, "football coach", null, "cop", null, "pappu", null, "jagga's step-father", "detective"]}], [{"col": "c4", "type": "TEXT", "data": ["debut", null, null, null, null, null, null, null, null, null, null, null, null, null, null, null, null, null, null, null, null, null, null, null, null, "double role", null, null, null, null, null, null, null, null, null, null, null, null, null, null, "special appearance", null, null, null, "critically acclaimed role", null, null, null, null, null, null, "double roles", null, null, "nominated- filmfare award for best actor double role", null, null, null, null, null, null, "special appearance", null, null, null, null, null, null, null, null, null, "guest appearance", "double role", null, null, "star screen award special jury award\nnominated - filmfare best actor award", "nominated- filmfare award for best actor\nfilmfare special award", null, null, null, "special appearance", null, null, "nominated - filmfare best actor award", null, null, null, null, null, null, null, "zee cine award for best actor in a comic role", null, null, "double role / zee cine award for best actor in a comic role\nnominated - filmfare best actor award\nspecial videocon screen award from jury", null, null, "double role", null, "filmfare best comedian award\nzee cine award for best actor in a comic role", null, null, "nominated - filmfare best villain award", "nominated -filmfare award for best performance in a comic role", null, null, "six roles", null, null, "special appearance", "iifa best comedian award\nnominated -filmfare award for best performance in a comic role", null, "nominated -filmfare award for best performance in a comic role", null, "double role", "nominated -filmfare award for best performance in a comic role", null, null, null, "tamil film - guest appearance", null, null, "double role", "one of the biggest hit of the year", null, "iifa best comedian award\nzee cine award for best actor in a supporting role - male\nstar gold excellent comic actor award\nmtv lycra style most stylish comeback award\nndtv imagine best jodi of the year with salman khan", null, "special appearance", null, "special appearance", null, null, null, "special appearance", null, null, null, "3d animation film", "released after ten years", "bengali debut", "post-production (releasing on 6 june 2014)", "filming (releasing on 5 september 2014)", "filming (releasing in 2014)", "post-production, (releasing in 2014)", "post-production, (releasing in 2014)", "post-production, also producer, (releasing in 2014)", "filming, (releasing on 12th december 2014)", "delayed", "delayed", "filming (releasing on 29 may 2015)", "directed by mira nair, (filming starts from october 2014)"]}]], "is_list": {"id": false, "agg": false, "c1": false, "c1_number": false, "c2": false, "c3": false, "c4": false}}