{"headers": ["id", "agg", "", "1948", "1952", "1956", "1960", "1964"], "types": ["id", "agg", "text", "number", "number", "number", "number", "number"], "contents": [[{"col": "id", "type": "INTEGER", "data": [1, 2, 3, 4, 5, 6, 7, 8, 9, 10, 11, 12, 13, 14, 15, 16, 17, 18, 19, 20, 21]}], [{"col": "agg", "type": "INTEGER", "data": [0, 0, 0, 0, 0, 0, 0, 0, 0, 0, 0, 0, 0, 0, 0, 0, 0, 0, 0, 0, 0]}], [{"col": "c1", "type": "TEXT", "data": ["all voters", "white", "black", "college educated", "high school educated", "grade school educated", "professional & business", "white collar", "manual worker", "farmer", "union member", "not union", "protestant", "catholic", "republican", "independent", "democrat", "east", "midwest", "west", "south"]}], [{"col": "c2", "type": "TEXT", "data": ["50", "50", "50", "22", "51", "64", "19", "47", "66", "60", "76", "42", "43", "62", null, null, null, "48", "50", "49", "53"]}, {"col": "c2_number", "type": "REAL", "data": [50.0, 50.0, 50.0, 22.0, 51.0, 64.0, 19.0, 47.0, 66.0, 60.0, 76.0, 42.0, 43.0, 62.0, null, null, null, 48.0, 50.0, 49.0, 53.0]}], [{"col": "c3", "type": "TEXT", "data": ["45", "43", "79", "34", "45", "52", "36", "40", "55", "33", null, null, "37", "56", "8", "35", "77", "45", "42", "42", "51"]}, {"col": "c3_number", "type": "REAL", "data": [45.0, 43.0, 79.0, 34.0, 45.0, 52.0, 36.0, 40.0, 55.0, 33.0, null, null, 37.0, 56.0, 8.0, 35.0, 77.0, 45.0, 42.0, 42.0, 51.0]}], [{"col": "c4", "type": "TEXT", "data": ["42", "41", "61", "31", "42", "50", "32", "37", "50", "46", "51", "35", "37", "51", "4", "30", "85", "40", "41", "43", "49"]}, {"col": "c4_number", "type": "REAL", "data": [42.0, 41.0, 61.0, 31.0, 42.0, 50.0, 32.0, 37.0, 50.0, 46.0, 51.0, 35.0, 37.0, 51.0, 4.0, 30.0, 85.0, 40.0, 41.0, 43.0, 49.0]}], [{"col": "c5", "type": "TEXT", "data": ["50", "49", "68", "39", "52", "55", "42", "48", "60", "48", "62", "44", "38", "78", "5", "43", "84", "53", "48", "49", "51"]}, {"col": "c5_number", "type": "REAL", "data": [50.0, 49.0, 68.0, 39.0, 52.0, 55.0, 42.0, 48.0, 60.0, 48.0, 62.0, 44.0, 38.0, 78.0, 5.0, 43.0, 84.0, 53.0, 48.0, 49.0, 51.0]}], [{"col": "c6", "type": "TEXT", "data": ["61", "59", "94", "52", "62", "66", "54", "57", "71", "53", "77", "56", "55", "76", "20", "56", "87", "68", "61", "60", "52"]}, {"col": "c6_number", "type": "REAL", "data": [61.0, 59.0, 94.0, 52.0, 62.0, 66.0, 54.0, 57.0, 71.0, 53.0, 77.0, 56.0, 55.0, 76.0, 20.0, 56.0, 87.0, 68.0, 61.0, 60.0, 52.0]}]], "is_list": {"id": false, "agg": false, "c1": false, "c2": false, "c2_number": false, "c3": false, "c3_number": false, "c4": false, "c4_number": false, "c5": false, "c5_number": false, "c6": false, "c6_number": false}}