{"headers": ["id", "agg", "#", "name", "height", "weight (lbs.)", "position", "class", "hometown", "previous team(s)"], "types": ["id", "agg", "number", "text", "unitnum", "number", "<n,text>", "text", "address", "<n,text>"], "contents": [[{"col": "id", "type": "INTEGER", "data": [1, 2, 3, 4, 5, 6, 7, 8, 9, 10, 11, 12, 13]}], [{"col": "agg", "type": "INTEGER", "data": [0, 0, 0, 0, 0, 0, 0, 0, 0, 0, 0, 0, 0]}], [{"col": "c1", "type": "TEXT", "data": ["1", "2", "3", "11", "12", "15", "20", "22", "24", "25", "30", "32", "42"]}, {"col": "c1_number", "type": "REAL", "data": [1.0, 2.0, 3.0, 11.0, 12.0, 15.0, 20.0, 22.0, 24.0, 25.0, 30.0, 32.0, 42.0]}], [{"col": "c2", "type": "TEXT", "data": ["mychal ladd", "jonathan wills", "taylor kelly", "jerry brown, jr", "steven shepp", "nedeljko golubovic", "garrett johnson", "greg smith", "paul george", "justin johnson", "sylvester seay", "brandon sperling", "brandon webster"]}], [{"col": "c3", "type": "TEXT", "data": ["6'5\"", "6'6\"", "6'2\"", "6'7\"", "6'2\"", "6'8\"", "6'5\"", "6'10\"", "6'8\"", "6'6\"", "6'10\"", "6'4\"", "6'10\""]}, {"col": "c3_number", "type": "INTEGER", "data": [6, 6, 6, 6, 6, 6, 6, 6, 6, 6, 6, 6, 6]}], [{"col": "c4", "type": "TEXT", "data": ["190", "180", "220", "195", "170", "245", "190", "250", "210", "205", "235", "180", "275"]}, {"col": "c4_number", "type": "REAL", "data": [190.0, 180.0, 220.0, 195.0, 170.0, 245.0, 190.0, 250.0, 210.0, 205.0, 235.0, 180.0, 275.0]}], [{"col": "c5", "type": "TEXT", "data": ["g", "g", "g", "g\nf", "g", "f", "g\nf", "c", "g\nf", "f", "f", "g", "c"]}, {"col": "c5_list", "type": "LIST TEXT", "data": [["g"], ["g"], ["g"], ["g", "f"], ["g"], ["f"], ["g", "f"], ["c"], ["g", "f"], ["f"], ["f"], ["g"], ["c"]]}, {"col": "c5_length", "type": "INTEGER", "data": [1, 1, 1, 2, 1, 1, 2, 1, 2, 1, 1, 1, 1]}], [{"col": "c6", "type": "TEXT", "data": ["so", "jr", "fr", "fr", "so", "jr", "fr", "fr", "so", "fr", "sr", "so", "jr"]}], [{"col": "c7", "type": "TEXT", "data": ["seattle, wa, u.s", "carson, ca, u.s", "bakersfield, ca, u.s", "richmond, ca, u.s", "woodbridge, va, u.s", "pljevlja, serbia, serbia", "pomona, ca, u.s", "fresno, ca, u.s", "palmdale, ca, u.s", "phoenix, az, u.s", "san bernardino, ca, u.s", "fresno, ca, u.s", "bryan, tx, u.s"]}, {"col": "c7_address", "type": "LIST TEXT", "data": [["seattle", "wa", "u.s", "seattle, wa", "wa, u.s"], ["carson", "ca", "u.s", "carson, ca", "ca, u.s"], ["bakersfield", "ca", "u.s", "bakersfield, ca", "ca, u.s"], ["richmond", "ca", "u.s", "richmond, ca", "ca, u.s"], ["woodbridge", "va", "u.s", "woodbridge, va", "va, u.s"], ["pljevlja", "serbia", "serbia", "pljevlja, serbia", "serbia, serbia"], ["pomona", "ca", "u.s", "pomona, ca", "ca, u.s"], ["fresno", "ca", "u.s", "fresno, ca", "ca, u.s"], ["palmdale", "ca", "u.s", "palmdale, ca", "ca, u.s"], ["phoenix", "az", "u.s", "phoenix, az", "az, u.s"], ["san bernardino", "ca", "u.s", "san bernardino, ca", "ca, u.s"], ["fresno", "ca", "u.s", "fresno, ca", "ca, u.s"], ["bryan", "tx", "u.s", "bryan, tx", "tx, u.s"]]}], [{"col": "c8", "type": "TEXT", "data": ["rainier beach hs", "mayfair hs\nnew mexico", "centennial hs", "sacred heart", "c.d. hylton hs\nallegany college of maryland", "findlay prep (las vegas, nv)", "diamond ranch hs", "westwind academy", "pete knight hs", "brophy college prep", "winchendon school\narizona state", "buchanan hs", "bryan hs"]}, {"col": "c8_list", "type": "LIST TEXT", "data": [["rainier beach hs"], ["mayfair hs", "new mexico"], ["centennial hs"], ["sacred heart"], ["c.d. hylton hs", "allegany college of maryland"], ["findlay prep (las vegas", "nv)"], ["diamond ranch hs"], ["westwind academy"], ["pete knight hs"], ["brophy college prep"], ["winchendon school", "arizona state"], ["buchanan hs"], ["bryan hs"]]}, {"col": "c8_length", "type": "INTEGER", "data": [1, 2, 1, 1, 2, 2, 1, 1, 1, 1, 2, 1, 1]}]], "is_list": {"id": false, "agg": false, "c1": false, "c1_number": false, "c2": false, "c3": false, "c3_number": false, "c4": false, "c4_number": false, "c5": false, "c5_list": true, "c5_length": false, "c6": false, "c7": false, "c7_address": true, "c8": false, "c8_list": true, "c8_length": false}}