{"headers": ["id", "agg", "code", "county", "former province", "area (km2)", "population\ncensus 2009", "capital"], "types": ["id", "agg", "number", "text", "text", "number", "number", "text"], "contents": [[{"col": "id", "type": "INTEGER", "data": [1, 2, 3, 4, 5, 6, 7]}], [{"col": "agg", "type": "INTEGER", "data": ["0", "0", "0", "0", "0", "0", "1"]}], [{"col": "c1", "type": "TEXT", "data": ["1", "2", "3", "4", "5", "6", null]}, {"col": "c1_number", "type": "REAL", "data": [1.0, 2.0, 3.0, 4.0, 5.0, 6.0, null]}], [{"col": "c2", "type": "TEXT", "data": ["mombasa", "kwale", "kilifi", "tana river", "lamu", "taita-taveta", "totals"]}], [{"col": "c3", "type": "TEXT", "data": ["coast", "coast", "coast", "coast", "coast", "coast", null]}], [{"col": "c4", "type": "TEXT", "data": ["212.5", "8270.3", "12245.9", "35375.8", "6497.7", "17083.9", "79686.1"]}, {"col": "c4_number", "type": "REAL", "data": [212.5, 8270.3, 12245.9, 35375.8, 6497.7, 17083.9, 79686.1]}], [{"col": "c5", "type": "TEXT", "data": ["939370", "649931", "1109735", "240075", "101539", "284657", "3325307"]}, {"col": "c5_number", "type": "REAL", "data": [939370.0, 649931.0, 1109735.0, 240075.0, 101539.0, 284657.0, 3325307.0]}], [{"col": "c6", "type": "TEXT", "data": ["mombasa (city)", "kwale", "kilifi", "hola", "lamu", "voi", null]}]], "is_list": {"id": false, "agg": false, "c1": false, "c1_number": false, "c2": false, "c3": false, "c4": false, "c4_number": false, "c5": false, "c5_number": false, "c6": false}}