{"headers": ["id", "agg", "place", "position", "number", "name", "league one", "fa cup", "league cup", "football league trophy", "total"], "types": ["id", "agg", "number", "text", "number", "text", "number", "number", "number", "number", "number"], "contents": [[{"col": "id", "type": "INTEGER", "data": [1, 2, 3, 4, 5, 6, 7, 8, 9, 10, 11, 12, 13, 14, 15, 16]}], [{"col": "agg", "type": "INTEGER", "data": [0, 0, 0, 0, 0, 0, 0, 0, 0, 0, 0, 0, 0, 0, 0, 0]}], [{"col": "c1", "type": "TEXT", "data": ["1", "2", "3", "4", "4", "4", "4", "4", "5", "5", "5", "5", "5", "5", "5", "5"]}, {"col": "c1_number", "type": "REAL", "data": [1.0, 2.0, 3.0, 4.0, 4.0, 4.0, 4.0, 4.0, 5.0, 5.0, 5.0, 5.0, 5.0, 5.0, 5.0, 5.0]}], [{"col": "c2", "type": "TEXT", "data": ["mf", "mf", "fw", "mf", "df", "mf", "mf", "fw", "mf", "mf", "fw", "fw", "fw", "df", "mf", "fw"]}], [{"col": "c3", "type": "TEXT", "data": ["4", "17", "24", "11", "5", "23", "22", "26", "2", "8", "15", "29", "7", "18", "10", "9"]}, {"col": "c3_number", "type": "REAL", "data": [4.0, 17.0, 24.0, 11.0, 5.0, 23.0, 22.0, 26.0, 2.0, 8.0, 15.0, 29.0, 7.0, 18.0, 10.0, 9.0]}], [{"col": "c4", "type": "TEXT", "data": ["luke summerfield", "paul parry", "tom eaves", "jon taylor", "darren jones", "adam reach", "ryan woods", "curtis main", "jermaine grandison", "dave mcallister", "aaron wildig", "asa hall", "gozie ugwu", "connor goldson", "nicky wroe", "tom bradshaw"]}], [{"col": "c5", "type": "TEXT", "data": ["5", "3", "3", "1", "2", "2", "2", "2", "1", "1", "1", "1", "1", "1", "1", "1"]}, {"col": "c5_number", "type": "REAL", "data": [5.0, 3.0, 3.0, 1.0, 2.0, 2.0, 2.0, 2.0, 1.0, 1.0, 1.0, 1.0, 1.0, 1.0, 1.0, 1.0]}], [{"col": "c6", "type": "TEXT", "data": ["0", "0", "0", "0", "0", "0", "0", "0", "0", "0", "0", "0", "0", "0", "0", "0"]}, {"col": "c6_number", "type": "REAL", "data": [0.0, 0.0, 0.0, 0.0, 0.0, 0.0, 0.0, 0.0, 0.0, 0.0, 0.0, 0.0, 0.0, 0.0, 0.0, 0.0]}], [{"col": "c7", "type": "TEXT", "data": ["0", "1", "0", "0", "0", "0", "0", "0", "0", "0", "0", "0", "0", "0", "0", "0"]}, {"col": "c7_number", "type": "REAL", "data": [0.0, 1.0, 0.0, 0.0, 0.0, 0.0, 0.0, 0.0, 0.0, 0.0, 0.0, 0.0, 0.0, 0.0, 0.0, 0.0]}], [{"col": "c8", "type": "TEXT", "data": ["0", "0", "0", "1", "0", "0", "0", "0", "0", "0", "0", "0", "0", "0", "0", "0"]}, {"col": "c8_number", "type": "REAL", "data": [0.0, 0.0, 0.0, 1.0, 0.0, 0.0, 0.0, 0.0, 0.0, 0.0, 0.0, 0.0, 0.0, 0.0, 0.0, 0.0]}], [{"col": "c9", "type": "TEXT", "data": ["5", "4", "3", "2", "2", "2", "2", "2", "1", "1", "1", "1", "1", "1", "1", "1"]}, {"col": "c9_number", "type": "REAL", "data": [5.0, 4.0, 3.0, 2.0, 2.0, 2.0, 2.0, 2.0, 1.0, 1.0, 1.0, 1.0, 1.0, 1.0, 1.0, 1.0]}]], "is_list": {"id": false, "agg": false, "c1": false, "c1_number": false, "c2": false, "c3": false, "c3_number": false, "c4": false, "c5": false, "c5_number": false, "c6": false, "c6_number": false, "c7": false, "c7_number": false, "c8": false, "c8_number": false, "c9": false, "c9_number": false}}