{"headers": ["id", "agg", "year", "organization", "award", "work", "result"], "types": ["id", "agg", "number", "text", "text", "<c,text>", "text"], "contents": [[{"col": "id", "type": "INTEGER", "data": [1, 2, 3, 4, 5, 6, 7, 8, 9, 10, 11, 12, 13, 14, 15]}], [{"col": "agg", "type": "INTEGER", "data": [0, 0, 0, 0, 0, 0, 0, 0, 0, 0, 0, 0, 0, 0, 0]}], [{"col": "c1", "type": "TEXT", "data": ["2005", "2007", "2007", "2007", "2007", "2008", "2010", "2011", "2011", "2011", "2011", "2011", "2012", "2012", "2012"]}, {"col": "c1_number", "type": "INTEGER", "data": [2005, 2007, 2007, 2007, 2007, 2008, 2010, 2011, 2011, 2011, 2011, 2011, 2012, 2012, 2012]}], [{"col": "c2", "type": "TEXT", "data": ["47th the television drama academy awards", "10th nikkan sports drama grand prix", "16th hashida awards", "2007 mtv student voice awards", "54th the television academy drama awards", "nickelodeon kids' choice awards", "nikkan sports grand prix (fall)", "3rd tama film award", "35th fumiko yamaji award film awards", "26th nikkan sport film awards", "tv navi", "70th the television drama academy awards", "35th japan academy awards", "japan film festival theater staff", "16th nikkan sport grand prix"]}], [{"col": "c3", "type": "TEXT", "data": ["best actress", "best actress", "newcomer award", "best actress", "best actress", "best actress", "best supporting actress", "best emerging actress", "newcomer actress", "best newcomer", "best actress", "best actress", "best starring actress", "best actress", "best actress"]}], [{"col": "c4", "type": "TEXT", "data": ["hana yori dango", "hana yori dango 2", "hana yori dango 2", "hana yori dango 2", "first kiss", "hana yori dango 2", "veterinarian dolittle", "miracle in the pacific", "youkame no semi", "youkame no semi, miracle in the pacific", "ohisama", "ohisama", "youkame no semi", "youkame no semi", "tokkan"]}, {"col": "c4_list", "type": "LIST TEXT", "data": [["hana yori dango"], ["hana yori dango 2"], ["hana yori dango 2"], ["hana yori dango 2"], ["first kiss"], ["hana yori dango 2"], ["veterinarian dolittle"], ["miracle in the pacific"], ["youkame no semi"], ["youkame no semi", "miracle in the pacific"], ["ohisama"], ["ohisama"], ["youkame no semi"], ["youkame no semi"], ["tokkan"]]}, {"col": "c4_length", "type": "INTEGER", "data": [1, 1, 1, 1, 1, 1, 1, 1, 1, 2, 1, 1, 1, 1, 1]}], [{"col": "c5", "type": "TEXT", "data": ["won", "won", "won", "won", "nominated", "won", "nominated", "won", "won", "won", "won", "won", "won", "won", "nominated"]}]], "is_list": {"id": false, "agg": false, "c1": false, "c1_number": false, "c2": false, "c3": false, "c4": false, "c4_list": true, "c4_length": false, "c5": false}}