{"headers": ["id", "agg", "year", "winner", "score", "county", "opponent", "score", "county"], "types": ["id", "agg", "timespan", "text", "<s,score>", "text", "text", "<s,score>", "text"], "contents": [[{"col": "id", "type": "INTEGER", "data": [1, 2, 3, 4, 5, 6, 7, 8, 9, 10, 11, 12, 13, 14, 15, 16, 17, 18, 19, 20, 21, 22, 23, 24, 25, 26, 27, 28, 29, 30, 31, 32, 33, 34, 35, 36, 37, 38, 39, 40, 41, 42, 43, 44]}], [{"col": "agg", "type": "INTEGER", "data": [0, 0, 0, 0, 0, 0, 0, 0, 0, 0, 0, 0, 0, 0, 0, 0, 0, 0, 0, 0, 0, 0, 0, 0, 0, 0, 0, 0, 0, 0, 0, 0, 0, 0, 0, 0, 0, 0, 0, 0, 0, 0, 0, 0]}], [{"col": "c1", "type": "TEXT", "data": ["2013-14", "2012-13", "2011-12", "2010-11", "2009-10", "2008-09", "2007-08", "2006-07", "2005-06", "2004-05", "2003-04", "2002-03", "2001-02", "2000-01", "1999-00", "1998-99", "1997-98", "1996-97", "1995-96", "1994-95", "1993-94", "1992-93", "1991-92", "1990-91", "1989-90", "1988-89", "1987-88", "1986-87", "1985-86", "1984-85", "1983-84", "1982-83", "1981-82", "1980-81", "1979-80", "1978-79", "1977-78", "1976-77", "1975-76", "1974-75", "1973-74", "1972-73", "1971-72", "1970-71"]}, {"col": "c1_minimum_number", "type": "INTEGER", "data": [2013, 2012, 2011, 2010, 2009, 2008, 2007, 2006, 2005, 2004, 2003, 2002, 2001, 2000, 1999, 1998, 1997, 1996, 1995, 1994, 1993, 1992, 1991, 1990, 1989, 1988, 1987, 1986, 1985, 1984, 1983, 1982, 1981, 1980, 1979, 1978, 1977, 1976, 1975, 1974, 1973, 1972, 1971, 1970]}, {"col": "c1_minimum_parsed", "type": "INTEGER", "data": [2013, 2012, 2011, 2010, 2009, 2008, 2007, 2006, 2005, 2004, 2003, 2002, 2001, 2000, 1999, 1998, 1997, 1996, 1995, 1994, 1993, 1992, 1991, 1990, 1989, 1988, 1987, 1986, 1985, 1984, 1983, 1982, 1981, 1980, 1979, 1978, 1977, 1976, 1975, 1974, 1973, 1972, 1971, 1970]}, {"col": "c1_minimum_year", "type": "INTEGER", "data": [2013, 2012, 2011, 2010, 2009, 2008, 2007, 2006, 2005, 2004, 2003, 2002, 2001, 2000, 1999, 1998, 1997, 1996, 1995, 1994, 1993, 1992, 1991, 1990, 1989, 1988, 1987, 1986, 1985, 1984, 1983, 1982, 1981, 1980, 1979, 1978, 1977, 1976, 1975, 1974, 1973, 1972, 1971, 1970]}, {"col": "c1_maximum_number", "type": "INTEGER", "data": [2014, 2013, 2012, 2011, 2010, 2009, 2008, 2007, 2006, 2005, 2004, 2003, 2002, 2001, 1900, 1999, 1998, 1997, 1996, 1995, 1994, 1993, 1992, 1991, 1990, 1989, 1988, 1987, 1986, 1985, 1984, 1983, 1982, 1981, 1980, 1979, 1978, 1977, 1976, 1975, 1974, 1973, 1972, 1971]}, {"col": "c1_maximum_parsed", "type": "INTEGER", "data": [2014, 2013, 2012, 2011, 2010, 2009, 2008, 2007, 2006, 2005, 2004, 2003, 2002, 2001, 1900, 1999, 1998, 1997, 1996, 1995, 1994, 1993, 1992, 1991, 1990, 1989, 1988, 1987, 1986, 1985, 1984, 1983, 1982, 1981, 1980, 1979, 1978, 1977, 1976, 1975, 1974, 1973, 1972, 1971]}, {"col": "c1_maximum_year", "type": "INTEGER", "data": [2014, 2013, 2012, 2011, 2010, 2009, 2008, 2007, 2006, 2005, 2004, 2003, 2002, 2001, 1900, 1999, 1998, 1997, 1996, 1995, 1994, 1993, 1992, 1991, 1990, 1989, 1988, 1987, 1986, 1985, 1984, 1983, 1982, 1981, 1980, 1979, 1978, 1977, 1976, 1975, 1974, 1973, 1972, 1971]}], [{"col": "c2", "type": "TEXT", "data": ["mount leinster rangers", "kilcormac/killoughey", "coolderry", "o'loughlin gaels", "ballyhale shamrocks", "ballyhale shamrocks", "birr", "ballyhale shamrocks", "james stephens", "james stephens", "o'loughlin gaels", "birr", "birr", "graigue-ballycallan", "birr", "rathnure", "birr", "camross", "glenmore", "birr", "st. rynagh's", "buffer's alley", "birr", "glenmore", "ballyhale shamrocks", "buffer's alley", "rathnure", "rathnure", "buffer's alley", "st. martin's", "ballyhale shamrocks", "st. rynagh's", "james stephens", "ballyhale shamrocks", "crumlin", "ballyhale shamrocks", "rathnure", "camross", "james stephens", "the fenians", "rathnure", "st. rynagh's", "rathnure", "st. rynagh's"]}], [{"col": "c3", "type": "TEXT", "data": ["0-11", "1-12", "1-15", "0-14", "1-16", "2-13", "1-11", "1-20", "2-13", "1-13", "0-15", "2-05", "0-10; 2-10", "0-14", "1-16", "1-13", "0-11", "1-12", "2-13", "3-07", "1-14", "2-13", "2-14", "0-15", "2-11", "1-12", "3-08", "2-16", "3-09", "2-11", "3-06", "1-16", "0-13", "3-10", "3-05", "1-13", "0-16", "3-09", "1-14", "2-06", "1-18", "5-05", "2-12", "4-10"]}, {"col": "c3_list", "type": "LIST TEXT", "data": [["0-11"], ["1-12"], ["1-15"], ["0-14"], ["1-16"], ["2-13"], ["1-11"], ["1-20"], ["2-13"], ["1-13"], ["0-15"], ["2-05"], ["0-10", "2-10"], ["0-14"], ["1-16"], ["1-13"], ["0-11"], ["1-12"], ["2-13"], ["3-07"], ["1-14"], ["2-13"], ["2-14"], ["0-15"], ["2-11"], ["1-12"], ["3-08"], ["2-16"], ["3-09"], ["2-11"], ["3-06"], ["1-16"], ["0-13"], ["3-10"], ["3-05"], ["1-13"], ["0-16"], ["3-09"], ["1-14"], ["2-06"], ["1-18"], ["5-05"], ["2-12"], ["4-10"]]}, {"col": "c3_length", "type": "INTEGER", "data": [1, 1, 1, 1, 1, 1, 1, 1, 1, 1, 1, 1, 2, 1, 1, 1, 1, 1, 1, 1, 1, 1, 1, 1, 1, 1, 1, 1, 1, 1, 1, 1, 1, 1, 1, 1, 1, 1, 1, 1, 1, 1, 1, 1]}, {"col": "c3_list_number", "type": "LIST INTEGER", "data": [[0], [1], [1], [0], [1], [2], [1], [1], [2], [1], [0], [2], [0, 2], [0], [1], [1], [0], [1], [2], [3], [1], [2], [2], [0], [2], [1], [3], [2], [3], [2], [3], [1], [0], [3], [3], [1], [0], [3], [1], [2], [1], [5], [2], [4]]}, {"col": "c3_list_number1", "type": "LIST INTEGER", "data": [[0], [1], [1], [0], [1], [2], [1], [1], [2], [1], [0], [2], [0, 2], [0], [1], [1], [0], [1], [2], [3], [1], [2], [2], [0], [2], [1], [3], [2], [3], [2], [3], [1], [0], [3], [3], [1], [0], [3], [1], [2], [1], [5], [2], [4]]}, {"col": "c3_list_number2", "type": "LIST INTEGER", "data": [[11], [12], [15], [14], [16], [13], [11], [20], [13], [13], [15], [5], [10, 10], [14], [16], [13], [11], [12], [13], [7], [14], [13], [14], [15], [11], [12], [8], [16], [9], [11], [6], [16], [13], [10], [5], [13], [16], [9], [14], [6], [18], [5], [12], [10]]}], [{"col": "c4", "type": "TEXT", "data": ["carlow", "offaly", "offaly", "kilkenny", "kilkenny", "kilkenny", "offaly", "kilkenny", "kilkenny", "kilkenny", "kilkenny", "offaly", "offaly", "kilkenny", "offaly", "wexford", "offaly", "laois", "kilkenny", "offaly", "offaly", "wexford", "offaly", "kilkenny", "kilkenny", "wexford", "wexford", "wexford", "wexford", "kilkenny", "kilkenny", "offaly", "kilkenny", "kilkenny", "dublin", "kilkenny", "wexford", "laois", "kilkenny", "kilkenny", "wexford", "offaly", "wexford", "offaly"]}], [{"col": "c5", "type": "TEXT", "data": ["oulart-the-ballagh", "oulart-the-ballagh", "oulart-the-ballagh", "oulart-the-ballagh", "tullamore", "birr", "ballyboden st endas", "birr", "ucd", "ucd", "birr", "gowran", "castletown", "ucd", "castletown", "portlaoise", "castletown", "o'toole's", "oulart-the-ballagh", "oulart-the-ballagh", "dicksboro", "st. rynagh's", "ballyhale shamrocks", "camross", "cuala", "ballyhale shamrocks", "portlaoise", "camross", "kinnitty", "kinnitty", "kinnitty", "buffer's alley", "faythe harriers", "coolderry", "camross", "crumlin", "the fenians", "james stephens", "st. rynagh's", "st. rynagh's", "st. rynagh's", "rathnure", "bennettsbridge", "rathnure"]}], [{"col": "c6", "type": "TEXT", "data": ["0-08", "0-11", "1-11", "1-08", "1-08", "1-11", "0-13", "1-08", "1-12", "1-12", "0-09", "1-02", "1-07; 0-05", "1-08", "0-11", "1-06", "0-05", "2-05", "2-10", "2-05", "2-10", "0-13", "0-03", "1-09", "0-07", "1-09", "1-13", "3-09", "0-07", "0-12", "0-09", "2-10", "1-09", "1-08", "0-11", "1-06", "1-10", "1-14", "2-04", "1-06", "2-09", "2-13", "1-08", "2-09"]}, {"col": "c6_list", "type": "LIST TEXT", "data": [["0-08"], ["0-11"], ["1-11"], ["1-08"], ["1-08"], ["1-11"], ["0-13"], ["1-08"], ["1-12"], ["1-12"], ["0-09"], ["1-02"], ["1-07", "0-05"], ["1-08"], ["0-11"], ["1-06"], ["0-05"], ["2-05"], ["2-10"], ["2-05"], ["2-10"], ["0-13"], ["0-03"], ["1-09"], ["0-07"], ["1-09"], ["1-13"], ["3-09"], ["0-07"], ["0-12"], ["0-09"], ["2-10"], ["1-09"], ["1-08"], ["0-11"], ["1-06"], ["1-10"], ["1-14"], ["2-04"], ["1-06"], ["2-09"], ["2-13"], ["1-08"], ["2-09"]]}, {"col": "c6_length", "type": "INTEGER", "data": [1, 1, 1, 1, 1, 1, 1, 1, 1, 1, 1, 1, 2, 1, 1, 1, 1, 1, 1, 1, 1, 1, 1, 1, 1, 1, 1, 1, 1, 1, 1, 1, 1, 1, 1, 1, 1, 1, 1, 1, 1, 1, 1, 1]}, {"col": "c6_list_number", "type": "LIST INTEGER", "data": [[0], [0], [1], [1], [1], [1], [0], [1], [1], [1], [0], [1], [1, 0], [1], [0], [1], [0], [2], [2], [2], [2], [0], [0], [1], [0], [1], [1], [3], [0], [0], [0], [2], [1], [1], [0], [1], [1], [1], [2], [1], [2], [2], [1], [2]]}, {"col": "c6_list_number1", "type": "LIST INTEGER", "data": [[0], [0], [1], [1], [1], [1], [0], [1], [1], [1], [0], [1], [1, 0], [1], [0], [1], [0], [2], [2], [2], [2], [0], [0], [1], [0], [1], [1], [3], [0], [0], [0], [2], [1], [1], [0], [1], [1], [1], [2], [1], [2], [2], [1], [2]]}, {"col": "c6_list_number2", "type": "LIST INTEGER", "data": [[8], [11], [11], [8], [8], [11], [13], [8], [12], [12], [9], [2], [7, 5], [8], [11], [6], [5], [5], [10], [5], [10], [13], [3], [9], [7], [9], [13], [9], [7], [12], [9], [10], [9], [8], [11], [6], [10], [14], [4], [6], [9], [13], [8], [9]]}], [{"col": "c7", "type": "TEXT", "data": ["wexford", "wexford", "wexford", "wexford", "offaly", "offaly", "dublin", "offaly", "dublin", "dublin", "offaly", "kilkenny", "laois", "dublin", "laois", "laois", "laois", "dublin", "wexford", "wexford", "kilkenny", "offaly", "kilkenny", "laois", "dublin", "kilkenny", "laois", "laois", "offaly", "offaly", "offaly", "wexford", "wexford", "offaly", "laois", "dublin", "kilkenny", "kilkenny", "offaly", "offaly", "offaly", "wexford", "kilkenny", "wexford"]}]], "is_list": {"id": false, "agg": false, "c1": false, "c1_minimum_number": false, "c1_minimum_parsed": false, "c1_minimum_year": false, "c1_maximum_number": false, "c1_maximum_parsed": false, "c1_maximum_year": false, "c2": false, "c3": false, "c3_list": true, "c3_length": false, "c3_list_number": true, "c3_list_number1": true, "c3_list_number2": true, "c4": false, "c5": false, "c6": false, "c6_list": true, "c6_length": false, "c6_list_number": true, "c6_list_number1": true, "c6_list_number2": true, "c7": false}}