{"headers": ["id", "agg", "administrative\narea", "area\nkm2", "area\nsq mi", "population", "administrative\ncentre"], "types": ["id", "agg", "text", "number", "number", "number", "text"], "contents": [[{"col": "id", "type": "INTEGER", "data": [1, 2, 3, 4, 5, 6, 7, 8]}], [{"col": "agg", "type": "INTEGER", "data": ["0", "0", "0", "0", "0", "0", "0", "1"]}], [{"col": "c1", "type": "TEXT", "data": ["saint helena", "ascension island", "tristan da cunha", "tristan da cunha", "inaccessible island", "nightingale island", "gough island", "total"]}], [{"col": "c2", "type": "TEXT", "data": ["122", "91", "184", "98", "14", "3.2", "68", "397"]}, {"col": "c2_number", "type": "REAL", "data": [122.0, 91.0, 184.0, 98.0, 14.0, 3.2, 68.0, 397.0]}], [{"col": "c3", "type": "TEXT", "data": ["47", "35", "71", "38", "5", "1", "26", "153"]}, {"col": "c3_number", "type": "REAL", "data": [47.0, 35.0, 71.0, 38.0, 5.0, 1.0, 26.0, 153.0]}], [{"col": "c4", "type": "TEXT", "data": ["5809", "1532", "388", "382", "0", "0", "6", "7729"]}, {"col": "c4_number", "type": "REAL", "data": [5809.0, 1532, 388.0, 382.0, 0.0, 0.0, 6.0, 7729.0]}], [{"col": "c5", "type": "TEXT", "data": ["jamestown", "georgetown", "edinburgh of the seven seas", "edinburgh of the seven seas", "denstone hut", "west landing", "transvaal bay", "jamestown"]}]], "is_list": {"id": false, "agg": false, "c1": false, "c2": false, "c2_number": false, "c3": false, "c3_number": false, "c4": false, "c4_number": false, "c5": false}}