{"headers": ["id", "agg", "season", "competition", "round", "club", "home", "away", "aggregate"], "types": ["id", "agg", "timespan", "text", "text", "text", "score(text)", "score", "score"], "contents": [[{"col": "id", "type": "INTEGER", "data": [1, 2, 3, 4, 5, 6, 7]}], [{"col": "agg", "type": "INTEGER", "data": [0, 0, 0, 0, 0, 0, 0]}], [{"col": "c1", "type": "TEXT", "data": ["2010-11", "2011-12", "2011-12", "2011-12", "2011-12", "2012-13", "2012-13"]}, {"col": "c1_minimum_number", "type": "INTEGER", "data": [2010, 2011, 2011, 2011, 2011, 2012, 2012]}, {"col": "c1_minimum_parsed", "type": "INTEGER", "data": [2010, 2011, 2011, 2011, 2011, 2012, 2012]}, {"col": "c1_minimum_year", "type": "INTEGER", "data": [2010, 2011, 2011, 2011, 2011, 2012, 2012]}, {"col": "c1_maximum_number", "type": "INTEGER", "data": [2011, 2012, 2012, 2012, 2012, 2013, 2013]}, {"col": "c1_maximum_parsed", "type": "INTEGER", "data": [2011, 2012, 2012, 2012, 2012, 2013, 2013]}, {"col": "c1_maximum_year", "type": "INTEGER", "data": [2011, 2012, 2012, 2012, 2012, 2013, 2013]}], [{"col": "c2", "type": "TEXT", "data": ["uefa europa league", "uefa europa league", "uefa europa league", "uefa europa league", "uefa europa league", "uefa europa league", "uefa europa league"]}], [{"col": "c3", "type": "TEXT", "data": ["q3", "q1", "q2", "q3", "play-off", "q2", "q3"]}], [{"col": "c4", "type": "TEXT", "data": ["motherwell", "neath", "ferencvaros", "elfsborg", "az", "tirana", "apoel"]}], [{"col": "c5", "type": "TEXT", "data": ["1-1", "4-1", "3-1(aet)", "4-0", "2-1", "5-0", "0-1"]}, {"col": "c5_first", "type": "TEXT", "data": ["1-1", "4-1", "3-1", "4-0", "2-1", "5-0", "0-1"]}, {"col": "c5_second", "type": "TEXT", "data": [null, null, "aet", null, null, null, null]}, {"col": "c5_first_number", "type": "INTEGER", "data": [1, 4, 3, 4, 2, 5, 0]}, {"col": "c5_first_number1", "type": "INTEGER", "data": [1, 4, 3, 4, 2, 5, 0]}, {"col": "c5_first_number2", "type": "INTEGER", "data": [1, 1, 1, 0, 1, 0, 1]}], [{"col": "c6", "type": "TEXT", "data": ["0-3", "2-0", "1-2", "1-1", "0-6", "1-1", "1-2"]}, {"col": "c6_number", "type": "INTEGER", "data": [0, 2, 1, 1, 0, 1, 1]}, {"col": "c6_number1", "type": "INTEGER", "data": [0, 2, 1, 1, 0, 1, 1]}, {"col": "c6_number2", "type": "INTEGER", "data": [3, 0, 2, 1, 6, 1, 2]}], [{"col": "c7", "type": "TEXT", "data": ["1-4", "6-1", "4-3", "5-1", "2-7", "6-1", "1-3"]}, {"col": "c7_number", "type": "INTEGER", "data": [1, 6, 4, 5, 2, 6, 1]}, {"col": "c7_number1", "type": "INTEGER", "data": [1, 6, 4, 5, 2, 6, 1]}, {"col": "c7_number2", "type": "INTEGER", "data": [4, 1, 3, 1, 7, 1, 3]}]], "is_list": {"id": false, "agg": false, "c1": false, "c1_minimum_number": false, "c1_minimum_parsed": false, "c1_minimum_year": false, "c1_maximum_number": false, "c1_maximum_parsed": false, "c1_maximum_year": false, "c2": false, "c3": false, "c4": false, "c5": false, "c5_first": false, "c5_second": false, "c5_first_number": false, "c5_first_number1": false, "c5_first_number2": false, "c6": false, "c6_number": false, "c6_number1": false, "c6_number2": false, "c7": false, "c7_number": false, "c7_number1": false, "c7_number2": false}}