{"headers": ["id", "agg", "date", "opponent", "score", "top scorer (total points)", "venue (location)"], "types": ["id", "agg", "date", "text", "score", "text(unitnum)", "text(text)"], "contents": [[{"col": "id", "type": "INTEGER", "data": [1, 2, 3, 4, 5, 6, 7, 8, 9, 10]}], [{"col": "agg", "type": "INTEGER", "data": [0, 0, 0, 0, 0, 0, 0, 0, 0, 0]}], [{"col": "c1", "type": "TEXT", "data": ["february 17 governor's cup", "april 21", "july 6 commissioner's cup", "july 13", "july 18", "august 1", "november 6 all-filipino cup", "november 15", "november 27", "december 4"]}, {"col": "c1_number", "type": "INTEGER", "data": [17, 21, 6, 13, 18, 1, 6, 15, 27, 4]}, {"col": "c1_parsed", "type": "TEXT", "data": ["xxxx-02-17", "xxxx-04-21", "xxxx-07-06", "xxxx-07-13", "xxxx-07-18", "xxxx-08-01", "xxxx-11-06", "xxxx-11-15", "xxxx-11-27", "xxxx-12-04"]}, {"col": "c1_year", "type": "INTEGER", "data": [-1, -1, -1, -1, -1, -1, -1, -1, -1, -1]}, {"col": "c1_month", "type": "INTEGER", "data": [2, 4, 7, 7, 7, 8, 11, 11, 11, 12]}, {"col": "c1_day", "type": "INTEGER", "data": [17, 21, 6, 13, 18, 1, 6, 15, 27, 4]}], [{"col": "c2", "type": "TEXT", "data": ["coca cola", "sta.lucia", "red bull", "alaska", "rp-selecta", "brgy.ginebra", "talk 'n text", "brgy.ginebra", "fedex", "purefoods"]}], [{"col": "c3", "type": "TEXT", "data": ["90-82", "95-76", "82-81", "78-76", "61-57", "72-71", "67-64", "71-65", "76-75", "77-71"]}, {"col": "c3_number", "type": "INTEGER", "data": [90, 95, 82, 78, 61, 72, 67, 71, 76, 77]}, {"col": "c3_number1", "type": "INTEGER", "data": [90, 95, 82, 78, 61, 72, 67, 71, 76, 77]}, {"col": "c3_number2", "type": "INTEGER", "data": [82, 76, 81, 76, 57, 71, 64, 65, 75, 71]}], [{"col": "c4", "type": "TEXT", "data": ["askia jones (29 pts)", "askia jones (41 pts)", null, "george banks (27 pts)", null, "johnny jackson (25 pts)", "chris calaguio (31 pts)", null, "mike hrabak (24 pts)", "dale singson (30 pts)"]}, {"col": "c4_first", "type": "TEXT", "data": ["askia jones", "askia jones", null, "george banks", null, "johnny jackson", "chris calaguio", null, "mike hrabak", "dale singson"]}, {"col": "c4_second", "type": "TEXT", "data": ["29 pts", "41 pts", null, "27 pts", null, "25 pts", "31 pts", null, "24 pts", "30 pts"]}, {"col": "c4_second_number", "type": "REAL", "data": [29.0, 41.0, null, 27.0, null, 25.0, 31.0, null, 24.0, 30.0]}], [{"col": "c5", "type": "TEXT", "data": ["araneta coliseum", "araneta coliseum", "araneta coliseum", "cuneta astrodome", "caruncho gym (pasig city)", "philsports arena", "cuneta astrodome", "ynares center", "philsports arena", "philsports arena"]}, {"col": "c5_first", "type": "TEXT", "data": ["araneta coliseum", "araneta coliseum", "araneta coliseum", "cuneta astrodome", "caruncho gym", "philsports arena", "cuneta astrodome", "ynares center", "philsports arena", "philsports arena"]}, {"col": "c5_second", "type": "TEXT", "data": [null, null, null, null, "pasig city", null, null, null, null, null]}]], "is_list": {"id": false, "agg": false, "c1": false, "c1_number": false, "c1_parsed": false, "c1_year": false, "c1_month": false, "c1_day": false, "c2": false, "c3": false, "c3_number": false, "c3_number1": false, "c3_number2": false, "c4": false, "c4_first": false, "c4_second": false, "c4_second_number": false, "c5": false, "c5_first": false, "c5_second": false}}