{"headers": ["id", "agg", "year", "team", "games", "attempts", "yards", "ypc", "long", "tds"], "types": ["id", "agg", "number", "text", "number", "number", "number", "number", "number", "number"], "contents": [[{"col": "id", "type": "INTEGER", "data": [1, 2, 3, 4, 5, 6, 7, 8, 9, 10, 11, 12, 13]}], [{"col": "agg", "type": "INTEGER", "data": ["0", "0", "0", "0", "0", "0", "0", "0", "0", "0", "0", "0", "1"]}], [{"col": "c1", "type": "TEXT", "data": ["1983", "1984", "1985", "1986", "1987", "1987", "1988", "1989", "1990", "1991", "1992", "1993", "career"]}, {"col": "c1_number", "type": "INTEGER", "data": [1983, 1984, 1985, 1986, 1987, 1987, 1988, 1989, 1990, 1991, 1992, 1993, null]}], [{"col": "c2", "type": "TEXT", "data": ["los angeles rams", "los angeles rams", "los angeles rams", "los angeles rams", "los angeles rams", "indianapolis colts", "indianapolis colts", "indianapolis colts", "indianapolis colts", "indianapolis colts", "los angeles raiders", "atlanta falcons", null]}], [{"col": "c3", "type": "TEXT", "data": ["16", "16", "14", "16", "3", "9", "16", "15", "11", "10", "16", "4", "146"]}, {"col": "c3_number", "type": "REAL", "data": [16.0, 16.0, 14.0, 16.0, 3.0, 9.0, 16.0, 15.0, 11.0, 10.0, 16.0, 4.0, 146.0]}], [{"col": "c4", "type": "TEXT", "data": ["390", "379", "292", "404", "60", "223", "388", "314", "166", "167", "187", "26", "2996"]}, {"col": "c4_number", "type": "REAL", "data": [390.0, 379.0, 292.0, 404.0, 60.0, 223.0, 388.0, 314.0, 166.0, 167.0, 187.0, 26.0, 2996]}], [{"col": "c5", "type": "TEXT", "data": ["1808", "2105", "1234", "1821", "277", "1011", "1659", "1311", "677", "536", "729", "91", "13259"]}, {"col": "c5_number", "type": "REAL", "data": [1808, 2105, 1234, 1821, 277.0, 1011, 1659, 1311, 677.0, 536.0, 729.0, 91.0, 13259.0]}], [{"col": "c6", "type": "TEXT", "data": ["4.6", "5.6", "4.2", "4.5", "4.6", "4.5", "4.3", "4.2", "4.1", "3.2", "3.9", "3.5", "4.4"]}, {"col": "c6_number", "type": "REAL", "data": [4.6, 5.6, 4.2, 4.5, 4.6, 4.5, 4.3, 4.2, 4.1, 3.2, 3.9, 3.5, 4.4]}], [{"col": "c7", "type": "TEXT", "data": ["85", "66", "43", "42", "57", "53", "41", "21", "43", "28", "40", "10", "85"]}, {"col": "c7_number", "type": "REAL", "data": [85.0, 66.0, 43.0, 42.0, 57.0, 53.0, 41.0, 21.0, 43.0, 28.0, 40.0, 10.0, 85.0]}], [{"col": "c8", "type": "TEXT", "data": ["18", "14", "12", "11", "1", "5", "14", "7", "4", "2", "2", "0", "90"]}, {"col": "c8_number", "type": "REAL", "data": [18.0, 14.0, 12.0, 11.0, 1.0, 5.0, 14.0, 7.0, 4.0, 2.0, 2.0, 0.0, 90.0]}]], "is_list": {"id": false, "agg": false, "c1": false, "c1_number": false, "c2": false, "c3": false, "c3_number": false, "c4": false, "c4_number": false, "c5": false, "c5_number": false, "c6": false, "c6_number": false, "c7": false, "c7_number": false, "c8": false, "c8_number": false}}