{"headers": ["id", "agg", "school year", "class a", "class aa", "class aaa", "class aaaa", "class aaaaa"], "types": ["id", "agg", "timespan", "text", "text", "text", "text", "text"], "contents": [[{"col": "id", "type": "INTEGER", "data": [1, 2, 3, 4, 5, 6, 7, 8, 9, 10, 11, 12, 13, 14, 15]}], [{"col": "agg", "type": "INTEGER", "data": [0, 0, 0, 0, 0, 0, 0, 0, 0, 0, 0, 0, 0, 0, 0]}], [{"col": "c1", "type": "TEXT", "data": ["1994-95", "1995-96", "1996-97", "1997-98", "1998-99", "1999-2000", "2000-01", "2001-02", "2002-03", "2003-04", "2004-05", "2005-06", "2006-07", "2007-08", "2008-09"]}, {"col": "c1_minimum_number", "type": "INTEGER", "data": [1994, 1995, 1996, 1997, 1998, 1999, 2000, 2001, 2002, 2003, 2004, 2005, 2006, 2007, 2008]}, {"col": "c1_minimum_parsed", "type": "TEXT", "data": [1994, 1995, 1996, 1997, 1998, "1999", 2000, 2001, 2002, 2003, 2004, 2005, 2006, 2007, 2008]}, {"col": "c1_minimum_year", "type": "INTEGER", "data": [1994, 1995, 1996, 1997, 1998, 1999, 2000, 2001, 2002, 2003, 2004, 2005, 2006, 2007, 2008]}, {"col": "c1_maximum_number", "type": "INTEGER", "data": [1995, 1996, 1997, 1998, 1999, 2000, 2001, 2002, 2003, 2004, 2005, 2006, 2007, 2008, 2009]}, {"col": "c1_maximum_parsed", "type": "TEXT", "data": [1995, 1996, 1997, 1998, 1999, "2000", 2001, 2002, 2003, 2004, 2005, 2006, 2007, 2008, 2009]}, {"col": "c1_maximum_year", "type": "INTEGER", "data": [1995, 1996, 1997, 1998, 1999, 2000, 2001, 2002, 2003, 2004, 2005, 2006, 2007, 2008, 2009]}], [{"col": "c2", "type": "TEXT", "data": ["menard", "era", "sulphur bluff", "westbrook", "graford", "garden city", "granger", "lazbuddie", "rocksprings", "lazbuddie", "loop", "wellington", "springlake-earth", "springlake-earth", "garden city"]}], [{"col": "c3", "type": "TEXT", "data": ["van alstyne", "coahoma", "marion", "edgewood", "lindsay", "keene", "edgewood", "edgewood", "rosebud-lott", "wall", "mount pleasant chapel hill", "centerville", "crawford", "grandview", "shelbyville"]}], [{"col": "c4", "type": "TEXT", "data": ["cameron yoe", "colorado city", "colorado city", "perryton", "hamshire-fannett", "giddings", "midland greenwood", "giddings", "pearsall", "hamshire-fannett", "llano", "hamshire-fannett", "princeton", "hamshire-fannett", "lubbock-cooper"]}], [{"col": "c5", "type": "TEXT", "data": ["wichita falls", "livingston", "snyder", "san angelo lake view", "brownwood", "friendswood", "friendswood", "friendswood", "harlingen south", "friendswood", "sherman", "brownwood", "friendswood", "sherman", "friendswood"]}], [{"col": "c6", "type": "TEXT", "data": ["weslaco", "duncanville", "duncanville", "flower mound marcus", "weslaco", "college station a&m consolidated", "college station a&m consolidated", "pasadena dobie", "san antonio clark", "klein", "college station a&m consolidated", "abilene cooper", "college station a&m consolidated", "mission sharyland", "humble kingwood"]}]], "is_list": {"id": false, "agg": false, "c1": false, "c1_minimum_number": false, "c1_minimum_parsed": false, "c1_minimum_year": false, "c1_maximum_number": false, "c1_maximum_parsed": false, "c1_maximum_year": false, "c2": false, "c3": false, "c4": false, "c5": false, "c6": false}}