{"headers": ["id", "agg", "stage", "date", "route", "terrain", "length", "winner", "race leader"], "types": ["id", "agg", "number", "date", "text", "text", "unitnum(unitnum)", "text(text)", "text(text)"], "contents": [[{"col": "id", "type": "INTEGER", "data": [1, 2, 3, 4, 5, 6, 7, 8, 9, 10, 11, 12, 13, 14, 15, 16, 17, 18, 19, 20, 21, 22, 23, 24]}], [{"col": "agg", "type": "INTEGER", "data": [0, 0, 0, 0, 0, 0, 0, 0, 0, 0, 0, 0, 0, 0, 0, 0, 0, 0, 0, 0, 0, 0, 0, 0]}], [{"col": "c1", "type": "TEXT", "data": ["1", "2", "3", "4", "5", "6", "7", "8", "9", "10", "11", "12", "13", "14", "15", "16", "17", "18", "19", "20", "21", "22", "23", "24"]}, {"col": "c1_number", "type": "REAL", "data": [1.0, 2.0, 3.0, 4.0, 5.0, 6.0, 7.0, 8.0, 9.0, 10.0, 11.0, 12.0, 13.0, 14.0, 15.0, 16.0, 17.0, 18.0, 19.0, 20.0, 21.0, 22.0, 23.0, 24.0]}], [{"col": "c2", "type": "TEXT", "data": ["30 june", "1 july", "2 july", "3 july", "4 july", "5 july", "6 july", "7 july", "8 july", "10 july", "12 july", "13 july", "14 july", "15 july", "17 july", "18 july", "19 july", "20 july", "21 july", "22 july", "23 july", "24 july", "25 july", "26 july"]}, {"col": "c2_number", "type": "INTEGER", "data": [30, 1, 2, 3, 4, 5, 6, 7, 8, 10, 12, 13, 14, 15, 17, 18, 19, 20, 21, 22, 23, 24, 25, 26]}, {"col": "c2_parsed", "type": "TEXT", "data": ["xxxx-06-30", "xxxx-07-01", "xxxx-07-02", "xxxx-07-03", "xxxx-07-04", "xxxx-07-05", "xxxx-07-06", "xxxx-07-07", "xxxx-07-08", "xxxx-07-10", "xxxx-07-12", "xxxx-07-13", "xxxx-07-14", "xxxx-07-15", "xxxx-07-17", "xxxx-07-18", "xxxx-07-19", "xxxx-07-20", "xxxx-07-21", "xxxx-07-22", "xxxx-07-23", "xxxx-07-24", "xxxx-07-25", "xxxx-07-26"]}, {"col": "c2_year", "type": "INTEGER", "data": [-1, -1, -1, -1, -1, -1, -1, -1, -1, -1, -1, -1, -1, -1, -1, -1, -1, -1, -1, -1, -1, -1, -1, -1]}, {"col": "c2_month", "type": "INTEGER", "data": [6, 7, 7, 7, 7, 7, 7, 7, 7, 7, 7, 7, 7, 7, 7, 7, 7, 7, 7, 7, 7, 7, 7, 7]}, {"col": "c2_day", "type": "INTEGER", "data": [30, 1, 2, 3, 4, 5, 6, 7, 8, 10, 12, 13, 14, 15, 17, 18, 19, 20, 21, 22, 23, 24, 25, 26]}], [{"col": "c3", "type": "TEXT", "data": ["paris - caen", "caen - dinan", "dinan - brest", "brest - vannes", "vannes - les sables d'olonne", "les sables d'olonne - bordeaux", "bordeaux - bayonne", "bayonne - pau", "pau - luchon", "luchon - perpignan", "perpignan - montpellier", "montpellier - marseille", "marseille - cannes", "cannes - nice", "nice - gap", "gap - grenoble", "grenoble - aix-les-bains", "aix-les-bains - evian", "evian - belfort", "belfort - colmar", "colmar - metz", "metz - charleville", "charleville - malo-les-bains", "malo-les-bains - paris"]}], [{"col": "c4", "type": "TEXT", "data": ["plain stage", "plain stage", "plain stage", "plain stage", "plain stage", "plain stage", "plain stage", "plain stage", "stage with mountain(s)", "stage with mountain(s)", "plain stage", "plain stage", "plain stage", "stage with mountain(s)", "stage with mountain(s)", "stage with mountain(s)", "stage with mountain(s)", "stage with mountain(s)", "stage with mountain(s)", "stage with mountain(s)", "plain stage", "plain stage", "plain stage", "plain stage"]}], [{"col": "c5", "type": "TEXT", "data": ["208 km (129 mi)", "212 km (132 mi)", "206 km (128 mi)", "211 km (131 mi)", "202 km (126 mi)", "338 km (210 mi)", "180 km (110 mi)", "106 km (66 mi)", "231 km (144 mi)", "322 km (200 mi)", "164 km (102 mi)", "207 km (129 mi)", "181 km (112 mi)", "132 km (82 mi)", "233 km (145 mi)", "102 km (63 mi)", "230 km (140 mi)", "204 km (127 mi)", "282 km (175 mi)", "209 km (130 mi)", "192 km (119 mi)", "159 km (99 mi)", "271 km (168 mi)", "313 km (194 mi)"]}, {"col": "c5_first", "type": "TEXT", "data": ["208 km", "212 km", "206 km", "211 km", "202 km", "338 km", "180 km", "106 km", "231 km", "322 km", "164 km", "207 km", "181 km", "132 km", "233 km", "102 km", "230 km", "204 km", "282 km", "209 km", "192 km", "159 km", "271 km", "313 km"]}, {"col": "c5_second", "type": "TEXT", "data": ["129 mi", "132 mi", "128 mi", "131 mi", "126 mi", "210 mi", "110 mi", "66 mi", "144 mi", "200 mi", "102 mi", "129 mi", "112 mi", "82 mi", "145 mi", "63 mi", "140 mi", "127 mi", "175 mi", "130 mi", "119 mi", "99 mi", "168 mi", "194 mi"]}, {"col": "c5_first_number", "type": "REAL", "data": [208.0, 212.0, 206.0, 211.0, 202.0, 338.0, 180.0, 106.0, 231.0, 322.0, 164.0, 207.0, 181.0, 132.0, 233.0, 102.0, 230.0, 204.0, 282.0, 209.0, 192.0, 159.0, 271.0, 313.0]}, {"col": "c5_second_number", "type": "REAL", "data": [129.0, 132.0, 128.0, 131.0, 126.0, 210.0, 110.0, 66.0, 144.0, 200.0, 102.0, 129.0, 112.0, 82.0, 145.0, 63.0, 140.0, 127.0, 175.0, 130.0, 119.0, 99.0, 168.0, 194.0]}], [{"col": "c6", "type": "TEXT", "data": ["alfred haemerlinck (bel)", "max bulla (aut)", "fabio battesini (ita)", "andre godinat (fra)", "charles pelissier (fra)", "alfred haemerlinck (bel)", "gerard loncke (bel)", "charles pelissier (fra)", "antonin magne (fra)", "rafaele di paco (ita)", "rafaele di paco (ita)", "max bulla (aut)", "charles pelissier (fra)", "eugenio gestri (ita)", "jef demuysere (bel)", "charles pelissier (fra)", "max bulla (aut)", "jef demuysere (bel)", "rafaele di paco (ita)", "andre leducq (fra)", "rafaele di paco (ita)", "raffaele di paco (ita)", "gaston rebry (bel)", "charles pelissier (fra)"]}, {"col": "c6_first", "type": "TEXT", "data": ["alfred haemerlinck", "max bulla", "fabio battesini", "andre godinat", "charles pelissier", "alfred haemerlinck", "gerard loncke", "charles pelissier", "antonin magne", "rafaele di paco", "rafaele di paco", "max bulla", "charles pelissier", "eugenio gestri", "jef demuysere", "charles pelissier", "max bulla", "jef demuysere", "rafaele di paco", "andre leducq", "rafaele di paco", "raffaele di paco", "gaston rebry", "charles pelissier"]}, {"col": "c6_second", "type": "TEXT", "data": ["bel", "aut", "ita", "fra", "fra", "bel", "bel", "fra", "fra", "ita", "ita", "aut", "fra", "ita", "bel", "fra", "aut", "bel", "ita", "fra", "ita", "ita", "bel", "fra"]}], [{"col": "c7", "type": "TEXT", "data": ["alfred haemerlinck (bel)", "max bulla (aut)", "leon le calvez (fra)", "rafaele di paco (ita)", "charles pelissier (fra)\nrafaele di paco (ita)", "rafaele di paco (ita)", "rafaele di paco (ita)", "charles pelissier (fra)", "antonin magne (fra)", "antonin magne (fra)", "antonin magne (fra)", "antonin magne (fra)", "antonin magne (fra)", "antonin magne (fra)", "antonin magne (fra)", "antonin magne (fra)", "antonin magne (fra)", "antonin magne (fra)", "antonin magne (fra)", "antonin magne (fra)", "antonin magne (fra)", "antonin magne (fra)", "antonin magne (fra)", "antonin magne (fra)"]}, {"col": "c7_first", "type": "TEXT", "data": ["alfred haemerlinck", "max bulla", "leon le calvez", "rafaele di paco", "charl", "rafaele di paco", "rafaele di paco", "charles pelissier", "antonin magne", "antonin magne", "antonin magne", "antonin magne", "antonin magne", "antonin magne", "antonin magne", "antonin magne", "antonin magne", "antonin magne", "antonin magne", "antonin magne", "antonin magne", "antonin magne", "antonin magne", "antonin magne"]}, {"col": "c7_second", "type": "TEXT", "data": ["bel", "aut", "fra", "ita", "ita", "ita", "ita", "fra", "fra", "fra", "fra", "fra", "fra", "fra", "fra", "fra", "fra", "fra", "fra", "fra", "fra", "fra", "fra", "fra"]}]], "is_list": {"id": false, "agg": false, "c1": false, "c1_number": false, "c2": false, "c2_number": false, "c2_parsed": false, "c2_year": false, "c2_month": false, "c2_day": false, "c3": false, "c4": false, "c5": false, "c5_first": false, "c5_second": false, "c5_first_number": false, "c5_second_number": false, "c6": false, "c6_first": false, "c6_second": false, "c7": false, "c7_first": false, "c7_second": false}}