{"headers": ["id", "agg", "season", "series", "team", "races", "wins", "poles", "f/lap", "podiums", "points", "position"], "types": ["id", "agg", "timespan", "text", "text", "number", "number", "number", "number", "number", "number", "rank"], "contents": [[{"col": "id", "type": "INTEGER", "data": [1, 2, 3, 4, 5, 6, 7, 8, 9, 10, 11]}], [{"col": "agg", "type": "INTEGER", "data": [0, 0, 0, 0, 0, 0, 0, 0, 0, 0, 0]}], [{"col": "c1", "type": "TEXT", "data": ["2009", "2010", "2011", "2011", "2012", "2012", "2012-13", "2013", "2013", "2013", "2013"]}, {"col": "c1_minimum_number", "type": "INTEGER", "data": [2009, 2010, 2011, 2011, 2012, 2012, 2012, 2013, 2013, 2013, 2013]}, {"col": "c1_minimum_parsed", "type": "TEXT", "data": ["2009", "2010", "2011", "2011", "2012", "2012", 2012, "2013", "2013", "2013", "2013"]}, {"col": "c1_minimum_year", "type": "INTEGER", "data": [2009, 2010, 2011, 2011, 2012, 2012, 2012, 2013, 2013, 2013, 2013]}, {"col": "c1_maximum_number", "type": "INTEGER", "data": [2009, 2010, 2011, 2011, 2012, 2012, 2013, 2013, 2013, 2013, 2013]}, {"col": "c1_maximum_parsed", "type": "TEXT", "data": ["2009", "2010", "2011", "2011", "2012", "2012", 2013, "2013", "2013", "2013", "2013"]}, {"col": "c1_maximum_year", "type": "INTEGER", "data": [2009, 2010, 2011, 2011, 2012, 2012, 2013, 2013, 2013, 2013, 2013]}], [{"col": "c2", "type": "TEXT", "data": ["star mazda championship", "star mazda championship", "indy lights", "gp3 series", "gp3 series", "masters of formula 3", "mrf challenge formula 2000", "gp2 series", "gp3 series", "indycar series", "indy lights"]}], [{"col": "c3", "type": "TEXT", "data": ["andersen racing", "juncos racing", "sam schmidt motorsports", "carlin motorsport", "lotus gp", "double r racing", "mrf challenge", "hilmer motorsport", "art grand prix", "a.j. foyt enterprises", "team moore racing"]}], [{"col": "c4", "type": "TEXT", "data": ["13", "13", "5", "16", "16", "1", "10", "2", "16", "1", "1"]}, {"col": "c4_number", "type": "REAL", "data": [13.0, 13.0, 5.0, 16.0, 16.0, 1.0, 10.0, 2.0, 16.0, 1.0, 1.0]}], [{"col": "c5", "type": "TEXT", "data": ["1", "7", "1", "0", "1", "0", "4", "0", "1", "0", "0"]}, {"col": "c5_number", "type": "REAL", "data": [1.0, 7.0, 1.0, 0.0, 1.0, 0.0, 4.0, 0.0, 1.0, 0.0, 0.0]}], [{"col": "c6", "type": "TEXT", "data": ["1", "9", "1", "0", "0", "0", "0", "0", "1", "0", "0"]}, {"col": "c6_number", "type": "REAL", "data": [1.0, 9.0, 1.0, 0.0, 0.0, 0.0, 0.0, 0.0, 1.0, 0.0, 0.0]}], [{"col": "c7", "type": "TEXT", "data": ["3", "7", "2", "0", "0", "0", "1", "0", "1", "0", "0"]}, {"col": "c7_number", "type": "REAL", "data": [3.0, 7.0, 2.0, 0.0, 0.0, 0.0, 1.0, 0.0, 1.0, 0.0, 0.0]}], [{"col": "c8", "type": "TEXT", "data": ["6", "12", "2", "0", "5", "0", "6", "0", "6", "0", "1"]}, {"col": "c8_number", "type": "REAL", "data": [6.0, 12.0, 2.0, 0.0, 5.0, 0.0, 6.0, 0.0, 6.0, 0.0, 1.0]}], [{"col": "c9", "type": "TEXT", "data": ["416", "539", "145", "10", "106", null, "164", "2", "126", "11", "35"]}, {"col": "c9_number", "type": "REAL", "data": [416.0, 539.0, 145.0, 10.0, 106.0, null, 164.0, 2.0, 126.0, 11.0, 35.0]}], [{"col": "c10", "type": "TEXT", "data": ["3rd", "1st", "13th", "17th", "6th", "15th", "1st", "26th", "3rd", "34th", "13th"]}, {"col": "c10_number", "type": "REAL", "data": [3.0, 1.0, 13.0, 17.0, 6.0, 15.0, 1.0, 26.0, 3.0, 34.0, 13.0]}]], "is_list": {"id": false, "agg": false, "c1": false, "c1_minimum_number": false, "c1_minimum_parsed": false, "c1_minimum_year": false, "c1_maximum_number": false, "c1_maximum_parsed": false, "c1_maximum_year": false, "c2": false, "c3": false, "c4": false, "c4_number": false, "c5": false, "c5_number": false, "c6": false, "c6_number": false, "c7": false, "c7_number": false, "c8": false, "c8_number": false, "c9": false, "c9_number": false, "c10": false, "c10_number": false}}