{"headers": ["id", "agg", "rank", "nation", "gold", "silver", "bronze", "total"], "types": ["id", "agg", "number", "text", "number", "number", "number", "number"], "contents": [[{"col": "id", "type": "INTEGER", "data": [1, 2, 3, 4, 5, 6, 7, 8, 9]}], [{"col": "agg", "type": "INTEGER", "data": ["0", "0", "0", "0", "0", "0", "0", "0", "1"]}], [{"col": "c1", "type": "TEXT", "data": ["1", "2", "3", "4", "5", "5", "7", "8", "totaal"]}, {"col": "c1_number", "type": "REAL", "data": [1.0, 2.0, 3.0, 4.0, 5.0, 5.0, 7.0, 8.0, null]}], [{"col": "c2", "type": "TEXT", "data": ["france", "greece", "yugoslavia", "spain", "morocco", "turkey", "egypt", "tunisia", "totaal"]}], [{"col": "c3", "type": "TEXT", "data": ["11", "6", "3", "1", "1", "1", "0", "0", "23"]}, {"col": "c3_number", "type": "REAL", "data": [11.0, 6.0, 3.0, 1.0, 1.0, 1.0, 0.0, 0.0, 23.0]}], [{"col": "c4", "type": "TEXT", "data": ["5", "7", "2", "5", "1", "1", "1", "1", "23"]}, {"col": "c4_number", "type": "REAL", "data": [5.0, 7.0, 2.0, 5.0, 1.0, 1.0, 1.0, 1.0, 23.0]}], [{"col": "c5", "type": "TEXT", "data": ["3", "6", "1", "5", "0", "0", "7", "0", "22"]}, {"col": "c5_number", "type": "REAL", "data": [3.0, 6.0, 1.0, 5.0, 0.0, 0.0, 7.0, 0.0, 22.0]}], [{"col": "c6", "type": "TEXT", "data": ["19", "19", "6", "11", "2", "2", "8", "1", "68"]}, {"col": "c6_number", "type": "REAL", "data": [19.0, 19.0, 6.0, 11.0, 2.0, 2.0, 8.0, 1.0, 68.0]}]], "is_list": {"id": false, "agg": false, "c1": false, "c1_number": false, "c2": false, "c3": false, "c3_number": false, "c4": false, "c4_number": false, "c5": false, "c5_number": false, "c6": false, "c6_number": false}}