{"headers": ["id", "agg", "date", "time", "opponent", "site", "tv", "result", "attendance", "record"], "types": ["id", "agg", "date", "time", "text", "address(text)", "text", "score", "number", "score(score)"], "contents": [[{"col": "id", "type": "INTEGER", "data": [1, 2, 3, 4, 5, 6, 7, 8, 9, 10, 11, 12, 13, 14, 15, 16, 17, 18, 19, 20, 21, 22, 23, 24, 25, 26, 27, 28, 29, 30, 31, 32]}], [{"col": "agg", "type": "INTEGER", "data": [0, 0, 0, 0, 0, 0, 0, 0, 0, 0, 0, 0, 0, 0, 0, 0, 0, 0, 0, 0, 0, 0, 0, 0, 0, 0, 0, 0, 0, 0, 0, 0]}], [{"col": "c1", "type": "TEXT", "data": ["11/09/2013", "11/12/2013", "11/17/2013", "11/19/2013", "11/21/2013", "11/25/2013", "11/27/2013", "11/29/2013", "11/30/2013", "12/03/2013", "12/07/2013", "12/09/2013", "12/14/2013", "12/17/2013", "12/21/2013", "12/30/2013", "01/03/2014", "01/11/2014", "01/13/2014", "01/18/2014", "01/20/2014", "01/25/2014", "01/27/2014", "02/01/2014", "02/03/2014", "02/08/2014", "02/10/2014", "02/15/2014", "02/22/2014", "03/01/2014", "03/06/2014", "03/11/2014"]}, {"col": "c1_number", "type": "INTEGER", "data": [11, 11, 11, 11, 11, 11, 11, 11, 11, 12, 12, 12, 12, 12, 12, 12, 1, 1, 1, 1, 1, 1, 1, 2, 2, 2, 2, 2, 2, 3, 3, 3]}, {"col": "c1_parsed", "type": "TEXT", "data": ["2013-11-09", "2013-11-12", "2013-11-17", "2013-11-19", "2013-11-21", "2013-11-25", "2013-11-27", "2013-11-29", "2013-11-30", "2013-12-03", "2013-12-07", "2013-12-09", "2013-12-14", "2013-12-17", "2013-12-21", "2013-12-30", "2014-01-03", "2014-01-11", "2014-01-13", "2014-01-18", "2014-01-20", "2014-01-25", "2014-01-27", "2014-02-01", "2014-02-03", "2014-02-08", "2014-02-10", "2014-02-15", "2014-02-22", "2014-03-01", "2014-03-06", "2014-03-11"]}, {"col": "c1_year", "type": "INTEGER", "data": [2013, 2013, 2013, 2013, 2013, 2013, 2013, 2013, 2013, 2013, 2013, 2013, 2013, 2013, 2013, 2013, 2014, 2014, 2014, 2014, 2014, 2014, 2014, 2014, 2014, 2014, 2014, 2014, 2014, 2014, 2014, 2014]}, {"col": "c1_month", "type": "INTEGER", "data": [11, 11, 11, 11, 11, 11, 11, 11, 11, 12, 12, 12, 12, 12, 12, 12, 1, 1, 1, 1, 1, 1, 1, 2, 2, 2, 2, 2, 2, 3, 3, 3]}, {"col": "c1_day", "type": "INTEGER", "data": [9, 12, 17, 19, 21, 25, 27, 29, 30, 3, 7, 9, 14, 17, 21, 30, 3, 11, 13, 18, 20, 25, 27, 1, 3, 8, 10, 15, 22, 1, 6, 11]}], [{"col": "c2", "type": "TEXT", "data": ["1:00 pm", "7:00 pm", "2:00 pm", "7:00 pm", "7:00 pm", "9:00 pm", "4:00 pm", "9:00 pm", "9:00 pm", "7:00 pm", "6:00 pm", "7:00 pm", "4:00 pm", "7:00 pm", "7:00 pm", "8:00 pm", "8:00 pm", "4:00 pm", "7:30 pm", "6:00 pm", "7:30 pm", "4:00 pm", "7:30 pm", "4:00 pm", "7:30 pm", "4:00 pm", "8:00 pm", "4:00 pm", "4:00 pm", "4:00 pm", "7:30 pm", "6:30 pm"]}, {"col": "c2_number", "type": "INTEGER", "data": [1, 7, 2, 7, 7, 9, 4, 9, 9, 7, 6, 7, 4, 7, 7, 8, 8, 4, 7, 6, 7, 4, 7, 4, 7, 4, 8, 4, 4, 4, 7, 6]}, {"col": "c2_hour", "type": "INTEGER", "data": [1, 7, 2, 7, 7, 9, 4, 9, 9, 7, 6, 7, 4, 7, 7, 8, 8, 4, 7, 6, 7, 4, 7, 4, 7, 4, 8, 4, 4, 4, 7, 6]}, {"col": "c2_min", "type": "INTEGER", "data": [0, 0, 0, 0, 0, 0, 0, 0, 0, 0, 0, 0, 0, 0, 0, 0, 0, 0, 30, 0, 30, 0, 30, 0, 30, 0, 0, 0, 0, 0, 30, 30]}], [{"col": "c3", "type": "TEXT", "data": ["trinity baptist", "at south florida", "at ucf", "trinity (fl)", "fiu", "at new mexico state", "at new mexico state", "vs. prairie view a&m", "at northern colorado", "at stetson", "at norfolk state", "at hampton", "at akron", "at youngstown state", "at north florida", "at detroit", "at northern illinois", "north carolina a&t", "north carolina central", "at savannah state", "at south carolina state", "maryland eastern shore", "howard", "savannah state", "south carolina state", "at north carolina central", "at north carolina a&t", "delaware state", "florida a&m", "at morgan state", "at florida a&m", "vs. coppin state"]}, {"col": "c3_raw", "type": "TEXT", "data": ["trinity baptist", "south florida", "ucf", "trinity (fl)", "fiu", "new mexico state", "new mexico state", "prairie view a&m", "northern colorado", "stetson", "norfolk state", "hampton", "akron", "youngstown state", "north florida", "detroit", "northern illinois", "north carolina a&t", "north carolina central", "savannah state", "south carolina state", "maryland eastern shore", "howard", "savannah state", "south carolina state", "north carolina central", "north carolina a&t", "delaware state", "florida a&m", "morgan state", "florida a&m", "coppin state"]}, {"col": "c3_home", "type": "TEXT", "data": ["home", "away", "away", "home", "home", "away", "away", "home", "away", "away", "away", "away", "away", "away", "away", "away", "away", "home", "home", "away", "away", "home", "home", "home", "home", "away", "away", "home", "home", "away", "away", "home"]}], [{"col": "c4", "type": "TEXT", "data": ["moore gymnasium \u2022 daytona beach, fl", "usf sun dome \u2022 tampa, fl", "cfe arena \u2022 orlando, fl", "moore gymnasium \u2022 daytona beach, fl", "moore gymnasium \u2022 daytona beach, fl", "pan american center \u2022 las cruces, nm\n(colorado state challenge)", "moby arena \u2022 fort collins, co\n(colorado state challenge)", "butler-hancock sports pavilion \u2022 greeley, co\n(colorado state challenge)", "butler-hancock sports pavilion \u2022 greeley, co\n(colorado state challenge)", "edmunds center \u2022 deland, fl", "joseph g. echols memorial hall \u2022 norfolk, va", "hampton convocation center \u2022 hampton, va", "james a. rhodes arena \u2022 akron, oh", "beeghly center \u2022 youngstown, oh", "unf arena \u2022 jacksonville, fl", "calihan hall \u2022 detroit, mi", "convocation center \u2022 dekalb, il", "moore gymnasium \u2022 daytona beach, fl", "moore gymnasium \u2022 daytona beach, fl", "tiger arena \u2022 savannah, ga", "shm memorial center \u2022 orangeburg, sc", "moore gymnasium \u2022 daytona beach, fl", "moore gymnasium \u2022 daytona beach, fl", "moore gymnasium \u2022 daytona beach, fl", "moore gymnasium \u2022 daytona beach, fl", "mclendon-mcdougald gymnasium \u2022 durham, nc", "corbett sports center \u2022 greensboro, nc", "moore gymnasium \u2022 daytona beach, fl", "moore gymnasium \u2022 daytona beach, fl", "talmadge l. hill field house \u2022 baltimore, md", "teaching gym \u2022 tallahassee, fl", "norfolk scope \u2022 norfolk, va\n(first round)"]}, {"col": "c4_first", "type": "TEXT", "data": ["moore gymnasium \u2022 daytona beach, fl", "usf sun dome \u2022 tampa, fl", "cfe arena \u2022 orlando, fl", "moore gymnasium \u2022 daytona beach, fl", "moore gymnasium \u2022 daytona beach, fl", "pan american center \u2022 las cruces, nm", "moby arena \u2022 fort collins, co", "butler-hancock sports pavilion \u2022 greeley, co", "butler-hancock sports pavilion \u2022 greeley, co", "edmunds center \u2022 deland, fl", "joseph g. echols memorial hall \u2022 norfolk, va", "hampton convocation center \u2022 hampton, va", "james a. rhodes arena \u2022 akron, oh", "beeghly center \u2022 youngstown, oh", "unf arena \u2022 jacksonville, fl", "calihan hall \u2022 detroit, mi", "convocation center \u2022 dekalb, il", "moore gymnasium \u2022 daytona beach, fl", "moore gymnasium \u2022 daytona beach, fl", "tiger arena \u2022 savannah, ga", "shm memorial center \u2022 orangeburg, sc", "moore gymnasium \u2022 daytona beach, fl", "moore gymnasium \u2022 daytona beach, fl", "moore gymnasium \u2022 daytona beach, fl", "moore gymnasium \u2022 daytona beach, fl", "mclendon-mcdougald gymnasium \u2022 durham, nc", "corbett sports center \u2022 greensboro, nc", "moore gymnasium \u2022 daytona beach, fl", "moore gymnasium \u2022 daytona beach, fl", "talmadge l. hill field house \u2022 baltimore, md", "teaching gym \u2022 tallahassee, fl", "norfolk scope \u2022 norfolk, va"]}, {"col": "c4_second", "type": "TEXT", "data": [null, null, null, null, null, "colorado state challenge", "colorado state challenge", "colorado state challenge", "colorado state challenge", null, null, null, null, null, null, null, null, null, null, null, null, null, null, null, null, null, null, null, null, null, null, "first round"]}, {"col": "c4_first_address", "type": "LIST TEXT", "data": [["moore gymnasium \u2022 daytona beach", "fl"], ["usf sun dome \u2022 tampa", "fl"], ["cfe arena \u2022 orlando", "fl"], ["moore gymnasium \u2022 daytona beach", "fl"], ["moore gymnasium \u2022 daytona beach", "fl"], ["pan american center \u2022 las cruces", "nm"], ["moby arena \u2022 fort collins", "co"], ["butler-hancock sports pavilion \u2022 greeley", "co"], ["butler-hancock sports pavilion \u2022 greeley", "co"], ["edmunds center \u2022 deland", "fl"], ["joseph g. echols memorial hall \u2022 norfolk", "va"], ["hampton convocation center \u2022 hampton", "va"], ["james a. rhodes arena \u2022 akron", "oh"], ["beeghly center \u2022 youngstown", "oh"], ["unf arena \u2022 jacksonville", "fl"], ["calihan hall \u2022 detroit", "mi"], ["convocation center \u2022 dekalb", "il"], ["moore gymnasium \u2022 daytona beach", "fl"], ["moore gymnasium \u2022 daytona beach", "fl"], ["tiger arena \u2022 savannah", "ga"], ["shm memorial center \u2022 orangeburg", "sc"], ["moore gymnasium \u2022 daytona beach", "fl"], ["moore gymnasium \u2022 daytona beach", "fl"], ["moore gymnasium \u2022 daytona beach", "fl"], ["moore gymnasium \u2022 daytona beach", "fl"], ["mclendon-mcdougald gymnasium \u2022 durham", "nc"], ["corbett sports center \u2022 greensboro", "nc"], ["moore gymnasium \u2022 daytona beach", "fl"], ["moore gymnasium \u2022 daytona beach", "fl"], ["talmadge l. hill field house \u2022 baltimore", "md"], ["teaching gym \u2022 tallahassee", "fl"], ["norfolk scope \u2022 norfolk", "va"]]}], [{"col": "c5", "type": "TEXT", "data": [null, "espn3", "espn3", null, null, null, null, null, null, null, null, null, null, null, null, null, null, null, null, null, null, null, null, null, null, null, null, null, null, null, null, null]}], [{"col": "c6", "type": "TEXT", "data": ["w 91-74", "l 65-91", "l 63-83", "w 98-55", "l 67-82", "l 56-79", "l 52-66", "l 80-89", "l 60-65", "l 52-56", "l 45-59", "l 52-85", "l 56-84", "l 59-71", "l 64-68", "l 53-73", "l 51-65", "l 67-70", "l 49-64", "l 60-70 ot", "l 67-69", "w 69-63", "w 58-47", "l 40-50", "w 91-59", "l 54-77", "w 72-71", "l 67-79", "l 75-80", "l 61-65", "w 70-68", "l 68-75"]}, {"col": "c6_result", "type": "TEXT", "data": ["w", "l", "l", "w", "l", "l", "l", "l", "l", "l", "l", "l", "l", "l", "l", "l", "l", "l", "l", "l", "l", "w", "w", "l", "w", "l", "w", "l", "l", "l", "w", "l"]}, {"col": "c6_number", "type": "INTEGER", "data": [91, 65, 63, 98, 67, 56, 52, 80, 60, 52, 45, 52, 56, 59, 64, 53, 51, 67, 49, 60, 67, 69, 58, 40, 91, 54, 72, 67, 75, 61, 70, 68]}, {"col": "c6_number1", "type": "INTEGER", "data": [91, 65, 63, 98, 67, 56, 52, 80, 60, 52, 45, 52, 56, 59, 64, 53, 51, 67, 49, 60, 67, 69, 58, 40, 91, 54, 72, 67, 75, 61, 70, 68]}, {"col": "c6_number2", "type": "INTEGER", "data": [74, 91, 83, 55, 82, 79, 66, 89, 65, 56, 59, 85, 84, 71, 68, 73, 65, 70, 64, 70, 69, 63, 47, 50, 59, 77, 71, 79, 80, 65, 68, 75]}], [{"col": "c7", "type": "TEXT", "data": ["409", "3549", "4095", "1180", null, "4985", "2945", "102", null, "1056", "1425", "1428", "2763", "1399", "617", "3107", "657", "1091", "1210", "3220", "751", "1030", "1216", "1075", "1063", "2420", "1019", "843", "3231", "2056", "2376", "4658"]}, {"col": "c7_number", "type": "REAL", "data": [409.0, 3549.0, 4095.0, 1180, null, 4985.0, 2945, 102.0, null, 1056, 1425, 1428, 2763, 1399, 617.0, 3107.0, 657.0, 1091, 1210, 3220.0, 751.0, 1030, 1216, 1075, 1063, 2420, 1019, 843.0, 3231.0, 2056, 2376, 4658.0]}], [{"col": "c8", "type": "TEXT", "data": ["1-0", "1-1", "1-2", "2-2", "2-3", "2-4", "2-5", "2-6", "2-7", "2-8", "2-9 (0-1)", "2-10 (0-2)", "2-11", "2-12", "2-13", "2-14", "2-15", "2-16 (0-3)", "2-17 (0-4)", "2-18 (0-5)", "2-19 (0-6)", "3-19 (1-6)", "4-19 (2-6)", "4-20 (2-7)", "5-20 (3-7)", "5-21 (3-8)", "6-21 (4-8)", "6-22 (4-9)", "6-23 (4-10)", "6-24 (4-11)", "7-24 (5-11)", "7-25"]}, {"col": "c8_first", "type": "TEXT", "data": ["1-0", "1-1", "1-2", "2-2", "2-3", "2-4", "2-5", "2-6", "2-7", "2-8", "2-9", "2-10", "2-11", "2-12", "2-13", "2-14", "2-15", "2-16", "2-17", "2-18", "2-19", "3-19", "4-19", "4-20", "5-20", "5-21", "6-21", "6-22", "6-23", "6-24", "7-24", "7-25"]}, {"col": "c8_second", "type": "TEXT", "data": [null, null, null, null, null, null, null, null, null, null, "0-1", "0-2", null, null, null, null, null, "0-3", "0-4", "0-5", "0-6", "1-6", "2-6", "2-7", "3-7", "3-8", "4-8", "4-9", "4-10", "4-11", "5-11", null]}, {"col": "c8_first_number", "type": "INTEGER", "data": [1, 1, 1, 2, 2, 2, 2, 2, 2, 2, 2, 2, 2, 2, 2, 2, 2, 2, 2, 2, 2, 3, 4, 4, 5, 5, 6, 6, 6, 6, 7, 7]}, {"col": "c8_first_number1", "type": "INTEGER", "data": [1, 1, 1, 2, 2, 2, 2, 2, 2, 2, 2, 2, 2, 2, 2, 2, 2, 2, 2, 2, 2, 3, 4, 4, 5, 5, 6, 6, 6, 6, 7, 7]}, {"col": "c8_first_number2", "type": "INTEGER", "data": [0, 1, 2, 2, 3, 4, 5, 6, 7, 8, 9, 10, 11, 12, 13, 14, 15, 16, 17, 18, 19, 19, 19, 20, 20, 21, 21, 22, 23, 24, 24, 25]}, {"col": "c8_second_number", "type": "INTEGER", "data": [null, null, null, null, null, null, null, null, null, null, 0, 0, null, null, null, null, null, 0, 0, 0, 0, 1, 2, 2, 3, 3, 4, 4, 4, 4, 5, null]}, {"col": "c8_second_number1", "type": "INTEGER", "data": [null, null, null, null, null, null, null, null, null, null, 0, 0, null, null, null, null, null, 0, 0, 0, 0, 1, 2, 2, 3, 3, 4, 4, 4, 4, 5, null]}, {"col": "c8_second_number2", "type": "INTEGER", "data": [null, null, null, null, null, null, null, null, null, null, 1, 2, null, null, null, null, null, 3, 4, 5, 6, 6, 6, 7, 7, 8, 8, 9, 10, 11, 11, null]}]], "is_list": {"id": false, "agg": false, "c1": false, "c1_number": false, "c1_parsed": false, "c1_year": false, "c1_month": false, "c1_day": false, "c2": false, "c2_number": false, "c2_hour": false, "c2_min": false, "c3": false, "c3_raw": false, "c3_home": false, "c4": false, "c4_first": false, "c4_second": false, "c4_first_address": true, "c5": false, "c6": false, "c6_result": false, "c6_number": false, "c6_number1": false, "c6_number2": false, "c7": false, "c7_number": false, "c8": false, "c8_first": false, "c8_second": false, "c8_first_number": false, "c8_first_number1": false, "c8_first_number2": false, "c8_second_number": false, "c8_second_number1": false, "c8_second_number2": false}}