{"headers": ["id", "agg", "", "", "", "", "", "", "", "", "", "", ""], "types": ["id", "agg", "text", "number", "number", "number", "number", "number", "number", "number", "number", "number", "number"], "contents": [[{"col": "id", "type": "INTEGER", "data": [1, 2, 3, 4, 5, 6, 7, 8, 9, 10, 11, 12, 13, 14, 15]}], [{"col": "agg", "type": "INTEGER", "data": [0, 0, 0, 0, 0, 0, 0, 0, 0, 0, 0, 0, 0, 0, 0]}], [{"col": "c1", "type": "TEXT", "data": ["2010s", "2000s", "1990s", "1980s", "1970s", "1960s", "1950s", "1940s", "1930s", "1920s", "1910s", "1900s", "1890s", "1880s", "1870s"]}], [{"col": "c2", "type": "TEXT", "data": ["2010", "2000", "1990", "1980", "1970", "1960", "1950", "1940", "1930", "1920", "1910", "1900", "1890", "1880", "1870"]}, {"col": "c2_number", "type": "INTEGER", "data": [2010, 2000, 1990, 1980, 1970, 1960, 1950, 1940, 1930, 1920, 1910, 1900, 1890, 1880, 1870]}], [{"col": "c3", "type": "TEXT", "data": ["2011", "2001", "1991", "1981", "1971", "1961", "1951", "1941", "1931", "1921", "1911", "1901", "1891", "1881", "1871"]}, {"col": "c3_number", "type": "INTEGER", "data": [2011, 2001, 1991, 1981, 1971, 1961, 1951, 1941, 1931, 1921, 1911, 1901, 1891, 1881, 1871]}], [{"col": "c4", "type": "TEXT", "data": ["2012", "2002", "1992", "1982", "1972", "1962", "1952", "1942", "1932", "1922", "1912", "1902", "1892", "1882", "1872"]}, {"col": "c4_number", "type": "INTEGER", "data": [2012, 2002, 1992, 1982, 1972, 1962, 1952, 1942, 1932, 1922, 1912, 1902, 1892, 1882, 1872]}], [{"col": "c5", "type": "TEXT", "data": ["2013", "2003", "1993", "1983", "1973", "1963", "1953", "1943", "1933", "1923", "1913", "1903", "1893", "1883", "1873"]}, {"col": "c5_number", "type": "INTEGER", "data": [2013, 2003, 1993, 1983, 1973, 1963, 1953, 1943, 1933, 1923, 1913, 1903, 1893, 1883, 1873]}], [{"col": "c6", "type": "TEXT", "data": ["2014", "2004", "1994", "1984", "1974", "1964", "1954", "1944", "1934", "1924", "1914", "1904", "1894", "1884", "1874"]}, {"col": "c6_number", "type": "INTEGER", "data": [2014, 2004, 1994, 1984, 1974, 1964, 1954, 1944, 1934, 1924, 1914, 1904, 1894, 1884, 1874]}], [{"col": "c7", "type": "TEXT", "data": ["2015", "2005", "1995", "1985", "1975", "1965", "1955", "1945", "1935", "1925", "1915", "1905", "1895", "1885", "1875"]}, {"col": "c7_number", "type": "INTEGER", "data": [2015, 2005, 1995, 1985, 1975, 1965, 1955, 1945, 1935, 1925, 1915, 1905, 1895, 1885, 1875]}], [{"col": "c8", "type": "TEXT", "data": ["2016", "2006", "1996", "1986", "1976", "1966", "1956", "1946", "1936", "1926", "1916", "1906", "1896", "1886", "1876"]}, {"col": "c8_number", "type": "INTEGER", "data": [2016, 2006, 1996, 1986, 1976, 1966, 1956, 1946, 1936, 1926, 1916, 1906, 1896, 1886, 1876]}], [{"col": "c9", "type": "TEXT", "data": ["2017", "2007", "1997", "1987", "1977", "1967", "1957", "1947", "1937", "1927", "1917", "1907", "1897", "1887", "1877"]}, {"col": "c9_number", "type": "INTEGER", "data": [2017, 2007, 1997, 1987, 1977, 1967, 1957, 1947, 1937, 1927, 1917, 1907, 1897, 1887, 1877]}], [{"col": "c10", "type": "TEXT", "data": ["2018", "2008", "1998", "1988", "1978", "1968", "1958", "1948", "1938", "1928", "1918", "1908", "1898", "1888", "1878"]}, {"col": "c10_number", "type": "INTEGER", "data": [2018, 2008, 1998, 1988, 1978, 1968, 1958, 1948, 1938, 1928, 1918, 1908, 1898, 1888, 1878]}], [{"col": "c11", "type": "TEXT", "data": [null, "2009", "1999", "1989", "1979", "1969", "1959", "1949", "1939", "1929", "1919", "1909", "1899", "1889", "1879"]}, {"col": "c11_number", "type": "INTEGER", "data": [null, 2009, 1999, 1989, 1979, 1969, 1959, 1949, 1939, 1929, 1919, 1909, 1899, 1889, 1879]}]], "is_list": {"id": false, "agg": false, "c1": false, "c2": false, "c2_number": false, "c3": false, "c3_number": false, "c4": false, "c4_number": false, "c5": false, "c5_number": false, "c6": false, "c6_number": false, "c7": false, "c7_number": false, "c8": false, "c8_number": false, "c9": false, "c9_number": false, "c10": false, "c10_number": false, "c11": false, "c11_number": false}}