{"headers": ["id", "agg", "creature (other planes)", "page", "other appearances", "variants", "description"], "types": ["id", "agg", "<c,text>", "numberspan", "<c,text(number)>", "text", "text"], "contents": [[{"col": "id", "type": "INTEGER", "data": [1, 2, 3, 4, 5, 6, 7, 8, 9, 10, 11, 12, 13, 14, 15, 16, 17, 18]}], [{"col": "agg", "type": "INTEGER", "data": [0, 0, 0, 0, 0, 0, 0, 0, 0, 0, 0, 0, 0, 0, 0, 0, 0, 0]}], [{"col": "c1", "type": "TEXT", "data": ["aerial servant", "basilisk", "cockatrice", "djinni, lesser", "djinni, greater", "efreeti, lesser", "efreeti, greater", "elemental", "gorgon", "helion", "horde", "hydrax", "invisible stalker", "kryst", "medusa", "plasm", "salamander", "undine"]}, {"col": "c1_list", "type": "LIST TEXT", "data": [["aerial servant"], ["basilisk"], ["cockatrice"], ["djinni", "lesser"], ["djinni", "greater"], ["efreeti", "lesser"], ["efreeti", "greater"], ["elemental"], ["gorgon"], ["helion"], ["horde"], ["hydrax"], ["invisible stalker"], ["kryst"], ["medusa"], ["plasm"], ["salamander"], ["undine"]]}, {"col": "c1_length", "type": "INTEGER", "data": [1, 1, 1, 2, 2, 2, 2, 1, 1, 1, 1, 1, 1, 1, 1, 1, 1, 1]}], [{"col": "c2", "type": "TEXT", "data": ["39", "39", "39", "39", "39", "39", "39-40", "40", "40", "40", "41", "41", "41", "42", "42", "42", "42", "42"]}, {"col": "c2_number", "type": "INTEGER", "data": [39, 39, 39, 39, 39, 39, 39, 40, 40, 40, 41, 41, 41, 42, 42, 42, 42, 42]}, {"col": "c2_minimum", "type": "INTEGER", "data": [null, null, null, null, null, null, 39, null, null, null, null, null, null, null, null, null, null, null]}, {"col": "c2_maximum", "type": "INTEGER", "data": [null, null, null, null, null, null, 40, null, null, null, null, null, null, null, null, null, null, null]}], [{"col": "c3", "type": "TEXT", "data": ["rules cyclopedia (1991)", "d&d expert rules (1981), d&d expert rules (1983), rules cyclopedia (1991)", "d&d expert rules (1981), d&d expert rules (1983), rules cyclopedia (1991)", "d&d expert rules (1981), d&d expert rules (1983), rules cyclopedia (1991)", "rules cyclopedia (1991)", "d&d expert rules (1981), d&d expert rules (1983), rules cyclopedia (1991)", "rules cyclopedia (1991)", "d&d expert rules (1981), d&d expert rules (1983), rules cyclopedia (1991)", "d&d expert rules (1981), d&d expert rules (1983), rules cyclopedia (1991)", "rules cyclopedia (1991)", "rules cyclopedia (1991)", "rules cyclopedia (1991)", "d&d expert rules (1981), d&d expert rules (1983), rules cyclopedia (1991)", "rules cyclopedia (1991)", "d&d basic rules (1981), d&d basic rules (1983), rules cyclopedia (1991)", "rules cyclopedia (1991)", "d&d expert rules (1981), d&d expert rules (1983), rules cyclopedia (1991)", "rules cyclopedia (1991)"]}, {"col": "c3_list", "type": "LIST TEXT", "data": [["rules cyclopedia (1991)"], ["d&d expert rules (1981)", "d&d expert rules (1983)", "rules cyclopedia (1991)"], ["d&d expert rules (1981)", "d&d expert rules (1983)", "rules cyclopedia (1991)"], ["d&d expert rules (1981)", "d&d expert rules (1983)", "rules cyclopedia (1991)"], ["rules cyclopedia (1991)"], ["d&d expert rules (1981)", "d&d expert rules (1983)", "rules cyclopedia (1991)"], ["rules cyclopedia (1991)"], ["d&d expert rules (1981)", "d&d expert rules (1983)", "rules cyclopedia (1991)"], ["d&d expert rules (1981)", "d&d expert rules (1983)", "rules cyclopedia (1991)"], ["rules cyclopedia (1991)"], ["rules cyclopedia (1991)"], ["rules cyclopedia (1991)"], ["d&d expert rules (1981)", "d&d expert rules (1983)", "rules cyclopedia (1991)"], ["rules cyclopedia (1991)"], ["d&d basic rules (1981)", "d&d basic rules (1983)", "rules cyclopedia (1991)"], ["rules cyclopedia (1991)"], ["d&d expert rules (1981)", "d&d expert rules (1983)", "rules cyclopedia (1991)"], ["rules cyclopedia (1991)"]]}, {"col": "c3_length", "type": "INTEGER", "data": [1, 3, 3, 3, 1, 3, 1, 3, 3, 1, 1, 1, 3, 1, 3, 1, 3, 1]}, {"col": "c3_list_first", "type": "LIST TEXT", "data": [["rules cyclopedia"], ["d&d expert rules", "d&d expert rules", "rules cyclopedia"], ["d&d expert rules", "d&d expert rules", "rules cyclopedia"], ["d&d expert rules", "d&d expert rules", "rules cyclopedia"], ["rules cyclopedia"], ["d&d expert rules", "d&d expert rules", "rules cyclopedia"], ["rules cyclopedia"], ["d&d expert rules", "d&d expert rules", "rules cyclopedia"], ["d&d expert rules", "d&d expert rules", "rules cyclopedia"], ["rules cyclopedia"], ["rules cyclopedia"], ["rules cyclopedia"], ["d&d expert rules", "d&d expert rules", "rules cyclopedia"], ["rules cyclopedia"], ["d&d basic rules", "d&d basic rules", "rules cyclopedia"], ["rules cyclopedia"], ["d&d expert rules", "d&d expert rules", "rules cyclopedia"], ["rules cyclopedia"]]}, {"col": "c3_list_second", "type": "LIST TEXT", "data": [["1991"], ["1981", "1983", "1991"], ["1981", "1983", "1991"], ["1981", "1983", "1991"], ["1991"], ["1981", "1983", "1991"], ["1991"], ["1981", "1983", "1991"], ["1981", "1983", "1991"], ["1991"], ["1991"], ["1991"], ["1981", "1983", "1991"], ["1991"], ["1981", "1983", "1991"], ["1991"], ["1981", "1983", "1991"], ["1991"]]}, {"col": "c3_list_second_number", "type": "LIST INTEGER", "data": [[1991], [1981, 1983, 1991], [1981, 1983, 1991], [1981, 1983, 1991], [1991], [1981, 1983, 1991], [1991], [1981, 1983, 1991], [1981, 1983, 1991], [1991], [1991], [1991], [1981, 1983, 1991], [1991], [1981, 1983, 1991], [1991], [1981, 1983, 1991], [1991]]}], [{"col": "c4", "type": "TEXT", "data": [null, null, null, null, null, null, null, null, null, null, null, null, null, null, null, "normal and giant", null, null]}], [{"col": "c5", "type": "TEXT", "data": [null, "describes additional abilities/penalties applicable to native plane of existence", "describes additional abilities/penalties applicable to native plane of existence", "describes additional abilities/penalties applicable to native plane of existence", null, "describes additional abilities/penalties applicable to native plane of existence", null, "describes additional statistics and abilities/penalties applicable to native plane of existence", "describes additional abilities/penalties applicable to native plane of existence", null, null, null, "describes additional abilities/penalties applicable to native plane of existence", null, "describes additional abilities/penalties applicable to native plane of existence", null, "describes additional abilities/penalties applicable to native plane of existence", null]}]], "is_list": {"id": false, "agg": false, "c1": false, "c1_list": true, "c1_length": false, "c2": false, "c2_number": false, "c2_minimum": false, "c2_maximum": false, "c3": false, "c3_list": true, "c3_length": false, "c3_list_first": true, "c3_list_second": true, "c3_list_second_number": true, "c4": false, "c5": false}}