{"headers": ["id", "agg", "year", "name", "birth date", "winner", "awarding age", ""], "types": ["id", "agg", "number", "text", "date", "text", "time", "text"], "contents": [[{"col": "id", "type": "INTEGER", "data": [1, 2, 3, 4, 5, 6, 7, 8, 9, 10, 11, 12, 13]}], [{"col": "agg", "type": "INTEGER", "data": [0, 0, 0, 0, 0, 0, 0, 0, 0, 0, 0, 0, 0]}], [{"col": "c1", "type": "TEXT", "data": ["1998", "1998", "2002", "2003", "2004", "2005", "2006", "2007", "2008", "2009", "2010", "2011", "2012"]}, {"col": "c1_number", "type": "INTEGER", "data": [1998, 1998, 2002, 2003, 2004, 2005, 2006, 2007, 2008, 2009, 2010, 2011, 2012]}], [{"col": "c2", "type": "TEXT", "data": ["nick cheung", "chin kar lok", "moses chan", "raymond lam", "ron ng", "bosco wong", "kenneth ma", "amigo choi", "wong cho lam", "ngo ka-nin", "raymond wong", "jin au-yeung", "oscar leung"]}], [{"col": "c3", "type": "TEXT", "data": ["1967-12-02", "1965-08-06", "1971-04-16", "1979-12-08", "1979-09-02", "1980-12-13", "1974-02-13", "1979-05-08", "1980-01-09", "1976-09-26", "1976-08-25", "1982-06-04", "1979-03-26"]}, {"col": "c3_number", "type": "INTEGER", "data": [1967, 1965, 1971, 1979, 1979, 1980, 1974, 1979, 1980, 1976, 1976, 1982, 1979]}, {"col": "c3_parsed", "type": "TEXT", "data": ["1967-12-02", "1965-08-06", "1971-04-16", "1979-12-08", "1979-09-02", "1980-12-13", "1974-02-13", "1979-05-08", "1980-01-09", "1976-09-26", "1976-08-25", "1982-06-04", "1979-03-26"]}, {"col": "c3_year", "type": "INTEGER", "data": [1967, 1965, 1971, 1979, 1979, 1980, 1974, 1979, 1980, 1976, 1976, 1982, 1979]}, {"col": "c3_month", "type": "INTEGER", "data": [12, 8, 4, 12, 9, 12, 2, 5, 1, 9, 8, 6, 3]}, {"col": "c3_day", "type": "INTEGER", "data": [2, 6, 16, 8, 2, 13, 13, 8, 9, 26, 25, 4, 26]}], [{"col": "c4", "type": "TEXT", "data": ["winner", "winner", "winner", "winner", "winner", "winner", "winner", "winner", "winner", "winner", "winner", "winner", "winner"]}], [{"col": "c5", "type": "TEXT", "data": ["30 years, 352 days", "33 years, 105 days", "31 years, 217 days", "23 years, 346 days", "25 years, 78 days", "24 years, 341 days", "32 years, 270 days", "28 years, 193 days", "28 years, 311 days", "33 years, 69 days", "34 years, 102 days", "29 years, 184 days", "33 years, 266 days"]}, {"col": "c5_number", "type": "INTEGER", "data": [30, 33, 31, 23, 25, 24, 32, 28, 28, 33, 34, 29, 33]}, {"col": "c5_year", "type": "INTEGER", "data": [30, 33, 31, 23, 25, 24, 32, 28, 28, 33, 34, 29, 33]}, {"col": "c5_day", "type": "INTEGER", "data": [352, 105, 217, 346, 78, 341, 270, 193, 311, 69, 102, 184, 266]}], [{"col": "c6", "type": "TEXT", "data": [null, null, null, "youngest winner", null, null, null, null, null, null, "oldest winner", null, null]}]], "is_list": {"id": false, "agg": false, "c1": false, "c1_number": false, "c2": false, "c3": false, "c3_number": false, "c3_parsed": false, "c3_year": false, "c3_month": false, "c3_day": false, "c4": false, "c5": false, "c5_number": false, "c5_year": false, "c5_day": false, "c6": false}}