{"headers": ["id", "agg", "year", "title", "album", "uk", "b-sides"], "types": ["id", "agg", "number", "text", "text", "number", "<s,text(text)>"], "contents": [[{"col": "id", "type": "INTEGER", "data": [1, 2, 3, 4, 5, 6, 7, 8, 9, 10]}], [{"col": "agg", "type": "INTEGER", "data": [0, 0, 0, 0, 0, 0, 0, 0, 0, 0]}], [{"col": "c1", "type": "TEXT", "data": ["2004", "2004", "2005", "2006", "2007", "2007", "2007", "2007", "2009", "2009"]}, {"col": "c1_number", "type": "INTEGER", "data": [2004, 2004, 2005, 2006, 2007, 2007, 2007, 2007, 2009, 2009]}], [{"col": "c2", "type": "TEXT", "data": ["\"kim wilde\" (download-only)", "\"summer\"", "\"bastardo\"", "\"behave\"", "\"i want you to know\"", "\"siberia\"", "\"again\"", "\"ch v fd (deep blue remixes)\"", "\"white\"", "\"alexander\""]}], [{"col": "c3", "type": "TEXT", "data": ["grey will fade", "grey will fade", "grey will fade", "the deep blue", "the deep blue", "the deep blue", "the deep blue", "non-album single", "new worlds", "new worlds"]}], [{"col": "c4", "type": "TEXT", "data": [null, "31", "31", "168", "108", null, null, null, null, null]}, {"col": "c4_number", "type": "REAL", "data": [null, 31.0, 31.0, 168.0, 108.0, null, null, null, null, null]}], [{"col": "c5", "type": "TEXT", "data": [null, "commodore; smut", "3 minutes; i am a kamera", "mr. ed; cousteau (extended version);\nbehave (luke smith clor remix)", "sister universe; suspiria", "last night; this is pop; i don't need anyone", "again (acoustic)", "dawn treader (fredmix); it isn't over (fredmix)", "white (squarepusher remix); white (adem remix);\nwhite (heartbeat remix)", "alexander (radio edit);\nalexander (blacknred remix)"]}, {"col": "c5_list", "type": "LIST TEXT", "data": [[], ["commodore", "smut"], ["3 minutes", "i am a kamera"], ["mr. ed", "cousteau (extended version)", "behave (luke smith clor remix)"], ["sister universe", "suspiria"], ["last night", "this is pop", "i don't need anyone"], ["again (acoustic)"], ["dawn treader (fredmix)", "it isn't over (fredmix)"], ["white (squarepusher remix)", "white (adem remix)", "white (heartbeat remix)"], ["alexander (radio edit)", "alexander (blacknred remix)"]]}, {"col": "c5_length", "type": "INTEGER", "data": [0, 2, 2, 3, 2, 3, 1, 2, 3, 2]}, {"col": "c5_list_first", "type": "LIST TEXT", "data": [[], ["commodore", "smut"], ["3 minutes", "i am a kamera"], ["mr. ed", "cousteau", "behave"], ["sister universe", "suspiria"], ["last night", "this is pop", "i don't need anyone"], ["again"], ["dawn treader", "it isn't over"], ["white", "white", "white"], ["alexander", "alexander"]]}, {"col": "c5_list_second", "type": "LIST TEXT", "data": [[], [], [], ["extended version", "luke smith clor remix"], [], [], ["acoustic"], ["fredmix", "fredmix"], ["squarepusher remix", "adem remix", "heartbeat remix"], ["radio edit", "blacknred remix"]]}]], "is_list": {"id": false, "agg": false, "c1": false, "c1_number": false, "c2": false, "c3": false, "c4": false, "c4_number": false, "c5": false, "c5_list": true, "c5_length": false, "c5_list_first": true, "c5_list_second": true}}