{"headers": ["id", "agg", "location", "region", "coordinates\n(links to map & photo sources)", "population", "elevation"], "types": ["id", "agg", "text", "text", "text", "number", "number"], "contents": [[{"col": "id", "type": "INTEGER", "data": [1, 2, 3, 4, 5, 6, 7, 8, 9, 10, 11, 12, 13, 14, 15, 16, 17, 18, 19, 20, 21, 22, 23, 24, 25, 26, 27, 28, 29, 30, 31, 32, 33, 34, 35, 36, 37, 38, 39, 40, 41, 42, 43, 44, 45, 46, 47, 48, 49, 50, 51, 52, 53, 54, 55, 56, 57, 58, 59, 60, 61, 62, 63, 64, 65, 66, 67, 68, 69, 70, 71, 72, 73, 74, 75, 76, 77, 78, 79, 80, 81, 82, 83, 84, 85, 86, 87, 88, 89, 90, 91, 92, 93, 94, 95, 96, 97, 98, 99, 100, 101, 102, 103, 104, 105, 106, 107, 108, 109, 110, 111, 112, 113, 114, 115, 116, 117, 118, 119, 120, 121, 122, 123, 124, 125, 126, 127, 128, 129, 130, 131, 132, 133, 134, 135, 136, 137, 138, 139, 140, 141, 142, 143, 144, 145, 146, 147, 148, 149, 150, 151, 152, 153, 154, 155, 156, 157, 158, 159, 160, 161, 162, 163, 164, 165, 166, 167, 168, 169, 170, 171, 172, 173, 174, 175, 176, 177, 178, 179, 180, 181, 182, 183, 184, 185, 186, 187, 188, 189, 190, 191, 192, 193, 194, 195, 196, 197, 198, 199, 200, 201, 202, 203, 204, 205, 206, 207, 208, 209, 210, 211, 212, 213, 214, 215, 216, 217, 218, 219, 220, 221, 222, 223, 224, 225, 226, 227, 228, 229, 230, 231, 232, 233, 234, 235, 236, 237, 238, 239, 240, 241, 242, 243, 244, 245, 246, 247, 248, 249, 250, 251, 252, 253, 254, 255, 256, 257, 258, 259, 260, 261, 262, 263, 264, 265, 266, 267, 268, 269, 270, 271, 272, 273, 274, 275, 276, 277, 278, 279, 280, 281, 282, 283, 284, 285, 286, 287, 288, 289, 290, 291, 292, 293, 294, 295, 296, 297, 298, 299]}], [{"col": "agg", "type": "INTEGER", "data": [0, 0, 0, 0, 0, 0, 0, 0, 0, 0, 0, 0, 0, 0, 0, 0, 0, 0, 0, 0, 0, 0, 0, 0, 0, 0, 0, 0, 0, 0, 0, 0, 0, 0, 0, 0, 0, 0, 0, 0, 0, 0, 0, 0, 0, 0, 0, 0, 0, 0, 0, 0, 0, 0, 0, 0, 0, 0, 0, 0, 0, 0, 0, 0, 0, 0, 0, 0, 0, 0, 0, 0, 0, 0, 0, 0, 0, 0, 0, 0, 0, 0, 0, 0, 0, 0, 0, 0, 0, 0, 0, 0, 0, 0, 0, 0, 0, 0, 0, 0, 0, 0, 0, 0, 0, 0, 0, 0, 0, 0, 0, 0, 0, 0, 0, 0, 0, 0, 0, 0, 0, 0, 0, 0, 0, 0, 0, 0, 0, 0, 0, 0, 0, 0, 0, 0, 0, 0, 0, 0, 0, 0, 0, 0, 0, 0, 0, 0, 0, 0, 0, 0, 0, 0, 0, 0, 0, 0, 0, 0, 0, 0, 0, 0, 0, 0, 0, 0, 0, 0, 0, 0, 0, 0, 0, 0, 0, 0, 0, 0, 0, 0, 0, 0, 0, 0, 0, 0, 0, 0, 0, 0, 0, 0, 0, 0, 0, 0, 0, 0, 0, 0, 0, 0, 0, 0, 0, 0, 0, 0, 0, 0, 0, 0, 0, 0, 0, 0, 0, 0, 0, 0, 0, 0, 0, 0, 0, 0, 0, 0, 0, 0, 0, 0, 0, 0, 0, 0, 0, 0, 0, 0, 0, 0, 0, 0, 0, 0, 0, 0, 0, 0, 0, 0, 0, 0, 0, 0, 0, 0, 0, 0, 0, 0, 0, 0, 0, 0, 0, 0, 0, 0, 0, 0, 0, 0, 0, 0, 0, 0, 0, 0, 0, 0, 0, 0, 0, 0, 0, 0, 0, 0, 0, 0, 0, 0, 0, 0, 0]}], [{"col": "c1", "type": "TEXT", "data": ["abancay", "acari", "acolla", "aguas verdes", "ambo", "andahuaylas", "anta", "arequipa", "ascope", "atuncolla", "ayabaca", "ayacucho", "ayaviri", "ayna", "azangaro", "bagua grande", "bambamarca", "barranca", "barranca", "bellavista", "bellavista", "bernal", "buenos aires", "cahuanuyo", "cajabamba", "cajamarca", "cajaruro", "calca", "caleta de carquin", "callanca", "callao", "camana", "campoverde", "candarave", "caras", "carhuamayo", "carhuaz", "cascas", "catacaos", "ccaquiracunca", "ccolo", "ccuntuma", "celendin", "cerro de pasco", "chachapoyas", "chancay", "chaupimarca", "chazuta", "checacupe", "checca", "chepen", "chicama", "chiclayo", "chignayhua", "chilca", "chimbote", "chincha alta", "chipispaya", "chivay", "chocope", "chongoyape", "chosica", "chota", "chulucanas", "chupaca", "chuquitira", "cocachacra", "coishco", "combapata", "concepcion", "conchopata", "contamana", "coracora", "cullcuyre", "cusco", "desaguadero", "el alto", "eten", "ferrenafe", "guadalupe", "hacienda huancane", "huacho", "hualmay", "huamachuco", "huancabamba", "huancavelica", "huancayo", "huanta", "huanuco", "huaral", "huarancante", "huaraz", "huarichancara", "huarmey", "huasahuasi", "huaura", "huayna alcalde", "huayucachi", "huicungo", "iberia", "ica", "ilabaya", "ilave", "ilo", "imperial", "independencia", "iquitos", "jaen", "jatun orcochiri", "jauja", "jayanca", "jayobamba", "jayune", "jepelacio", "juanjui", "juli", "juliaca", "junin", "la breita", "la huaca", "la oroya", "la peca", "la rinconada", "la union", "la union", "lagunas", "lamas", "lambayeque", "lampa", "langui", "laredo", "las lomas", "layo", "lima", "lima pampa", "llata", "llongasora", "lluta", "los aquijes", "macusani", "mala", "mancora", "marangani", "marcavelica", "matucana", "mazamari", "minas de marcona", "moche", "mochumi", "mollendo", "monsefu", "moquegua", "morococha", "morrope", "morropon", "mosoc cancha", "mosoc llacta", "motupe", "moyobamba", "nazca", "nicolas de pierola", "nuevo imperial", "nunoa", "ollantaytambo", "olmos", "orcopampa", "orcotuna", "oropesa", "otuzco", "oxapampa", "oyon", "oyotun", "pacanga", "pacasmayo", "pacocha", "paijan", "paita", "palpa", "pampamarca", "pampas", "pangoa", "papayal", "paracas", "paramonga", "pativilca", "perene", "picota", "picsi", "pilcomay", "pimentel", "pisac", "pisco", "piura", "pomabamba", "pucallpa", "pucara", "pueblo nuevo", "pueblo nuevo", "puerto maldonado", "puerto santa", "puerto supe", "pujocucho", "puno", "punta de bombon", "puquio", "putina", "qquea", "querecotillo", "queromarca", "quilahuani", "quilmana", "quiruvilca", "ramon castilla", "reque", "ricardo palma", "rio grande", "rioja", "salaverry", "salinera colan", "salitral", "san agustin", "san bartolo", "san clemente", "san ignacio", "san isidro", "san jeronimo", "san jeronimo", "san jose", "san jose de sisa", "san juan bautista", "san luis", "san miguel", "san miguel de cauri", "san pablo", "san pedro de cachora", "san pedro de cajas", "san pedro de lloc", "san ramon", "san vicente de canete", "santa ana", "santa eulalia", "santa lucia", "santa maria", "santa rosa", "santiago", "santiago de cao", "santiago de chuco", "santo tomas", "saposoa", "saquena", "satipo", "sayan", "sechura", "sicaya", "sicuani", "soritor", "subtanjalla", "sullana", "supe", "tabalosos", "tacna", "talara", "talavera", "tambo", "tambo grande", "tambopata", "taquile", "tarata", "tarma", "tingo maria", "tinta", "tinyahuarco", "tocache nuevo", "torata", "totoral", "trujillo", "tucume", "tumbes", "tungasuca", "uchiza", "urcos", "urubamba", "vegueta", "vice", "villa rica", "villa tupac amaru", "viru", "vizcachane", "yanacancha", "yanahuanca", "yanaoca", "yauya", "yungay", "yunguyo", "yura", "yurimaguas", "zana", "zarumilla", "zorritos"]}], [{"col": "c2", "type": "TEXT", "data": ["apurimac", "arequipa", "junin", "tumbes", "huanuco", "apurimac", "cusco", "arequipa", "la libertad", "puno", "piura", "ayacucho", "puno", "ayacucho", "puno", "amazonas", "cajamarca", "loreto", "lima", "san martin", "cajamarca", "piura", "piura", "cusco", "cajamarca", "cajamarca", "amazonas", "cusco", "lima", "cusco", "callao", "arequipa", "ucayali", "tacna", "ancash", "junin", "ancash", "cajamarca", "piura", "cusco", "arequipa", "cusco", "cajamarca", "pasco", "amazonas", "lima", "pasco", "san martin", "cusco", "cusco", "la libertad", "la libertad", "lambayeque", "cusco", "lima", "ancash", "ica", "tacna", "arequipa", "la libertad", "lambayeque", "lima", "cajamarca", "piura", "junin", "tacna", "arequipa", "ancash", "cusco", "junin", "cusco", "loreto", "ayacucho", "cusco", "cusco", "puno", "piura", "lambayeque", "lambayeque", "la libertad", "puno", "lima", "lima", "la libertad", "piura", "huancavelica", "junin", "ayacucho", "huanuco", "lima", "arequipa", "ancash", "arequipa", "ancash", "junin", "lima", "cusco", "junin", "san martin", "madre de dios", "ica", "tacna", "puno", "moquegua", "lima", "lima", "loreto", "cajamarca", "arequipa", "junin", "lambayeque", "cusco", "arequipa", "san martin", "san martin", "puno", "puno", "junin", "piura", "piura", "junin", "amazonas", "puno", "huanuco", "piura", "loreto", "san martin", "lambayeque", "puno", "cusco", "la libertad", "piura", "cusco", "n/a (lima province)", "cusco", "huanuco", "arequipa", "arequipa", "ica", "puno", "lima", "piura", "cusco", "piura", "lima", "junin", "ica", "la libertad", "lambayeque", "arequipa", "lambayeque", "moquegua", "junin", "lambayeque", "piura", "cusco", "cusco", "lambayeque", "san martin", "ica", "lima", "lima", "puno", "cusco", "lambayeque", "arequipa", "junin", "cusco", "la libertad", "pasco", "lima", "lambayeque", "la libertad", "la libertad", "moquegua", "la libertad", "piura", "ica", "cusco", "huancavelica", "cusco", "tumbes", "ica", "lima", "lima", "junin", "san martin", "lambayeque", "junin", "lambayeque", "cusco", "ica", "piura", "ancash", "ucayali", "arequipa", "la libertad", "lambayeque", "madre de dios", "ancash", "lima", "tacna", "puno", "arequipa", "ayacucho", "puno", "cusco", "piura", "cusco", "tacna", "lima", "la libertad", "loreto", "lambayeque", "lima", "ica", "san martin", "la libertad", "piura", "piura", "junin", "lima", "ica", "cajamarca", "lima", "apurimac", "junin", "lambayeque", "san martin", "ica", "lima", "ayacucho", "huanuco", "cusco", "apurimac", "junin", "la libertad", "junin", "lima", "cusco", "lima", "puno", "lima", "lambayeque", "ica", "la libertad", "la libertad", "cusco", "san martin", "loreto", "junin", "lima", "piura", "junin", "cusco", "san martin", "ica", "piura", "lima", "san martin", "tacna", "piura", "apurimac", "ayacucho", "piura", "madre de dios", "puno", "tacna", "junin", "huanuco", "cusco", "pasco", "san martin", "moquegua", "tacna", "la libertad", "lambayeque", "tumbes", "cusco", "san martin", "cusco", "cusco", "lima", "piura", "pasco", "ica", "la libertad", "arequipa", "huanuco", "pasco", "cusco", "ancash", "ancash", "puno", "arequipa", "loreto", "lambayeque", "tumbes", "tumbes"]}], [{"col": "c3", "type": "TEXT", "data": ["13\u00b038\u203202\u2032\u2032s 72\u00b052\u203253\u2032\u2032w\ufeff / \ufeff13.63389\u00b0s 72.88139\u00b0w", "15\u00b025\u203252\u2032\u2032s 74\u00b036\u203257\u2032\u2032w\ufeff / \ufeff15.43111\u00b0s 74.61583\u00b0w", "11\u00b043\u203255\u2032\u2032s 75\u00b032\u203247\u2032\u2032w\ufeff / \ufeff11.73193\u00b0s 75.54634\u00b0w", "3\u00b028\u203253\u2032\u2032s 80\u00b014\u203242\u2032\u2032w\ufeff / \ufeff3.48139\u00b0s 80.245\u00b0w", "10\u00b007\u203251\u2032\u2032s 76\u00b012\u203217\u2032\u2032w\ufeff / \ufeff10.13083\u00b0s 76.20472\u00b0w", "13\u00b039\u203220\u2032\u2032s 73\u00b023\u203214\u2032\u2032w\ufeff / \ufeff13.65556\u00b0s 73.38722\u00b0w", "13\u00b028\u203214\u2032\u2032s 72\u00b008\u203254\u2032\u2032w\ufeff / \ufeff13.47056\u00b0s 72.14833\u00b0w", "16\u00b023\u203256\u2032\u2032s 71\u00b032\u203206\u2032\u2032w\ufeff / \ufeff16.39889\u00b0s 71.535\u00b0w", "7\u00b042\u203252\u2032\u2032s 79\u00b006\u203228\u2032\u2032w\ufeff / \ufeff7.71444\u00b0s 79.10778\u00b0w", "15\u00b041\u203200\u2032\u2032s 70\u00b009\u203200\u2032\u2032w\ufeff / \ufeff15.68333\u00b0s 70.15\u00b0w", "4\u00b038\u203223\u2032\u2032s 79\u00b042\u203254\u2032\u2032w\ufeff / \ufeff4.63983\u00b0s 79.71491\u00b0w", "13\u00b009\u203230\u2032\u2032s 74\u00b013\u203226\u2032\u2032w\ufeff / \ufeff13.15833\u00b0s 74.22389\u00b0w", "14\u00b053\u203211\u2032\u2032s 70\u00b035\u203220\u2032\u2032w\ufeff / \ufeff14.88639\u00b0s 70.58889\u00b0w", "12\u00b039\u203200\u2032\u2032s 73\u00b055\u203200\u2032\u2032w\ufeff / \ufeff12.65\u00b0s 73.91667\u00b0w", "14\u00b055\u203200\u2032\u2032s 70\u00b013\u203200\u2032\u2032w\ufeff / \ufeff14.91667\u00b0s 70.21667\u00b0w", "5\u00b045\u203222\u2032\u2032s 78\u00b026\u203228\u2032\u2032w\ufeff / \ufeff5.75611\u00b0s 78.44111\u00b0w", "6\u00b041\u203200\u2032\u2032s 78\u00b032\u203200\u2032\u2032w\ufeff / \ufeff6.68333\u00b0s 78.53333\u00b0w", "4\u00b050\u203200\u2032\u2032s 76\u00b042\u203200\u2032\u2032w\ufeff / \ufeff4.83333\u00b0s 76.7\u00b0w", "10\u00b045\u203200\u2032\u2032s 77\u00b046\u203200\u2032\u2032w\ufeff / \ufeff10.75\u00b0s 77.76667\u00b0w", "7\u00b003\u203222\u2032\u2032s 76\u00b035\u203228\u2032\u2032w\ufeff / \ufeff7.05614\u00b0s 76.5911\u00b0w", "5\u00b039\u203251\u2032\u2032s 78\u00b040\u203238\u2032\u2032w\ufeff / \ufeff5.66417\u00b0s 78.67722\u00b0w", "5\u00b027\u2032s 80\u00b045\u2032w\ufeff / \ufeff5.45\u00b0s 80.75\u00b0w", "5\u00b015\u203239\u2032\u2032s 79\u00b057\u203251\u2032\u2032w\ufeff / \ufeff5.26083\u00b0s 79.96417\u00b0w", "14\u00b020\u203228\u2032\u2032s 71\u00b028\u203210\u2032\u2032w\ufeff / \ufeff14.34111\u00b0s 71.46944\u00b0w", "7\u00b037\u203200\u2032\u2032s 78\u00b003\u203200\u2032\u2032w\ufeff / \ufeff7.61667\u00b0s 78.05\u00b0w", "7\u00b009\u203250\u2032\u2032s 78\u00b030\u203201\u2032\u2032w\ufeff / \ufeff7.16378\u00b0s 78.50027\u00b0w", "5\u00b044\u203211\u2032\u2032s 78\u00b025\u203232\u2032\u2032w\ufeff / \ufeff5.73639\u00b0s 78.42556\u00b0w", "13\u00b020\u203200\u2032\u2032s 71\u00b057\u203200\u2032\u2032w\ufeff / \ufeff13.33333\u00b0s 71.95\u00b0w", "11\u00b005\u203233\u2032\u2032s 77\u00b037\u203236\u2032\u2032w\ufeff / \ufeff11.0925\u00b0s 77.62667\u00b0w", "14\u00b010\u203246\u2032\u2032s 71\u00b008\u203225\u2032\u2032w\ufeff / \ufeff14.17944\u00b0s 71.14028\u00b0w", "12\u00b004\u203200\u2032\u2032s 77\u00b009\u203200\u2032\u2032w\ufeff / \ufeff12.06667\u00b0s 77.15\u00b0w", "16\u00b037\u203222\u2032\u2032s 72\u00b042\u203240\u2032\u2032w\ufeff / \ufeff16.62278\u00b0s 72.71111\u00b0w", "8\u00b028\u203231\u2032\u2032s 74\u00b048\u203221\u2032\u2032w\ufeff / \ufeff8.47528\u00b0s 74.80583\u00b0w", "17\u00b016\u203204\u2032\u2032s 70\u00b014\u203258\u2032\u2032w\ufeff / \ufeff17.26778\u00b0s 70.24944\u00b0w", "9\u00b002\u203248\u2032\u2032s 77\u00b048\u203241\u2032\u2032w\ufeff / \ufeff9.04667\u00b0s 77.81139\u00b0w", "10\u00b055\u203200\u2032\u2032s 76\u00b002\u203200\u2032\u2032w\ufeff / \ufeff10.91667\u00b0s 76.03333\u00b0w", "9\u00b016\u203255\u2032\u2032s 77\u00b038\u203241\u2032\u2032w\ufeff / \ufeff9.28194\u00b0s 77.64472\u00b0w", "7\u00b029\u203200\u2032\u2032s 78\u00b049\u203200\u2032\u2032w\ufeff / \ufeff7.48333\u00b0s 78.81667\u00b0w", "5\u00b016\u203200\u2032\u2032s 80\u00b041\u203200\u2032\u2032w\ufeff / \ufeff5.26667\u00b0s 80.68333\u00b0w", "14\u00b016\u203243\u2032\u2032s 71\u00b026\u203258\u2032\u2032w\ufeff / \ufeff14.27861\u00b0s 71.44944\u00b0w", "15\u00b030\u203221\u2032\u2032s 71\u00b029\u203230\u2032\u2032w\ufeff / \ufeff15.50583\u00b0s 71.49167\u00b0w", "14\u00b007\u203234\u2032\u2032s 71\u00b024\u203240\u2032\u2032w\ufeff / \ufeff14.12611\u00b0s 71.41111\u00b0w", "6\u00b052\u203213\u2032\u2032s 78\u00b009\u203206\u2032\u2032w\ufeff / \ufeff6.87028\u00b0s 78.15167\u00b0w", "10\u00b041\u203200\u2032\u2032s 76\u00b016\u203200\u2032\u2032w\ufeff / \ufeff10.68333\u00b0s 76.26667\u00b0w", "6\u00b013\u203254\u2032\u2032s 77\u00b052\u203209\u2032\u2032w\ufeff / \ufeff6.23169\u00b0s 77.86903\u00b0w", "11\u00b034\u203217\u2032\u2032s 77\u00b016\u203202\u2032\u2032w\ufeff / \ufeff11.57139\u00b0s 77.26722\u00b0w", "10\u00b026\u203200\u2032\u2032s 76\u00b032\u203200\u2032\u2032w\ufeff / \ufeff10.43333\u00b0s 76.53333\u00b0w", "6\u00b034\u203227\u2032\u2032s 76\u00b008\u203212\u2032\u2032w\ufeff / \ufeff6.57417\u00b0s 76.13667\u00b0w", "14\u00b001\u203237\u2032\u2032s 71\u00b027\u203210\u2032\u2032w\ufeff / \ufeff14.02694\u00b0s 71.45278\u00b0w", "14\u00b028\u203222\u2032\u2032s 71\u00b023\u203238\u2032\u2032w\ufeff / \ufeff14.47278\u00b0s 71.39389\u00b0w", "7\u00b013\u203200\u2032\u2032s 79\u00b027\u203200\u2032\u2032w\ufeff / \ufeff7.21667\u00b0s 79.45\u00b0w", "7\u00b050\u203241\u2032\u2032s 79\u00b008\u203249\u2032\u2032w\ufeff / \ufeff7.84472\u00b0s 79.14694\u00b0w", "6\u00b046\u203225\u2032\u2032s 79\u00b050\u203230\u2032\u2032w\ufeff / \ufeff6.77361\u00b0s 79.84167\u00b0w", "14\u00b014\u203235\u2032\u2032s 71\u00b026\u203231\u2032\u2032w\ufeff / \ufeff14.24306\u00b0s 71.44194\u00b0w", "12\u00b031\u203216\u2032\u2032s 76\u00b044\u203214\u2032\u2032w\ufeff / \ufeff12.52111\u00b0s 76.73722\u00b0w", "9\u00b005\u203207\u2032\u2032s 78\u00b034\u203242\u2032\u2032w\ufeff / \ufeff9.08528\u00b0s 78.57833\u00b0w", "13\u00b024\u203235\u2032\u2032s 76\u00b007\u203256\u2032\u2032w\ufeff / \ufeff13.40985\u00b0s 76.13235\u00b0w", "17\u00b029\u203250\u2032\u2032s 70\u00b012\u203258\u2032\u2032w\ufeff / \ufeff17.49722\u00b0s 70.21611\u00b0w", "15\u00b038\u203218\u2032\u2032s 71\u00b036\u203204\u2032\u2032w\ufeff / \ufeff15.63833\u00b0s 71.60111\u00b0w", "7\u00b047\u203229\u2032\u2032s 79\u00b013\u203218\u2032\u2032w\ufeff / \ufeff7.79139\u00b0s 79.22167\u00b0w", "6\u00b038\u203226\u2032\u2032s 79\u00b023\u203221\u2032\u2032w\ufeff / \ufeff6.64056\u00b0s 79.38917\u00b0w", "11\u00b056\u203235\u2032\u2032s 76\u00b042\u203234\u2032\u2032w\ufeff / \ufeff11.94306\u00b0s 76.70944\u00b0w", "6\u00b033\u2032s 78\u00b039\u2032w\ufeff / \ufeff6.55\u00b0s 78.65\u00b0w", "5\u00b005\u203233\u2032\u2032s 80\u00b009\u203245\u2032\u2032w\ufeff / \ufeff5.0925\u00b0s 80.1625\u00b0w", "12\u00b004\u203200\u2032\u2032s 75\u00b017\u203200\u2032\u2032w\ufeff / \ufeff12.06667\u00b0s 75.28333\u00b0w", "17\u00b017\u203216\u2032\u2032s 70\u00b002\u203242\u2032\u2032w\ufeff / \ufeff17.28778\u00b0s 70.045\u00b0w", "17\u00b005\u203218\u2032\u2032s 71\u00b045\u203227\u2032\u2032w\ufeff / \ufeff17.08833\u00b0s 71.7575\u00b0w", "9\u00b001\u203223\u2032\u2032s 78\u00b036\u203256\u2032\u2032w\ufeff / \ufeff9.02306\u00b0s 78.61556\u00b0w", "14\u00b006\u203204\u2032\u2032s 71\u00b025\u203246\u2032\u2032w\ufeff / \ufeff14.10111\u00b0s 71.42944\u00b0w", "11\u00b055\u203205\u2032\u2032s 75\u00b018\u203242\u2032\u2032w\ufeff / \ufeff11.91811\u00b0s 75.31173\u00b0w", "14\u00b028\u203216\u2032\u2032s 71\u00b011\u203253\u2032\u2032w\ufeff / \ufeff14.47111\u00b0s 71.19806\u00b0w", "7\u00b020\u203200\u2032\u2032s 75\u00b001\u203200\u2032\u2032w\ufeff / \ufeff7.33333\u00b0s 75.01667\u00b0w", "15\u00b002\u203200\u2032\u2032s 73\u00b047\u203200\u2032\u2032w\ufeff / \ufeff15.03333\u00b0s 73.78333\u00b0w", "14\u00b005\u203236\u2032\u2032s 71\u00b019\u203257\u2032\u2032w\ufeff / \ufeff14.09333\u00b0s 71.3325\u00b0w", "13\u00b031\u203206\u2032\u2032s 71\u00b058\u203241\u2032\u2032w\ufeff / \ufeff13.51833\u00b0s 71.97806\u00b0w", "16\u00b033\u203256\u2032\u2032s 69\u00b002\u203230\u2032\u2032w\ufeff / \ufeff16.56556\u00b0s 69.04167\u00b0w", "4\u00b016\u203217\u2032\u2032s 81\u00b012\u203253\u2032\u2032w\ufeff / \ufeff4.27139\u00b0s 81.21472\u00b0w", "6\u00b054\u203229\u2032\u2032s 79\u00b051\u203251\u2032\u2032w\ufeff / \ufeff6.90806\u00b0s 79.86417\u00b0w", "6\u00b038\u203220\u2032\u2032s 79\u00b047\u203220\u2032\u2032w\ufeff / \ufeff6.63889\u00b0s 79.78889\u00b0w", "7\u00b015\u203200\u2032\u2032s 79\u00b029\u203200\u2032\u2032w\ufeff / \ufeff7.25\u00b0s 79.48333\u00b0w", "15\u00b049\u203220\u2032\u2032s 70\u00b053\u203208\u2032\u2032w\ufeff / \ufeff15.82222\u00b0s 70.88556\u00b0w", "11\u00b006\u203224\u2032\u2032s 77\u00b036\u203218\u2032\u2032w\ufeff / \ufeff11.10667\u00b0s 77.605\u00b0w", "11\u00b005\u203247\u2032\u2032s 77\u00b036\u203250\u2032\u2032w\ufeff / \ufeff11.09639\u00b0s 77.61389\u00b0w", "7\u00b048\u203200\u2032\u2032s 78\u00b004\u203200\u2032\u2032w\ufeff / \ufeff7.8\u00b0s 78.06667\u00b0w", "5\u00b014\u203219\u2032\u2032s 79\u00b027\u203202\u2032\u2032w\ufeff / \ufeff5.23861\u00b0s 79.45056\u00b0w", "12\u00b046\u203200\u2032\u2032s 74\u00b059\u203200\u2032\u2032w\ufeff / \ufeff12.76667\u00b0s 74.98333\u00b0w", "12\u00b004\u203200\u2032\u2032s 75\u00b014\u203200\u2032\u2032w\ufeff / \ufeff12.06667\u00b0s 75.23333\u00b0w", "12\u00b056\u203200\u2032\u2032s 74\u00b015\u203200\u2032\u2032w\ufeff / \ufeff12.93333\u00b0s 74.25\u00b0w", "9\u00b055\u203258\u2032\u2032s 76\u00b014\u203230\u2032\u2032w\ufeff / \ufeff9.9329\u00b0s 76.24153\u00b0w", "11\u00b029\u203242\u2032\u2032s 77\u00b012\u203228\u2032\u2032w\ufeff / \ufeff11.495\u00b0s 77.20778\u00b0w", "15\u00b046\u203205\u2032\u2032s 71\u00b027\u203235\u2032\u2032w\ufeff / \ufeff15.76806\u00b0s 71.45972\u00b0w", "9\u00b032\u203200\u2032\u2032s 77\u00b032\u203200\u2032\u2032w\ufeff / \ufeff9.53333\u00b0s 77.53333\u00b0w", "15\u00b038\u203223\u2032\u2032s 71\u00b003\u203240\u2032\u2032w\ufeff / \ufeff15.63972\u00b0s 71.06111\u00b0w", "10\u00b004\u203205\u2032\u2032s 78\u00b009\u203208\u2032\u2032w\ufeff / \ufeff10.06806\u00b0s 78.15222\u00b0w", "11\u00b019\u203200\u2032\u2032s 75\u00b037\u203200\u2032\u2032w\ufeff / \ufeff11.31667\u00b0s 75.61667\u00b0w", "11\u00b004\u203212\u2032\u2032s 77\u00b035\u203258\u2032\u2032w\ufeff / \ufeff11.07\u00b0s 77.59944\u00b0w", "14\u00b015\u203255\u2032\u2032s 71\u00b004\u203254\u2032\u2032w\ufeff / \ufeff14.26528\u00b0s 71.08167\u00b0w", "12\u00b008\u203200\u2032\u2032s 75\u00b014\u203200\u2032\u2032w\ufeff / \ufeff12.13333\u00b0s 75.23333\u00b0w", "7\u00b017\u203200\u2032\u2032s 76\u00b048\u203200\u2032\u2032w\ufeff / \ufeff7.28333\u00b0s 76.8\u00b0w", "11\u00b021\u203200\u2032\u2032s 69\u00b035\u203200\u2032\u2032w\ufeff / \ufeff11.35\u00b0s 69.58333\u00b0w", "14\u00b003\u203255\u2032\u2032s 75\u00b043\u203251\u2032\u2032w\ufeff / \ufeff14.06528\u00b0s 75.73083\u00b0w", "17\u00b025\u203215\u2032\u2032s 70\u00b030\u203248\u2032\u2032w\ufeff / \ufeff17.42083\u00b0s 70.51333\u00b0w", "16\u00b005\u203200\u2032\u2032s 69\u00b040\u203200\u2032\u2032w\ufeff / \ufeff16.08333\u00b0s 69.66667\u00b0w", "17\u00b038\u203222\u2032\u2032s 71\u00b020\u203215\u2032\u2032w\ufeff / \ufeff17.63944\u00b0s 71.3375\u00b0w", "13\u00b003\u203233\u2032\u2032s 76\u00b021\u203210\u2032\u2032w\ufeff / \ufeff13.05927\u00b0s 76.35269\u00b0w", "11\u00b059\u203224\u2032\u2032s 77\u00b002\u203245\u2032\u2032w\ufeff / \ufeff11.99\u00b0s 77.04583\u00b0w", "3\u00b044\u203253\u2032\u2032s 73\u00b014\u203250\u2032\u2032w\ufeff / \ufeff3.74806\u00b0s 73.24722\u00b0w", "5\u00b042\u203229\u2032\u2032s 78\u00b048\u203217\u2032\u2032w\ufeff / \ufeff5.70806\u00b0s 78.80472\u00b0w", "15\u00b045\u203200\u2032\u2032s 71\u00b020\u203248\u2032\u2032w\ufeff / \ufeff15.75\u00b0s 71.34667\u00b0w", "11\u00b046\u203233\u2032\u2032s 75\u00b029\u203248\u2032\u2032w\ufeff / \ufeff11.77584\u00b0s 75.49656\u00b0w", "6\u00b023\u203227\u2032\u2032s 79\u00b049\u203219\u2032\u2032w\ufeff / \ufeff6.39083\u00b0s 79.82194\u00b0w", "14\u00b005\u203239\u2032\u2032s 71\u00b020\u203219\u2032\u2032w\ufeff / \ufeff14.09417\u00b0s 71.33861\u00b0w", "15\u00b033\u203248\u2032\u2032s 71\u00b018\u203211\u2032\u2032w\ufeff / \ufeff15.56333\u00b0s 71.30306\u00b0w", "6\u00b007\u203200\u2032\u2032s 76\u00b057\u203200\u2032\u2032w\ufeff / \ufeff6.11667\u00b0s 76.95\u00b0w", "7\u00b010\u203240\u2032\u2032s 76\u00b043\u203253\u2032\u2032w\ufeff / \ufeff7.17785\u00b0s 76.73135\u00b0w", "16\u00b013\u203200\u2032\u2032s 69\u00b027\u203200\u2032\u2032w\ufeff / \ufeff16.21667\u00b0s 69.45\u00b0w", "15\u00b030\u203200\u2032\u2032s 70\u00b008\u203200\u2032\u2032w\ufeff / \ufeff15.5\u00b0s 70.13333\u00b0w", "11\u00b009\u203232\u2032\u2032s 75\u00b059\u203235\u2032\u2032w\ufeff / \ufeff11.15889\u00b0s 75.99306\u00b0w", "4\u00b015\u203239\u2032\u2032s 80\u00b053\u203215\u2032\u2032w\ufeff / \ufeff4.26083\u00b0s 80.8875\u00b0w", "4\u00b054\u203242\u2032\u2032s 80\u00b057\u203236\u2032\u2032w\ufeff / \ufeff4.91167\u00b0s 80.96\u00b0w", "11\u00b031\u203208\u2032\u2032s 75\u00b053\u203258\u2032\u2032w\ufeff / \ufeff11.51893\u00b0s 75.89935\u00b0w", "5\u00b036\u203240\u2032\u2032s 78\u00b026\u203206\u2032\u2032w\ufeff / \ufeff5.61111\u00b0s 78.435\u00b0w", "14\u00b037\u203253\u2032\u2032s 69\u00b026\u203247\u2032\u2032w\ufeff / \ufeff14.63126\u00b0s 69.44638\u00b0w", "9\u00b049\u203245\u2032\u2032s 76\u00b048\u203206\u2032\u2032w\ufeff / \ufeff9.82907\u00b0s 76.8018\u00b0w", "5\u00b024\u2032s 80\u00b045\u2032w\ufeff / \ufeff5.4\u00b0s 80.75\u00b0w", "5\u00b013\u203237\u2032\u2032s 75\u00b040\u203231\u2032\u2032w\ufeff / \ufeff5.22694\u00b0s 75.67528\u00b0w", "6\u00b025\u203200\u2032\u2032s 76\u00b032\u203200\u2032\u2032w\ufeff / \ufeff6.41667\u00b0s 76.53333\u00b0w", "6\u00b042\u203204\u2032\u2032s 79\u00b054\u203222\u2032\u2032w\ufeff / \ufeff6.70111\u00b0s 79.90611\u00b0w", "15\u00b021\u203200\u2032\u2032s 70\u00b022\u203200\u2032\u2032w\ufeff / \ufeff15.35\u00b0s 70.36667\u00b0w", "14\u00b025\u203255\u2032\u2032s 71\u00b016\u203223\u2032\u2032w\ufeff / \ufeff14.43194\u00b0s 71.27306\u00b0w", "8\u00b005\u203223\u2032\u2032s 78\u00b057\u203237\u2032\u2032w\ufeff / \ufeff8.08965\u00b0s 78.9602\u00b0w", "4\u00b039\u203212\u2032\u2032s 80\u00b014\u203248\u2032\u2032w\ufeff / \ufeff4.65333\u00b0s 80.24667\u00b0w", "14\u00b029\u203237\u2032\u2032s 71\u00b009\u203218\u2032\u2032w\ufeff / \ufeff14.49361\u00b0s 71.155\u00b0w", "12\u00b002\u203235\u2032\u2032s 77\u00b001\u203242\u2032\u2032w\ufeff / \ufeff12.04318\u00b0s 77.02824\u00b0w", "14\u00b005\u203219\u2032\u2032s 71\u00b020\u203214\u2032\u2032w\ufeff / \ufeff14.08861\u00b0s 71.33722\u00b0w", "9\u00b025\u203200\u2032\u2032s 76\u00b047\u203200\u2032\u2032w\ufeff / \ufeff9.41667\u00b0s 76.78333\u00b0w", "15\u00b038\u203221\u2032\u2032s 71\u00b017\u203259\u2032\u2032w\ufeff / \ufeff15.63917\u00b0s 71.29972\u00b0w", "16\u00b000\u203253\u2032\u2032s 72\u00b000\u203251\u2032\u2032w\ufeff / \ufeff16.01472\u00b0s 72.01417\u00b0w", "14\u00b005\u203248\u2032\u2032s 75\u00b041\u203227\u2032\u2032w\ufeff / \ufeff14.09667\u00b0s 75.69083\u00b0w", "14\u00b005\u203200\u2032\u2032s 70\u00b026\u203200\u2032\u2032w\ufeff / \ufeff14.08333\u00b0s 70.43333\u00b0w", "12\u00b039\u203229\u2032\u2032s 76\u00b037\u203251\u2032\u2032w\ufeff / \ufeff12.65806\u00b0s 76.63083\u00b0w", "4\u00b006\u203228\u2032\u2032s 81\u00b002\u203251\u2032\u2032w\ufeff / \ufeff4.10778\u00b0s 81.0475\u00b0w", "14\u00b021\u203228\u2032\u2032s 71\u00b010\u203207\u2032\u2032w\ufeff / \ufeff14.35778\u00b0s 71.16861\u00b0w", "4\u00b052\u203240\u2032\u2032s 80\u00b042\u203219\u2032\u2032w\ufeff / \ufeff4.87778\u00b0s 80.70528\u00b0w", "11\u00b051\u2032s 76\u00b024\u2032w\ufeff / \ufeff11.85\u00b0s 76.4\u00b0w", "11\u00b019\u203233\u2032\u2032s 74\u00b031\u203251\u2032\u2032w\ufeff / \ufeff11.32583\u00b0s 74.53083\u00b0w", "15\u00b012\u203243\u2032\u2032s 75\u00b006\u203237\u2032\u2032w\ufeff / \ufeff15.21194\u00b0s 75.11028\u00b0w", "8\u00b010\u203216\u2032\u2032s 79\u00b000\u203233\u2032\u2032w\ufeff / \ufeff8.17111\u00b0s 79.00917\u00b0w", "6\u00b032\u203249\u2032\u2032s 79\u00b051\u203247\u2032\u2032w\ufeff / \ufeff6.54694\u00b0s 79.86306\u00b0w", "17\u00b001\u203223\u2032\u2032s 72\u00b000\u203253\u2032\u2032w\ufeff / \ufeff17.02306\u00b0s 72.01472\u00b0w", "6\u00b052\u203241\u2032\u2032s 79\u00b052\u203220\u2032\u2032w\ufeff / \ufeff6.87806\u00b0s 79.87222\u00b0w", "17\u00b011\u203244\u2032\u2032s 70\u00b056\u203207\u2032\u2032w\ufeff / \ufeff17.19556\u00b0s 70.93528\u00b0w", "11\u00b035\u203259\u2032\u2032s 76\u00b008\u203228\u2032\u2032w\ufeff / \ufeff11.59972\u00b0s 76.14111\u00b0w", "6\u00b032\u203230\u2032\u2032s 80\u00b000\u203240\u2032\u2032w\ufeff / \ufeff6.54167\u00b0s 80.01111\u00b0w", "5\u00b010\u203256\u2032\u2032s 79\u00b058\u203208\u2032\u2032w\ufeff / \ufeff5.18222\u00b0s 79.96889\u00b0w", "14\u00b017\u203204\u2032\u2032s 71\u00b004\u203221\u2032\u2032w\ufeff / \ufeff14.28444\u00b0s 71.0725\u00b0w", "14\u00b007\u203212\u2032\u2032s 71\u00b028\u203222\u2032\u2032w\ufeff / \ufeff14.12\u00b0s 71.47278\u00b0w", "6\u00b009\u203207\u2032\u2032s 79\u00b042\u203251\u2032\u2032w\ufeff / \ufeff6.15194\u00b0s 79.71417\u00b0w", "6\u00b003\u203200\u2032\u2032s 76\u00b058\u203200\u2032\u2032w\ufeff / \ufeff6.05\u00b0s 76.96667\u00b0w", "14\u00b050\u203200\u2032\u2032s 74\u00b057\u203200\u2032\u2032w\ufeff / \ufeff14.83333\u00b0s 74.95\u00b0w", "11\u00b057\u2032s 76\u00b042\u2032w\ufeff / \ufeff11.95\u00b0s 76.7\u00b0w", "13\u00b004\u203231\u2032\u2032s 76\u00b019\u203202\u2032\u2032w\ufeff / \ufeff13.07541\u00b0s 76.31719\u00b0w", "14\u00b028\u203248\u2032\u2032s 70\u00b038\u203228\u2032\u2032w\ufeff / \ufeff14.48\u00b0s 70.64111\u00b0w", "13\u00b015\u203226\u2032\u2032s 72\u00b015\u203247\u2032\u2032w\ufeff / \ufeff13.25722\u00b0s 72.26306\u00b0w", "5\u00b059\u203205\u2032\u2032s 79\u00b044\u203243\u2032\u2032w\ufeff / \ufeff5.98472\u00b0s 79.74528\u00b0w", "15\u00b015\u203258\u2032\u2032s 72\u00b020\u203230\u2032\u2032w\ufeff / \ufeff15.26611\u00b0s 72.34167\u00b0w", "11\u00b058\u203200\u2032\u2032s 75\u00b020\u203200\u2032\u2032w\ufeff / \ufeff11.96667\u00b0s 75.33333\u00b0w", "13\u00b035\u203234\u2032\u2032s 71\u00b046\u203219\u2032\u2032w\ufeff / \ufeff13.59278\u00b0s 71.77194\u00b0w", "7\u00b054\u203200\u2032\u2032s 78\u00b035\u203200\u2032\u2032w\ufeff / \ufeff7.9\u00b0s 78.58333\u00b0w", "10\u00b034\u203239\u2032\u2032s 75\u00b024\u203206\u2032\u2032w\ufeff / \ufeff10.5775\u00b0s 75.40167\u00b0w", "10\u00b040\u203205\u2032\u2032s 76\u00b046\u203223\u2032\u2032w\ufeff / \ufeff10.66806\u00b0s 76.77306\u00b0w", "6\u00b051\u203207\u2032\u2032s 79\u00b018\u203213\u2032\u2032w\ufeff / \ufeff6.85194\u00b0s 79.30361\u00b0w", "7\u00b010\u203200\u2032\u2032s 79\u00b030\u203200\u2032\u2032w\ufeff / \ufeff7.16667\u00b0s 79.5\u00b0w", "7\u00b024\u203202\u2032\u2032s 79\u00b034\u203217\u2032\u2032w\ufeff / \ufeff7.40056\u00b0s 79.57139\u00b0w", "17\u00b035\u203200\u2032\u2032s 71\u00b020\u203200\u2032\u2032w\ufeff / \ufeff17.58333\u00b0s 71.33333\u00b0w", "7\u00b044\u203200\u2032\u2032s 79\u00b018\u203208\u2032\u2032w\ufeff / \ufeff7.73333\u00b0s 79.30222\u00b0w", "5\u00b005\u203221\u2032\u2032s 81\u00b006\u203252\u2032\u2032w\ufeff / \ufeff5.08917\u00b0s 81.11444\u00b0w", "14\u00b032\u203201\u2032\u2032s 75\u00b011\u203208\u2032\u2032w\ufeff / \ufeff14.53361\u00b0s 75.18556\u00b0w", "14\u00b008\u203247\u2032\u2032s 71\u00b027\u203234\u2032\u2032w\ufeff / \ufeff14.14639\u00b0s 71.45944\u00b0w", "12\u00b024\u2032s 74\u00b054\u2032w\ufeff / \ufeff12.4\u00b0s 74.9\u00b0w", "12\u00b007\u203200\u2032\u2032s 73\u00b000\u203200\u2032\u2032w\ufeff / \ufeff12.11667\u00b0s 73\u00b0w", "4\u00b004\u203234\u2032\u2032s 80\u00b044\u203210\u2032\u2032w\ufeff / \ufeff4.07611\u00b0s 80.73611\u00b0w", "13\u00b052\u203200\u2032\u2032s 76\u00b016\u203200\u2032\u2032w\ufeff / \ufeff13.86667\u00b0s 76.26667\u00b0w", "10\u00b040\u203200\u2032\u2032s 77\u00b050\u203200\u2032\u2032w\ufeff / \ufeff10.66667\u00b0s 77.83333\u00b0w", "10\u00b042\u203200\u2032\u2032s 77\u00b047\u203200\u2032\u2032w\ufeff / \ufeff10.7\u00b0s 77.78333\u00b0w", "10\u00b056\u203257\u2032\u2032s 75\u00b013\u203234\u2032\u2032w\ufeff / \ufeff10.94917\u00b0s 75.22611\u00b0w", "6\u00b055\u203211\u2032\u2032s 76\u00b019\u203249\u2032\u2032w\ufeff / \ufeff6.91969\u00b0s 76.33037\u00b0w", "6\u00b043\u203204\u2032\u2032s 79\u00b046\u203211\u2032\u2032w\ufeff / \ufeff6.71778\u00b0s 79.76972\u00b0w", "12\u00b003\u203200\u2032\u2032s 75\u00b016\u203200\u2032\u2032w\ufeff / \ufeff12.05\u00b0s 75.26667\u00b0w", "6\u00b050\u203212\u2032\u2032s 79\u00b056\u203203\u2032\u2032w\ufeff / \ufeff6.83667\u00b0s 79.93417\u00b0w", "13\u00b025\u203221\u2032\u2032s 71\u00b050\u203248\u2032\u2032w\ufeff / \ufeff13.4225\u00b0s 71.84667\u00b0w", "13\u00b042\u203200\u2032\u2032s 76\u00b013\u203200\u2032\u2032w\ufeff / \ufeff13.7\u00b0s 76.21667\u00b0w", "5\u00b012\u203200\u2032\u2032s 80\u00b038\u203200\u2032\u2032w\ufeff / \ufeff5.2\u00b0s 80.63333\u00b0w", "8\u00b050\u203200\u2032\u2032s 77\u00b028\u203200\u2032\u2032w\ufeff / \ufeff8.83333\u00b0s 77.46667\u00b0w", "8\u00b022\u203245\u2032\u2032s 74\u00b033\u203214\u2032\u2032w\ufeff / \ufeff8.37915\u00b0s 74.55387\u00b0w", "15\u00b058\u203249\u2032\u2032s 71\u00b027\u203238\u2032\u2032w\ufeff / \ufeff15.98028\u00b0s 71.46056\u00b0w", "7\u00b011\u203217\u2032\u2032s 79\u00b030\u203255\u2032\u2032w\ufeff / \ufeff7.18806\u00b0s 79.51528\u00b0w", "5\u00b043\u203200\u2032\u2032s 79\u00b053\u203200\u2032\u2032w\ufeff / \ufeff5.71667\u00b0s 79.88333\u00b0w", "12\u00b036\u203200\u2032\u2032s 69\u00b011\u203200\u2032\u2032w\ufeff / \ufeff12.6\u00b0s 69.18333\u00b0w", "8\u00b059\u203226\u2032\u2032s 78\u00b038\u203244\u2032\u2032w\ufeff / \ufeff8.99056\u00b0s 78.64556\u00b0w", "10\u00b049\u203200\u2032\u2032s 77\u00b045\u203200\u2032\u2032w\ufeff / \ufeff10.81667\u00b0s 77.75\u00b0w", "17\u00b009\u203228\u2032\u2032s 70\u00b021\u203208\u2032\u2032w\ufeff / \ufeff17.15778\u00b0s 70.35222\u00b0w", "15\u00b050\u203200\u2032\u2032s 70\u00b002\u203200\u2032\u2032w\ufeff / \ufeff15.83333\u00b0s 70.03333\u00b0w", "17\u00b010\u203218\u2032\u2032s 71\u00b047\u203235\u2032\u2032w\ufeff / \ufeff17.17167\u00b0s 71.79306\u00b0w", "14\u00b042\u203200\u2032\u2032s 74\u00b008\u203200\u2032\u2032w\ufeff / \ufeff14.7\u00b0s 74.13333\u00b0w", "15\u00b028\u203200\u2032\u2032s 69\u00b026\u203200\u2032\u2032w\ufeff / \ufeff15.46667\u00b0s 69.43333\u00b0w", "14\u00b003\u203215\u2032\u2032s 71\u00b023\u203209\u2032\u2032w\ufeff / \ufeff14.05417\u00b0s 71.38583\u00b0w", "4\u00b050\u203216\u2032\u2032s 80\u00b038\u203244\u2032\u2032w\ufeff / \ufeff4.83778\u00b0s 80.64556\u00b0w", "14\u00b010\u203257\u2032\u2032s 71\u00b023\u203204\u2032\u2032w\ufeff / \ufeff14.1825\u00b0s 71.38444\u00b0w", "17\u00b019\u203204\u2032\u2032s 70\u00b015\u203229\u2032\u2032w\ufeff / \ufeff17.31778\u00b0s 70.25806\u00b0w", "12\u00b057\u203200\u2032\u2032s 76\u00b023\u203200\u2032\u2032w\ufeff / \ufeff12.95\u00b0s 76.38333\u00b0w", "7\u00b058\u203200\u2032\u2032s 78\u00b012\u203200\u2032\u2032w\ufeff / \ufeff7.96667\u00b0s 78.2\u00b0w", "4\u00b015\u203225\u2032\u2032s 69\u00b057\u203234\u2032\u2032w\ufeff / \ufeff4.25694\u00b0s 69.95944\u00b0w", "6\u00b051\u203256\u2032\u2032s 79\u00b049\u203204\u2032\u2032w\ufeff / \ufeff6.86556\u00b0s 79.81778\u00b0w", "11\u00b055\u203205\u2032\u2032s 76\u00b039\u203259\u2032\u2032w\ufeff / \ufeff11.91806\u00b0s 76.66639\u00b0w", "14\u00b031\u203211\u2032\u2032s 75\u00b012\u203205\u2032\u2032w\ufeff / \ufeff14.51972\u00b0s 75.20139\u00b0w", "6\u00b003\u203231\u2032\u2032s 77\u00b009\u203254\u2032\u2032w\ufeff / \ufeff6.05861\u00b0s 77.165\u00b0w", "8\u00b014\u203200\u2032\u2032s 78\u00b058\u203200\u2032\u2032w\ufeff / \ufeff8.23333\u00b0s 78.96667\u00b0w", "5\u00b002\u203200\u2032\u2032s 81\u00b004\u203200\u2032\u2032w\ufeff / \ufeff5.03333\u00b0s 81.06667\u00b0w", "4\u00b051\u203226\u2032\u2032s 80\u00b040\u203252\u2032\u2032w\ufeff / \ufeff4.85722\u00b0s 80.68111\u00b0w", "11\u00b059\u203232\u2032\u2032s 75\u00b014\u203243\u2032\u2032w\ufeff / \ufeff11.99219\u00b0s 75.24528\u00b0w", "12\u00b023\u203200\u2032\u2032s 76\u00b047\u203200\u2032\u2032w\ufeff / \ufeff12.38333\u00b0s 76.78333\u00b0w", "13\u00b040\u203200\u2032\u2032s 76\u00b009\u203200\u2032\u2032w\ufeff / \ufeff13.66667\u00b0s 76.15\u00b0w", "5\u00b008\u203245\u2032\u2032s 79\u00b000\u203205\u2032\u2032w\ufeff / \ufeff5.14583\u00b0s 79.00139\u00b0w", "12\u00b007\u203200\u2032\u2032s 77\u00b003\u203200\u2032\u2032w\ufeff / \ufeff12.11667\u00b0s 77.05\u00b0w", "13\u00b039\u203201\u2032\u2032s 73\u00b021\u203254\u2032\u2032w\ufeff / \ufeff13.65028\u00b0s 73.365\u00b0w", "11\u00b056\u203250\u2032\u2032s 75\u00b016\u203259\u2032\u2032w\ufeff / \ufeff11.94717\u00b0s 75.28293\u00b0w", "6\u00b044\u203233\u2032\u2032s 79\u00b049\u203245\u2032\u2032w\ufeff / \ufeff6.7425\u00b0s 79.82917\u00b0w", "6\u00b037\u203200\u2032\u2032s 76\u00b041\u203229\u2032\u2032w\ufeff / \ufeff6.61674\u00b0s 76.69146\u00b0w", "14\u00b000\u203239\u2032\u2032s 75\u00b044\u203209\u2032\u2032w\ufeff / \ufeff14.01083\u00b0s 75.73583\u00b0w", "12\u00b004\u203200\u2032\u2032s 77\u00b000\u203200\u2032\u2032w\ufeff / \ufeff12.06667\u00b0s 77\u00b0w", "13\u00b000\u203245\u2032\u2032s 73\u00b058\u203251\u2032\u2032w\ufeff / \ufeff13.0125\u00b0s 73.98083\u00b0w", "10\u00b006\u203200\u2032\u2032s 76\u00b035\u203200\u2032\u2032w\ufeff / \ufeff10.1\u00b0s 76.58333\u00b0w", "14\u00b012\u203210\u2032\u2032s 71\u00b018\u203256\u2032\u2032w\ufeff / \ufeff14.20278\u00b0s 71.31556\u00b0w", "13\u00b038\u203200\u2032\u2032s 72\u00b053\u203200\u2032\u2032w\ufeff / \ufeff13.63333\u00b0s 72.88333\u00b0w", "11\u00b015\u203204\u2032\u2032s 75\u00b051\u203242\u2032\u2032w\ufeff / \ufeff11.25111\u00b0s 75.86167\u00b0w", "7\u00b025\u203258\u2032\u2032s 79\u00b030\u203221\u2032\u2032w\ufeff / \ufeff7.43278\u00b0s 79.50583\u00b0w", "11\u00b007\u203217\u2032\u2032s 75\u00b021\u203211\u2032\u2032w\ufeff / \ufeff11.12139\u00b0s 75.35306\u00b0w", "13\u00b004\u203230\u2032\u2032s 76\u00b023\u203201\u2032\u2032w\ufeff / \ufeff13.07512\u00b0s 76.38352\u00b0w", "12\u00b052\u203200\u2032\u2032s 72\u00b043\u203200\u2032\u2032w\ufeff / \ufeff12.86667\u00b0s 72.71667\u00b0w", "11\u00b051\u203200\u2032\u2032s 76\u00b041\u203200\u2032\u2032w\ufeff / \ufeff11.85\u00b0s 76.68333\u00b0w", "15\u00b042\u203200\u2032\u2032s 70\u00b036\u203219\u2032\u2032w\ufeff / \ufeff15.7\u00b0s 70.60528\u00b0w", "12\u00b000\u2032s 76\u00b054\u2032w\ufeff / \ufeff12\u00b0s 76.9\u00b0w", "6\u00b046\u203200\u2032\u2032s 79\u00b050\u203200\u2032\u2032w\ufeff / \ufeff6.76667\u00b0s 79.83333\u00b0w", "14\u00b011\u203219\u2032\u2032s 75\u00b042\u203251\u2032\u2032w\ufeff / \ufeff14.18861\u00b0s 75.71417\u00b0w", "7\u00b057\u203232\u2032\u2032s 79\u00b014\u203221\u2032\u2032w\ufeff / \ufeff7.95889\u00b0s 79.23917\u00b0w", "8\u00b009\u203200\u2032\u2032s 78\u00b011\u203200\u2032\u2032w\ufeff / \ufeff8.15\u00b0s 78.18333\u00b0w", "14\u00b026\u203244\u2032\u2032s 72\u00b005\u203203\u2032\u2032w\ufeff / \ufeff14.44556\u00b0s 72.08417\u00b0w", "6\u00b056\u203202\u2032\u2032s 76\u00b046\u203218\u2032\u2032w\ufeff / \ufeff6.93395\u00b0s 76.77158\u00b0w", "4\u00b040\u203200\u2032\u2032s 73\u00b031\u203200\u2032\u2032w\ufeff / \ufeff4.66667\u00b0s 73.51667\u00b0w", "11\u00b015\u203208\u2032\u2032s 74\u00b038\u203219\u2032\u2032w\ufeff / \ufeff11.25222\u00b0s 74.63861\u00b0w", "11\u00b008\u203210\u2032\u2032s 77\u00b011\u203236\u2032\u2032w\ufeff / \ufeff11.13611\u00b0s 77.19333\u00b0w", "5\u00b033\u203225\u2032\u2032s 80\u00b049\u203220\u2032\u2032w\ufeff / \ufeff5.55694\u00b0s 80.82222\u00b0w", "12\u00b002\u203200\u2032\u2032s 75\u00b017\u203200\u2032\u2032w\ufeff / \ufeff12.03333\u00b0s 75.28333\u00b0w", "14\u00b016\u203210\u2032\u2032s 71\u00b013\u203234\u2032\u2032w\ufeff / \ufeff14.26944\u00b0s 71.22611\u00b0w", "6\u00b008\u203221\u2032\u2032s 77\u00b006\u203214\u2032\u2032w\ufeff / \ufeff6.13917\u00b0s 77.10389\u00b0w", "14\u00b001\u203208\u2032\u2032s 75\u00b045\u203229\u2032\u2032w\ufeff / \ufeff14.01889\u00b0s 75.75806\u00b0w", "4\u00b054\u203214\u2032\u2032s 80\u00b041\u203207\u2032\u2032w\ufeff / \ufeff4.90389\u00b0s 80.68528\u00b0w", "10\u00b048\u203200\u2032\u2032s 77\u00b044\u203200\u2032\u2032w\ufeff / \ufeff10.8\u00b0s 77.73333\u00b0w", "6\u00b021\u203200\u2032\u2032s 76\u00b041\u203200\u2032\u2032w\ufeff / \ufeff6.35\u00b0s 76.68333\u00b0w", "18\u00b000\u203220\u2032\u2032s 70\u00b014\u203254\u2032\u2032w\ufeff / \ufeff18.00556\u00b0s 70.24833\u00b0w", "4\u00b034\u203238\u2032\u2032s 81\u00b016\u203219\u2032\u2032w\ufeff / \ufeff4.57722\u00b0s 81.27194\u00b0w", "13\u00b039\u203211\u2032\u2032s 73\u00b025\u203245\u2032\u2032w\ufeff / \ufeff13.65306\u00b0s 73.42917\u00b0w", "14\u00b048\u203200\u2032\u2032s 73\u00b055\u203200\u2032\u2032w\ufeff / \ufeff14.8\u00b0s 73.91667\u00b0w", "4\u00b055\u203237\u2032\u2032s 80\u00b020\u203241\u2032\u2032w\ufeff / \ufeff4.92694\u00b0s 80.34472\u00b0w", "12\u00b044\u203200\u2032\u2032s 69\u00b011\u203200\u2032\u2032w\ufeff / \ufeff12.73333\u00b0s 69.18333\u00b0w", "15\u00b046\u203200\u2032\u2032s 69\u00b041\u203200\u2032\u2032w\ufeff / \ufeff15.76667\u00b0s 69.68333\u00b0w", "17\u00b028\u203228\u2032\u2032s 70\u00b001\u203258\u2032\u2032w\ufeff / \ufeff17.47444\u00b0s 70.03278\u00b0w", "11\u00b025\u203211\u2032\u2032s 75\u00b041\u203227\u2032\u2032w\ufeff / \ufeff11.41972\u00b0s 75.69083\u00b0w", "9\u00b017\u203222\u2032\u2032s 76\u00b000\u203232\u2032\u2032w\ufeff / \ufeff9.28951\u00b0s 76.00876\u00b0w", "14\u00b008\u203242\u2032\u2032s 71\u00b024\u203225\u2032\u2032w\ufeff / \ufeff14.145\u00b0s 71.40694\u00b0w", "10\u00b045\u2032s 76\u00b018\u2032w\ufeff / \ufeff10.75\u00b0s 76.3\u00b0w", "8\u00b011\u203203\u2032\u2032s 76\u00b030\u203245\u2032\u2032w\ufeff / \ufeff8.18417\u00b0s 76.5125\u00b0w", "17\u00b004\u203237\u2032\u2032s 70\u00b050\u203236\u2032\u2032w\ufeff / \ufeff17.07694\u00b0s 70.84333\u00b0w", "17\u00b024\u203219\u2032\u2032s 70\u00b021\u203254\u2032\u2032w\ufeff / \ufeff17.40528\u00b0s 70.365\u00b0w", "8\u00b006\u203258\u2032\u2032s 79\u00b001\u203248\u2032\u2032w\ufeff / \ufeff8.11599\u00b0s 79.02998\u00b0w", "6\u00b030\u203236\u2032\u2032s 79\u00b051\u203230\u2032\u2032w\ufeff / \ufeff6.51\u00b0s 79.85833\u00b0w", "3\u00b034\u203200\u2032\u2032s 80\u00b026\u203229\u2032\u2032w\ufeff / \ufeff3.56667\u00b0s 80.44139\u00b0w", "14\u00b009\u203250\u2032\u2032s 71\u00b028\u203236\u2032\u2032w\ufeff / \ufeff14.16389\u00b0s 71.47667\u00b0w", "8\u00b027\u203233\u2032\u2032s 76\u00b027\u203248\u2032\u2032w\ufeff / \ufeff8.45917\u00b0s 76.46333\u00b0w", "13\u00b041\u203210\u2032\u2032s 71\u00b037\u203222\u2032\u2032w\ufeff / \ufeff13.68611\u00b0s 71.62278\u00b0w", "13\u00b018\u203217\u2032\u2032s 72\u00b006\u203257\u2032\u2032w\ufeff / \ufeff13.30472\u00b0s 72.11583\u00b0w", "11\u00b001\u203223\u2032\u2032s 77\u00b038\u203235\u2032\u2032w\ufeff / \ufeff11.02306\u00b0s 77.64306\u00b0w", "5\u00b025\u203200\u2032\u2032s 80\u00b047\u203200\u2032\u2032w\ufeff / \ufeff5.41667\u00b0s 80.78333\u00b0w", "10\u00b044\u203222\u2032\u2032s 75\u00b016\u203211\u2032\u2032w\ufeff / \ufeff10.73944\u00b0s 75.26972\u00b0w", "13\u00b042\u2032s 76\u00b009\u2032w\ufeff / \ufeff13.7\u00b0s 76.15\u00b0w", "8\u00b025\u203200\u2032\u2032s 78\u00b045\u203200\u2032\u2032w\ufeff / \ufeff8.41667\u00b0s 78.75\u00b0w", "15\u00b048\u203231\u2032\u2032s 71\u00b012\u203204\u2032\u2032w\ufeff / \ufeff15.80861\u00b0s 71.20111\u00b0w", "10\u00b014\u203228\u2032\u2032s 76\u00b038\u203244\u2032\u2032w\ufeff / \ufeff10.24111\u00b0s 76.64556\u00b0w", "10\u00b031\u203200\u2032\u2032s 76\u00b029\u203255\u2032\u2032w\ufeff / \ufeff10.51667\u00b0s 76.49861\u00b0w", "14\u00b013\u203205\u2032\u2032s 71\u00b025\u203254\u2032\u2032w\ufeff / \ufeff14.21806\u00b0s 71.43167\u00b0w", "8\u00b059\u203200\u2032\u2032s 77\u00b018\u203200\u2032\u2032w\ufeff / \ufeff8.98333\u00b0s 77.3\u00b0w", "9\u00b008\u203218\u2032\u2032s 77\u00b044\u203237\u2032\u2032w\ufeff / \ufeff9.13833\u00b0s 77.74361\u00b0w", "16\u00b015\u203200\u2032\u2032s 69\u00b005\u203200\u2032\u2032w\ufeff / \ufeff16.25\u00b0s 69.08333\u00b0w", "16\u00b015\u203208\u2032\u2032s 71\u00b040\u203247\u2032\u2032w\ufeff / \ufeff16.25223\u00b0s 71.67969\u00b0w", "5\u00b054\u203200\u2032\u2032s 76\u00b005\u203200\u2032\u2032w\ufeff / \ufeff5.9\u00b0s 76.08333\u00b0w", "6\u00b055\u203220\u2032\u2032s 79\u00b035\u203203\u2032\u2032w\ufeff / \ufeff6.92222\u00b0s 79.58417\u00b0w", "3\u00b030\u203211\u2032\u2032s 80\u00b016\u203223\u2032\u2032w\ufeff / \ufeff3.50306\u00b0s 80.27306\u00b0w", "3\u00b040\u203200\u2032\u2032s 80\u00b040\u203200\u2032\u2032w\ufeff / \ufeff3.66667\u00b0s 80.66667\u00b0w"]}], [{"col": "c4", "type": "TEXT", "data": ["55111", "4445", "6805", "9106", "6865", "17444", "5859", "841130", "14015", "12654", "5270", "140033", "19310", "4588", "13290", "20382", "13351", "5779", "46290", "15231", "6320", "5916", "7932", "3935", "13486", "135000", "7281", "9179", "5514", "4046", "813264", "16434", "8945", "3415", "10926", "9122", "5044", "4299", "57304", "4098", "3857", "3511", "14660", "78910", "20279", "26958", "28666", "8029", "3440", "3810", "41992", "14915", "577375", "3912", "12884", "316966", "153076", "1932", "4543", "32370", "16061", "88606", "14240", "68835", "9877", "4220", "8799", "15083", "3472", "11330", "3977", "13885", "7420", "3593", "312140", "5329", "9303", "13693", "34357", "25376", "7831", "54545", "26658", "21768", "8553", "41576", "376657", "18627", "147959", "62174", "4638", "86934", "4445", "16172", "5146", "20723", "4298", "5827", "6757", "4386", "246844", "9492", "16033", "53476", "32344", "3987", "437620", "52493", "4358", "21057", "6126", "3593", "4256", "7150", "37715", "7309", "245675", "15320", "17693", "8468", "33345", "27045", "29678", "4788", "34834", "9197", "13693", "43710", "4780", "3969", "24691", "9450", "3978", "7737002", "3569", "4585", "4753", "5998", "7848", "6044", "17260", "9101", "3709", "25645", "4517", "6826", "15478", "22581", "7460", "28953", "25707", "54517", "7890", "6662", "12307", "4450", "3802", "13681", "44276", "23556", "5800", "32344", "4271", "2000", "9800", "5643", "4199", "4022", "10134", "7743", "6276", "6330", "8750", "29165", "7588", "21128", "56151", "5883", "3811", "5521", "6638", "5484", "1196", "27631", "13583", "6844", "6697", "4966", "8169", "15552", "2000", "61869", "325466", "4453", "310750", "4335", "5766", "12471", "37543", "14066", "11450", "4120", "116552", "6336", "10491", "8118", "3482", "25396", "3496", "3176", "6442", "9226", "5495", "9808", "4842", "4689", "25057", "10066", "14210", "5385", "5998", "5733", "15815", "7912", "68309", "5609", "8772", "7434", "9477", "6871", "8862", "6303", "5326", "3486", null, "5758", "16250", "14708", "25517", "25145", "6406", "4320", "14853", "10625", "10449", "21982", "6759", "4134", "14894", "4362", "15532", "6196", "23020", "6842", "33575", "10858", "9096", "160789", "13719", "14744", "280098", "99074", "7381", "5032", "30033", "38966", "2000", "3052", "51350", "53177", "3466", "5066", "29029", "7054", "1976", "747450", "7043", "109223", "3791", "17742", "5479", "7540", "6219", "12915", "7448", "11159", "20774", "4407", "23175", "5992", "3913", "9092", "5269", "16140", "5686", "41827", "39200", "16907", "12261"]}, {"col": "c4_number", "type": "REAL", "data": [55111.0, 4445.0, 6805.0, 9106.0, 6865.0, 17444.0, 5859.0, 841130.0, 14015.0, 12654.0, 5270.0, 140033.0, 19310.0, 4588.0, 13290.0, 20382.0, 13351.0, 5779.0, 46290.0, 15231.0, 6320.0, 5916.0, 7932.0, 3935.0, 13486.0, 135000.0, 7281.0, 9179.0, 5514.0, 4046.0, 813264.0, 16434.0, 8945.0, 3415.0, 10926.0, 9122.0, 5044.0, 4299.0, 57304.0, 4098.0, 3857.0, 3511.0, 14660.0, 78910.0, 20279.0, 26958.0, 28666.0, 8029.0, 3440.0, 3810.0, 41992.0, 14915.0, 577375.0, 3912.0, 12884.0, 316966.0, 153076.0, 1932, 4543.0, 32370.0, 16061.0, 88606.0, 14240.0, 68835.0, 9877.0, 4220.0, 8799.0, 15083.0, 3472.0, 11330.0, 3977.0, 13885.0, 7420.0, 3593.0, 312140.0, 5329.0, 9303.0, 13693.0, 34357.0, 25376.0, 7831.0, 54545.0, 26658.0, 21768.0, 8553.0, 41576.0, 376657.0, 18627.0, 147959.0, 62174.0, 4638.0, 86934.0, 4445.0, 16172.0, 5146.0, 20723.0, 4298.0, 5827.0, 6757.0, 4386.0, 246844.0, 9492.0, 16033.0, 53476.0, 32344.0, 3987.0, 437620.0, 52493.0, 4358.0, 21057.0, 6126.0, 3593.0, 4256.0, 7150.0, 37715.0, 7309.0, 245675.0, 15320.0, 17693.0, 8468.0, 33345.0, 27045.0, 29678.0, 4788.0, 34834.0, 9197.0, 13693.0, 43710.0, 4780.0, 3969.0, 24691.0, 9450.0, 3978.0, 7737002.0, 3569.0, 4585.0, 4753.0, 5998.0, 7848.0, 6044.0, 17260.0, 9101.0, 3709.0, 25645.0, 4517.0, 6826.0, 15478.0, 22581.0, 7460.0, 28953.0, 25707.0, 54517.0, 7890.0, 6662.0, 12307.0, 4450.0, 3802.0, 13681.0, 44276.0, 23556.0, 5800.0, 32344.0, 4271.0, 2000, 9800.0, 5643.0, 4199.0, 4022.0, 10134.0, 7743.0, 6276.0, 6330.0, 8750.0, 29165.0, 7588.0, 21128.0, 56151.0, 5883.0, 3811.0, 5521.0, 6638.0, 5484.0, 1196, 27631.0, 13583.0, 6844.0, 6697.0, 4966.0, 8169.0, 15552.0, 2000, 61869.0, 325466.0, 4453.0, 310750.0, 4335.0, 5766.0, 12471.0, 37543.0, 14066.0, 11450.0, 4120.0, 116552.0, 6336.0, 10491.0, 8118.0, 3482.0, 25396.0, 3496.0, 3176.0, 6442.0, 9226.0, 5495.0, 9808.0, 4842.0, 4689.0, 25057.0, 10066.0, 14210.0, 5385.0, 5998.0, 5733.0, 15815.0, 7912.0, 68309.0, 5609.0, 8772.0, 7434.0, 9477.0, 6871.0, 8862.0, 6303.0, 5326.0, 3486.0, null, 5758.0, 16250.0, 14708.0, 25517.0, 25145.0, 6406.0, 4320.0, 14853.0, 10625.0, 10449.0, 21982.0, 6759.0, 4134.0, 14894.0, 4362.0, 15532.0, 6196.0, 23020.0, 6842.0, 33575.0, 10858.0, 9096.0, 160789.0, 13719.0, 14744.0, 280098.0, 99074.0, 7381.0, 5032.0, 30033.0, 38966.0, 2000, 3052.0, 51350.0, 53177.0, 3466.0, 5066.0, 29029.0, 7054.0, 1976, 747450.0, 7043.0, 109223.0, 3791.0, 17742.0, 5479.0, 7540.0, 6219.0, 12915.0, 7448.0, 11159.0, 20774.0, 4407.0, 23175.0, 5992.0, 3913.0, 9092.0, 5269.0, 16140.0, 5686.0, 41827.0, 39200.0, 16907.0, 12261.0]}], [{"col": "c5", "type": "TEXT", "data": ["2690", "410", "3862", "15", "2486", "3052", "3447", "2397", "191", "3897", "2317", "2819", "3919", "2425", "4020", "746", "2699", "149", "64", "298", "511", "4", "146", "3982", "3078", "2609", "893", "3181", "16", "4281", "1", "52", "173", "3077", "2441", "4000", "2864", "1562", "11", "4233", "3803", "3676", "2953", "4363", "1851", "77", "3456", "246", "3716", "3991", "77", "160", "1", "3971", "78", "1", "98", "2066", "3842", "119", "53", "923", "2552", "120", "3352", "4514", "119", "157", "3689", "3965", "3891", "157", "3359", "3859", "3360", "3674", "209", "9", "127", "83", "4524", "61", "40", "3072", "2112", "3981", "3496", "2943", "1795", "221", "4571", "2829", "4264", "105", "2447", "42", "4267", "3121", "345", "236", "423", "1482", "3844", "117", "100", "390", "107", "840", "4258", "3769", "116", "3687", "4459", "852", "303", "4102", "3894", "3999", "291", "24", "4000", "1143", "5050", "4007", "6", "149", "764", "2", "3927", "3908", "74", "250", "3939", "181", "3812", "2999", "4568", "2990", "457", "4058", "130", "26", "3965", "65", "2801", "805", "789", "109", "151", "1", "1", "1481", "4123", "116", "161", "4465", "3802", "168", "760", "595", "1324", "160", "4181", "3065", "230", "3898", "4022", "3277", "2692", "3058", "3553", "300", "48", "3", "230", "117", "1", "404", "3959", "3967", "901", "296", "3", "41", "106", "665", "273", "60", "3450", "1", "3216", "3", "25", "3352", "158", "4473", "1", "168", "193", "2", "63", "3955", "3792", "25", "3107", "3926", "4209", "76", "3557", "2820", "210", "3940", "84", "28", "1248", "368", "789", "70", "1", "71", "3964", "72", "72", "1258", "32", "3017", "4005", "1", "536", "420", "220", "2717", "4064", "3618", "2772", "3995", "1", "776", "51", "857", "1990", "4113", "552", "1", "429", "1", "2950", "3679", "360", "113", "627", "961", "1", "3636", "3716", "846", "418", "67", "153", "627", "601", "14", "3000", "4265", "96", "200", "3827", "3329", "4058", "657", "3571", "3734", "457", "2327", "2417", "36", "149", "8", "3950", "615", "3106", "3048", "2", "9", "879", "81", "65", "4529", "3986", "3441", "3962", "3001", "2787", "3826", "2694", "185", "95", "35", "3"]}, {"col": "c5_number", "type": "REAL", "data": [2690, 410.0, 3862.0, 15.0, 2486, 3052.0, 3447.0, 2397, 191.0, 3897.0, 2317, 2819, 3919.0, 2425, 4020.0, 746.0, 2699, 149.0, 64.0, 298.0, 511.0, 4.0, 146.0, 3982.0, 3078.0, 2609, 893.0, 3181.0, 16.0, 4281.0, 1.0, 52.0, 173.0, 3077.0, 2441, 4000.0, 2864, 1562, 11.0, 4233.0, 3803.0, 3676.0, 2953, 4363.0, 1851, 77.0, 3456.0, 246.0, 3716.0, 3991.0, 77.0, 160.0, 1.0, 3971.0, 78.0, 1.0, 98.0, 2066, 3842.0, 119.0, 53.0, 923.0, 2552, 120.0, 3352.0, 4514.0, 119.0, 157.0, 3689.0, 3965.0, 3891.0, 157.0, 3359.0, 3859.0, 3360.0, 3674.0, 209.0, 9.0, 127.0, 83.0, 4524.0, 61.0, 40.0, 3072.0, 2112, 3981.0, 3496.0, 2943, 1795, 221.0, 4571.0, 2829, 4264.0, 105.0, 2447, 42.0, 4267.0, 3121.0, 345.0, 236.0, 423.0, 1482, 3844.0, 117.0, 100.0, 390.0, 107.0, 840.0, 4258.0, 3769.0, 116.0, 3687.0, 4459.0, 852.0, 303.0, 4102.0, 3894.0, 3999.0, 291.0, 24.0, 4000.0, 1143, 5050.0, 4007.0, 6.0, 149.0, 764.0, 2.0, 3927.0, 3908.0, 74.0, 250.0, 3939.0, 181.0, 3812.0, 2999, 4568.0, 2990, 457.0, 4058.0, 130.0, 26.0, 3965.0, 65.0, 2801, 805.0, 789.0, 109.0, 151.0, 1.0, 1.0, 1481, 4123.0, 116.0, 161.0, 4465.0, 3802.0, 168.0, 760.0, 595.0, 1324, 160.0, 4181.0, 3065.0, 230.0, 3898.0, 4022.0, 3277.0, 2692, 3058.0, 3553.0, 300.0, 48.0, 3.0, 230.0, 117.0, 1.0, 404.0, 3959.0, 3967.0, 901.0, 296.0, 3.0, 41.0, 106.0, 665.0, 273.0, 60.0, 3450.0, 1.0, 3216.0, 3.0, 25.0, 3352.0, 158.0, 4473.0, 1.0, 168.0, 193.0, 2.0, 63.0, 3955.0, 3792.0, 25.0, 3107.0, 3926.0, 4209.0, 76.0, 3557.0, 2820, 210.0, 3940.0, 84.0, 28.0, 1248, 368.0, 789.0, 70.0, 1.0, 71.0, 3964.0, 72.0, 72.0, 1258, 32.0, 3017.0, 4005.0, 1.0, 536.0, 420.0, 220.0, 2717, 4064.0, 3618.0, 2772, 3995.0, 1.0, 776.0, 51.0, 857.0, 1990, 4113.0, 552.0, 1.0, 429.0, 1.0, 2950, 3679.0, 360.0, 113.0, 627.0, 961.0, 1.0, 3636.0, 3716.0, 846.0, 418.0, 67.0, 153.0, 627.0, 601.0, 14.0, 3000.0, 4265.0, 96.0, 200.0, 3827.0, 3329.0, 4058.0, 657.0, 3571.0, 3734.0, 457.0, 2327, 2417, 36.0, 149.0, 8.0, 3950.0, 615.0, 3106.0, 3048.0, 2.0, 9.0, 879.0, 81.0, 65.0, 4529.0, 3986.0, 3441.0, 3962.0, 3001.0, 2787, 3826.0, 2694, 185.0, 95.0, 35.0, 3.0]}]], "is_list": {"id": false, "agg": false, "c1": false, "c2": false, "c3": false, "c4": false, "c4_number": false, "c5": false, "c5_number": false}}