{"headers": ["id", "agg", "airing\ndate", "english title\n(chinese title)", "number of episodes", "main cast", "theme song (t)\nsub-theme song (st)", "genre", "notes", "official website"], "types": ["id", "agg", "timespan", "text", "number", "<c, text>", "text", "text", "text", "text"], "contents": [[{"col": "id", "type": "INTEGER", "data": [1, 2, 3, 4, 5, 6, 7, 8, 9, 10]}], [{"col": "agg", "type": "INTEGER", "data": [0, 0, 0, 0, 0, 0, 0, 0, 0, 0]}], [{"col": "c1", "type": "TEXT", "data": ["19 feb-\n15 mar", "18 mar-\n3 may", "6 may-\n31 may", "3 jun-\n21 jun", "24 jun-\n16 aug", "19 aug-\n6 sep", "9 sep-\n4 oct", "7 oct-\n15 nov", "10 nov-\n20 dec", "30 dec 1996-\n27 jan 1998"]}, {"col": "c1_minimum_number", "type": "INTEGER", "data": [-2, -3, -5, -6, -6, -8, -9, -10, -11, 1996]}, {"col": "c1_minimum_parsed", "type": "TEXT", "data": ["xxxx-02-19", "xxxx-03-18", "xxxx-05-06", "xxxx-06-03", "xxxx-06-24", "xxxx-08-19", "xxxx-09-09", "xxxx-10-07", "xxxx-11-10", "1996-12-30"]}, {"col": "c1_minimum_day", "type": "INTEGER", "data": [19, 18, 6, 3, 24, 19, 9, 7, 10, 30]}, {"col": "c1_minimum_month", "type": "INTEGER", "data": [2, 3, 5, 6, 6, 8, 9, 10, 11, 12]}, {"col": "c1_minimum_year", "type": "INTEGER", "data": [-1, -1, -1, -1, -1, -1, -1, -1, -1, 1996]}, {"col": "c1_maximum_number", "type": "INTEGER", "data": [-3, -5, -5, -6, -8, -9, -10, -11, -12, 1998]}, {"col": "c1_maximum_parsed", "type": "TEXT", "data": ["xxxx-03-15", "xxxx-05-03", "xxxx-05-31", "xxxx-06-21", "xxxx-08-16", "xxxx-09-06", "xxxx-10-04", "xxxx-11-15", "xxxx-12-20", "1998-01-27"]}, {"col": "c1_maximum_day", "type": "INTEGER", "data": [15, 3, 31, 21, 16, 6, 4, 15, 20, 27]}, {"col": "c1_maximum_month", "type": "INTEGER", "data": [3, 5, 5, 6, 8, 9, 10, 11, 12, 1]}, {"col": "c1_maximum_year", "type": "INTEGER", "data": [-1, -1, -1, -1, -1, -1, -1, -1, -1, 1998]}], [{"col": "c2", "type": "TEXT", "data": ["mutual affection\n\u6cb3\u6771\u7345\u543c", "dark tales\n\u804a\u9f4b", "money just can't buy\n\u5929\u964d\u8ca1\u795e", "crossing boundaries\n\u76de\u9b3c\u8001\u8c46", "state of divinity\n\u7b11\u50b2\u6c5f\u6e56", "the price to pay\n\u4e94\u500b\u9192\u89ba\u7684\u5c11\u5e74", "night journey\n\u6bad\u5c4d\u798f\u661f", "food of love\n\u95d4\u5e9c\u7d71\u8acb", "journey to the west\n\u897f\u904a\u8a18", "in the name of love\n\u6709\u80a5\u4eba\u7d42\u6210\u7737\u5c6c"]}], [{"col": "c3", "type": "TEXT", "data": ["20", "35", "20", "15", "40", "20", "20", "30", "30", "20"]}, {"col": "c3_number", "type": "REAL", "data": [20.0, 35.0, 20.0, 15.0, 40.0, 20.0, 20.0, 30.0, 30.0, 20.0]}], [{"col": "c4", "type": "TEXT", "data": ["esther kwan, gordon lam, natalie wong", "gallen lo, grace yu, jamie wang, cynthia khan", "bobby au yeung, mariane chan, roger kwok, hilary tsui", "mini kung, benz hui", "jackie lui, fiona leung, cherie chan, timmy ho, he meitian", "john kwan, may kwong, ng ka lok", "yuen wah, daniel chan, louisa so, cheung kwok keung, halina tam", "wong he, kenix kwok, marco ngai, gabriel harrison", "dicky cheung, kwong wah, wayne lai, evergreen mak", "kent cheng, sunny chan, gigi fu, theresa lee"]}, {"col": "c4_list", "type": "LIST TEXT", "data": [["esther kwan", "gordon lam", "natalie wong"], ["gallen lo", "grace yu", "jamie wang", "cynthia khan"], ["bobby au yeung", "mariane chan", "roger kwok", "hilary tsui"], ["mini kung", "benz hui"], ["jackie lui", "fiona leung", "cherie chan", "timmy ho", "he meitian"], ["john kwan", "may kwong", "ng ka lok"], ["yuen wah", "daniel chan", "louisa so", "cheung kwok keung", "halina tam"], ["wong he", "kenix kwok", "marco ngai", "gabriel harrison"], ["dicky cheung", "kwong wah", "wayne lai", "evergreen mak"], ["kent cheng", "sunny chan", "gigi fu", "theresa lee"]]}, {"col": "c4_length", "type": "INTEGER", "data": [3, 4, 4, 2, 5, 3, 5, 4, 4, 4]}], [{"col": "c5", "type": "TEXT", "data": ["t: \"\u6015\u8001\u5a46\u6703\u767c\u9054\"\n(david lui)", "t: \"\u9694\u4e16\u60c5\"\n(cass phang)", "t: \"\u904b\u8ca1\u6709\u798f\u661f\"\n(natalis chan)", "t: \"\u89ba\u609f\"\n(vivian lai)", "t: \"\u6d3b\u5f97\u701f\u7051\"\n(alan tam & priscilla chan)", "t: \"\u6539\u6539\u6539\"\n(hacken lee)", "t: \"\u4eca\u5929\u958b\u59cb\"\n(daniel chan)\nst: \"\u5929\u751f\u4e00\u5c0d\"\n(daniel chan)", "t: \"\u95d4\u5e9c\u7d71\u8acb\"\n(gabriel harrison)", "t: \"\u897f\u904a\u8a18\"\n(dicky cheung)", "t: \"\u4f46\u9858\u6709\u60c5\u4eba\"\n(mo kai yin)"]}], [{"col": "c6", "type": "TEXT", "data": ["costume drama", "costume drama", "modern drama", "modern drama", "costume drama", "modern drama", "costume drama", "modern drama", "costume drama", "modern drama"]}], [{"col": "c7", "type": "TEXT", "data": [null, "prequel to 1998's dark tales ii", null, "released overseas on april 3, 1995", null, "released overseas on december 7, 1995", null, null, "prequel to 1998's journey to the west ii", null]}], [{"col": "c8", "type": "TEXT", "data": [null, null, null, null, "official website", null, null, null, "official website", null]}]], "is_list": {"id": false, "agg": false, "c1": false, "c1_minimum_number": false, "c1_minimum_parsed": false, "c1_minimum_day": false, "c1_minimum_month": false, "c1_minimum_year": false, "c1_maximum_number": false, "c1_maximum_parsed": false, "c1_maximum_day": false, "c1_maximum_month": false, "c1_maximum_year": false, "c2": false, "c3": false, "c3_number": false, "c4": false, "c4_list": true, "c4_length": false, "c5": false, "c6": false, "c7": false, "c8": false}}