{"headers": ["id", "agg", "no", "driver", "entrant", "constructor", "chassis", "engine"], "types": ["id", "agg", "number", "text", "text", "text", "text", "text"], "contents": [[{"col": "id", "type": "INTEGER", "data": [1, 2, 3, 4, 5, 6, 7, 8, 9, 10, 11, 12, 13, 14, 15, 16, 17, 18, 19, 20, 21, 22, 23]}], [{"col": "agg", "type": "INTEGER", "data": [0, 0, 0, 0, 0, 0, 0, 0, 0, 0, 0, 0, 0, 0, 0, 0, 0, 0, 0, 0, 0, 0, 0]}], [{"col": "c1", "type": "TEXT", "data": ["2", "4", "6", "8", "10", "12", "14", "16", "18", "20", "22", "24", "26", "28", "30", "32", "34", "36", null, null, null, null, null]}, {"col": "c1_number", "type": "REAL", "data": [2.0, 4.0, 6.0, 8.0, 10.0, 12.0, 14.0, 16.0, 18.0, 20.0, 22.0, 24.0, 26.0, 28.0, 30.0, 32.0, 34.0, 36.0, null, null, null, null, null]}], [{"col": "c2", "type": "TEXT", "data": ["luigi arcangeli", "louis chiron", "clemente biondetti", "pietro nicolotti", "cleto nenzioni", "luigi fagioli", "fritz caflisch", "achille varzi", "giuseppe campari", "arrigo sartorio", "mario tadini", "heinrich joachim von morgen", "emil frankl", "tazio nuvolari", "guy bouriat", "cesare renzi", "cesare pastore", "colonna de stigliano", "filippo sartorio", "arrigo nenzioni", "william grover-williams", null, null]}], [{"col": "c3", "type": "TEXT", "data": ["officine alfieri maserati", "automobiles ettore bugatti", "scuderia materassi", "private entry", "private entry", "officine alfieri maserati", "private entry", "sa alfa romeo", "scuderia ferrari", "private entry", "scuderia ferrari", "private entry", "private entry", "sa alfa romeo", "automobiles ettore bugatti", "private entry", "private entry", "private entry", "enrico or f. sartorio", "a. or e. nenzioni", "automobiles ettore bugatti", "scuderia ferrari", "scuderia ferrari"]}], [{"col": "c4", "type": "TEXT", "data": ["maserati", "bugatti", "talbot", "alfa romeo", "maserati", "maserati", "mercedes-benz", "alfa romeo", "alfa romeo", "maserati", "alfa romeo", "bugatti", "steyr", "alfa romeo", "bugatti", "bugatti", "maserati", "alfa romeo", "alfa romeo", "maserati", "bugatti", "alfa romeo", "alfa romeo"]}], [{"col": "c5", "type": "TEXT", "data": ["maserati 26m", "bugatti t35b", "talbot 700", "alfa romeo 6c 1500", "maserati 26b", "maserati 26", "mercedes-benz ss", "alfa romeo p2", "alfa romeo 6c 1750gs", "maserati 26", "alfa romeo 6c 1750gs", "bugatti t35b", "steyr 4.5 liter", "alfa romeo p2", "bugatti t35b", "bugatti t37a", "maserati 26b", "alfa romeo 6c 1750", "alfa romeo 6c 1750", "maserati 26", "bugatti t35b", "alfa romeo p2", "alfa romeo 6c 1500"]}], [{"col": "c6", "type": "TEXT", "data": ["2.5 l8", "2.3 l8", "1.5 l8", "1.5 l6", "2.1 l8", "1.7 l8", "7.1 l6", "2.0 l8", "1.8 l6", "1.5 l8", "1.8 l6", "2.3 l8", "4.5 l6", "2.0 l8", "2.3 l8", "1.5 l8", "2.1 l8", "1.8 l6", "1.5 l6", "1.5 l8", "2.3 l8", "2.0 l8", "1.5 l6"]}]], "is_list": {"id": false, "agg": false, "c1": false, "c1_number": false, "c2": false, "c3": false, "c4": false, "c5": false, "c6": false}}