{"headers": ["id", "agg", "year", "representative", "hometown", "placement in miss nepal", "special awards at miss nepal", "placement in miss pokhara"], "types": ["id", "agg", "number", "text", "text", "text", "text", "text"], "contents": [[{"col": "id", "type": "INTEGER", "data": [1, 2, 3, 4, 5, 6, 7, 8, 9, 10, 11]}], [{"col": "agg", "type": "INTEGER", "data": [0, 0, 0, 0, 0, 0, 0, 0, 0, 0, 0]}], [{"col": "c1", "type": "TEXT", "data": ["1995", "1996", "1997", "1998", "1999", "2004", "2005", "2011", "2012", "2013", "2014"]}, {"col": "c1_number", "type": "INTEGER", "data": [1995, 1996, 1997, 1998, 1999, 2004, 2005, 2011, 2012, 2013, 2014]}], [{"col": "c2", "type": "TEXT", "data": ["rita gurung", "binita gurung", "neelima gurung", "sunita ranjit", "kripa gurung", "anita gurung", "chandra gurung", "madina begum", "dilasha gc", "sipora gurung", "rashmi adhikari"]}], [{"col": "c3", "type": "TEXT", "data": ["pamee", "batulichor", "nadipur", "lakeside", "tersapatti", "bajapatan", "ghorepatan", "pokreli", "chindata", "mahendrapool", "goripatan"]}], [{"col": "c4", "type": "TEXT", "data": ["1st runner up", "2nd runner up", "winner", null, "2nd runner up", "2nd runner up", null, null, null, "3rd runner up", null]}], [{"col": "c5", "type": "TEXT", "data": [null, null, "miss personality", null, "miss photogenic", "miss talent", null, "miss perseverance", null, "miss talent", null]}], [{"col": "c6", "type": "TEXT", "data": ["winner", "winner", "winner", "winner", "winner", "miss paschimanchal 2003", null, null, null, null, "winner"]}]], "is_list": {"id": false, "agg": false, "c1": false, "c1_number": false, "c2": false, "c3": false, "c4": false, "c5": false, "c6": false}}