{"headers": ["id", "agg", "ship", "type of vessel", "lake", "location", "lives lost"], "types": ["id", "agg", "text", "text", "text", "text", "unitnum"], "contents": [[{"col": "id", "type": "INTEGER", "data": [1, 2, 3, 4, 5, 6, 7, 8, 9, 10, 11, 12]}], [{"col": "agg", "type": "INTEGER", "data": [0, 0, 0, 0, 0, 0, 0, 0, 0, 0, 0, 0]}], [{"col": "c1", "type": "TEXT", "data": ["argus", "james carruthers", "hydrus", "leafield", "john a. mcgean", "plymouth", "charles s. price", "regina", "issac m. scott", "henry b. smith", "wexford", "lightship no. 82"]}], [{"col": "c2", "type": "TEXT", "data": ["steamer", "steamer", "steamer", "steamer", "steamer", "barge", "steamer", "steamer", "steamer", "steamer", "steamer", "lightship"]}], [{"col": "c3", "type": "TEXT", "data": ["lake huron", "lake huron", "lake huron", "lake superior", "lake huron", "lake michigan", "lake huron", "lake huron", "lake huron", "lake superior", "lake huron", "lake erie"]}], [{"col": "c4", "type": "TEXT", "data": ["25 miles off kincardine, ontario", "near kincardine", "near lexington, michigan", null, "near goderich, ontario", null, "near port huron, michigan", "near harbor beach, michigan", "near port elgin, ontario", null, "north of grand bend, ontario", "point albino (near buffalo)"]}], [{"col": "c5", "type": "TEXT", "data": ["25 lost", "18 lost", "28 lost", "all hands", "28 lost", "7 lost", "28 lost", null, "28 lost", "all hands", "all hands", "6 lost"]}, {"col": "c5_number", "type": "REAL", "data": [25.0, 18.0, 28.0, null, 28.0, 7.0, 28.0, null, 28.0, null, null, 6.0]}]], "is_list": {"id": false, "agg": false, "c1": false, "c2": false, "c3": false, "c4": false, "c5": false, "c5_number": false}}