{"headers": ["id", "agg", "year", "title", "peak chart positions\nswe", "peak chart positions\nswi", "peak chart positions\nuk", "album"], "types": ["id", "agg", "number", "text", "number", "number", "number", "text"], "contents": [[{"col": "id", "type": "INTEGER", "data": [1, 2, 3, 4, 5, 6, 7, 8, 9, 10, 11, 12, 13]}], [{"col": "agg", "type": "INTEGER", "data": [0, 0, 0, 0, 0, 0, 0, 0, 0, 0, 0, 0, 0]}], [{"col": "c1", "type": "TEXT", "data": ["2003", "2003", "2003", "2004", "2005", "2005", "2005", "2006", "2006", "2007", "2008", "2009", "2010"]}, {"col": "c1_number", "type": "INTEGER", "data": [2003, 2003, 2003, 2004, 2005, 2005, 2005, 2006, 2006, 2007, 2008, 2009, 2010]}], [{"col": "c2", "type": "TEXT", "data": ["\"znaj da znam\"", "\"naj, najbolja\"", "\"gorka cokolada\"", "\"bol do ludila\"", "\"ponuda\"", "\"agonija\"", "\"u nedelju\"", "\"bez ljubavi\"", "\"101\"", "\"molitva\"", "\"nisam an\u0111eo\"", "\"sta da zaboravim\"", "\"jedan vidi sve\""]}], [{"col": "c3", "type": "TEXT", "data": [null, null, null, null, null, null, null, null, null, "9", null, null, null]}, {"col": "c3_number", "type": "REAL", "data": [null, null, null, null, null, null, null, null, null, 9.0, null, null, null]}], [{"col": "c4", "type": "TEXT", "data": [null, null, null, null, null, null, null, null, null, "19", null, null, null]}, {"col": "c4_number", "type": "REAL", "data": [null, null, null, null, null, null, null, null, null, 19.0, null, null, null]}], [{"col": "c5", "type": "TEXT", "data": [null, null, null, null, null, null, null, null, null, "112", null, null, null]}, {"col": "c5_number", "type": "REAL", "data": [null, null, null, null, null, null, null, null, null, 112.0, null, null, null]}], [{"col": "c6", "type": "TEXT", "data": ["naj, najbolja", "naj, najbolja", "bez ljubavi", "bez ljubavi", "ponuda cds", "agonija cds", "bez ljubavi", "bez ljubavi", "bez ljubavi", "molitva cds, molitva - the best of", "nisam an\u0111eo", "an\u0111eo", "an\u0111eo"]}]], "is_list": {"id": false, "agg": false, "c1": false, "c1_number": false, "c2": false, "c3": false, "c3_number": false, "c4": false, "c4_number": false, "c5": false, "c5_number": false, "c6": false}}