{"headers": ["id", "agg", "episode", "original broadcast date", "average", "rank", "remarks"], "types": ["id", "agg", "number", "date", "number", "number", "text"], "contents": [[{"col": "id", "type": "INTEGER", "data": [1, 2, 3, 4, 5, 6, 7, 8, 9, 10, 11, 12, 13, 14]}], [{"col": "agg", "type": "INTEGER", "data": ["0", "0", "0", "0", "0", "0", "0", "0", "0", "0", "0", "0", "0", "1"]}], [{"col": "c1", "type": "TEXT", "data": ["1", "2", "3", "4", "5", "6", "7", "8", "9", "10", "11", "12", "13", "average"]}, {"col": "c1_number", "type": "REAL", "data": [1.0, 2.0, 3.0, 4.0, 5.0, 6.0, 7.0, 8.0, 9.0, 10.0, 11.0, 12.0, 13.0, null]}], [{"col": "c2", "type": "TEXT", "data": ["8 april 2012", "15 april 2012", "22 april 2012", "29 april 2012", "6 may 2012", "13 may 2012", "20 may 2012", "27 may 2012", "3 june 2012", "10 june 2012", "17 june 2012", "24 june 2012", "1 july 2012", "average"]}, {"col": "c2_number", "type": "INTEGER", "data": [8, 15, 22, 29, 6, 13, 20, 27, 3, 10, 17, 24, 1, null]}, {"col": "c2_parsed", "type": "TEXT", "data": ["2012-04-08", "2012-04-15", "2012-04-22", "2012-04-29", "2012-05-06", "2012-05-13", "2012-05-20", "2012-05-27", "2012-06-03", "2012-06-10", "2012-06-17", "2012-06-24", "2012-07-01", null]}, {"col": "c2_year", "type": "INTEGER", "data": [2012, 2012, 2012, 2012, 2012, 2012, 2012, 2012, 2012, 2012, 2012, 2012, 2012, null]}, {"col": "c2_month", "type": "INTEGER", "data": [4, 4, 4, 4, 5, 5, 5, 5, 6, 6, 6, 6, 7, null]}, {"col": "c2_day", "type": "INTEGER", "data": [8, 15, 22, 29, 6, 13, 20, 27, 3, 10, 17, 24, 1, null]}], [{"col": "c3", "type": "TEXT", "data": ["1", "0.91", "0.92", "0.76", "0.67", "0.67", "0.64", "0.7", "0.58", "0.6", "0.81", "0.66", "0.86", "0.75"]}, {"col": "c3_number", "type": "REAL", "data": [1.0, 0.91, 0.92, 0.76, 0.67, 0.67, 0.64, 0.7, 0.58, 0.6, 0.81, 0.66, 0.86, 0.75]}], [{"col": "c4", "type": "TEXT", "data": ["5", "5", "5", "3", "3", "3", "3", "2", "4", "3", "2", "3", "3", null]}, {"col": "c4_number", "type": "REAL", "data": [5.0, 5.0, 5.0, 3.0, 3.0, 3.0, 3.0, 2.0, 4.0, 3.0, 2.0, 3.0, 3.0, null]}], [{"col": "c5", "type": "TEXT", "data": ["this includes bloopers", null, null, null, null, null, null, null, null, null, null, null, null, null]}]], "is_list": {"id": false, "agg": false, "c1": false, "c1_number": false, "c2": false, "c2_number": false, "c2_parsed": false, "c2_year": false, "c2_month": false, "c2_day": false, "c3": false, "c3_number": false, "c4": false, "c4_number": false, "c5": false}}