{"headers": ["id", "agg", "year", "matches", "winner", "results", "pakistan\ncaptain", "pakistan\ncoach", "india\ncaptain", "india\ncoach"], "types": ["id", "agg", "number", "number", "text", "score", "text", "text", "text", "text"], "contents": [[{"col": "id", "type": "INTEGER", "data": [1, 2, 3, 4, 5, 6, 7, 8, 9]}], [{"col": "agg", "type": "INTEGER", "data": [0, 0, 0, 0, 0, 0, 0, 0, 0]}], [{"col": "c1", "type": "TEXT", "data": ["1978", "1981", "1986", "1988", "1998", "1999", "2004", "2006", "2013"]}, {"col": "c1_number", "type": "INTEGER", "data": [1978, 1981, 1986, 1988, 1998, 1999, 2004, 2006, 2013]}], [{"col": "c2", "type": "TEXT", "data": ["4", "4", "7", "6", "8", "9", "8", "6", null]}, {"col": "c2_number", "type": "REAL", "data": [4.0, 4.0, 7.0, 6.0, 8.0, 9.0, 8.0, 6.0, null]}], [{"col": "c3", "type": "TEXT", "data": ["pakistan win", "pakistan win", "india win", "draw", "pakistan win", "pakistan win", "pakistan win", "pakistan win", null]}], [{"col": "c4", "type": "TEXT", "data": ["3 - 1", "2 - 1", "3 - 2", "2 - 2", "4 - 3", "5 - 3", "4 - 2", "3 - 1", null]}, {"col": "c4_number", "type": "INTEGER", "data": [3, 2, 3, 2, 4, 5, 4, 3, null]}, {"col": "c4_number1", "type": "INTEGER", "data": [3, 2, 3, 2, 4, 5, 4, 3, null]}, {"col": "c4_number2", "type": "INTEGER", "data": [1, 1, 2, 2, 3, 3, 2, 1, null]}], [{"col": "c5", "type": "TEXT", "data": ["islahuddin siddique", "akhtar rasool", "hassan sardar", "nasir ali", "tahir zaman", "atif bashir", "waseem ahmad", "mohammad saqlain", null]}], [{"col": "c6", "type": "TEXT", "data": ["sayad a. hussain", "zakauddin", "anwar ahmad khan", "manzoor-ul-hasan", "islahuddin siddique", "shahnaz shaikh", "roelant oltmans", "asif bajwa", null]}], [{"col": "c7", "type": "TEXT", "data": ["v. j. philips", "surjeet singh", "mohmmad shaheed", "m. m. somaya", "dhanraj pillay", "anil aldrin", "dileep tirkey", "ignace tirkey", null]}], [{"col": "c8", "type": "TEXT", "data": ["r. s. gentle", "harmeek singh", "m. p. ganesh", "m. p. ganesh", "v bhaskaran", "v bhaskaran", "gehard rach", "rajinder singh jr", null]}]], "is_list": {"id": false, "agg": false, "c1": false, "c1_number": false, "c2": false, "c2_number": false, "c3": false, "c4": false, "c4_number": false, "c4_number1": false, "c4_number2": false, "c5": false, "c6": false, "c7": false, "c8": false}}