{"headers": ["id", "agg", "type", "power\n[w]", "relative cost", "input range\n[v]", "energy storage", "features"], "types": ["id", "agg", "text", "numberspan", "number", "numberspan", "text", "text"], "contents": [[{"col": "id", "type": "INTEGER", "data": [1, 2, 3, 4, 5, 6, 7, 8, 9, 10]}], [{"col": "agg", "type": "INTEGER", "data": [0, 0, 0, 0, 0, 0, 0, 0, 0, 0]}], [{"col": "c1", "type": "TEXT", "data": ["flyback", "ringing choke converter (rcc)", "half-forward", "forward", "resonant forward", "push-pull", "half-bridge", "full-bridge", "resonant, zero voltage switched", "isolated cuk"]}], [{"col": "c2", "type": "TEXT", "data": ["0-250", "0-150", "0-250", "100-200", "0-60", "100-1,000", "0-2,000", "400-5,000", ">1,000", null]}, {"col": "c2_number", "type": "INTEGER", "data": [0, 0, 0, 100, 0, 100, 0, 400, 1000, null]}, {"col": "c2_minimum", "type": "INTEGER", "data": [0, 0, 0, 100, 0, 100, 0, 400, null, null]}, {"col": "c2_maximum", "type": "INTEGER", "data": [250, 150, 250, 200, 60, 1000, 2000, 5000, null, null]}], [{"col": "c3", "type": "TEXT", "data": ["1", "1", "1.2", null, "1", "1.75", "1.9", ">2.0", ">2.0", null]}, {"col": "c3_number", "type": "REAL", "data": [1.0, 1.0, 1.2, null, 1.0, 1.75, 1.9, 2.0, 2.0, null]}], [{"col": "c4", "type": "TEXT", "data": ["5-600", "5-600", "5-500", "60-200", "60-400", "50-1,000", "50-1,000", "50-1,000", null, null]}, {"col": "c4_number", "type": "INTEGER", "data": [5, 5, 5, 60, 60, 50, 50, 50, null, null]}, {"col": "c4_minimum", "type": "INTEGER", "data": [5, 5, 5, 60, 60, 50, 50, 50, null, null]}, {"col": "c4_maximum", "type": "INTEGER", "data": [600, 600, 500, 200, 400, 1000, 1000, 1000, null, null]}], [{"col": "c5", "type": "TEXT", "data": ["mutual inductors", "transformer", "inductor", "inductor", "inductor and capacitor", "inductor", "inductor", "inductor", "inductor and capacitor", "two capacitors and two inductors"]}], [{"col": "c6", "type": "TEXT", "data": ["isolated form of the buck-boost converter", "low-cost self-oscillating flyback variant", null, "isolated form of buck converter", "single rail input, unregulated output, high efficiency, low emi", null, null, "very efficient use of transformer, used for highest powers", null, null]}]], "is_list": {"id": false, "agg": false, "c1": false, "c2": false, "c2_number": false, "c2_minimum": false, "c2_maximum": false, "c3": false, "c3_number": false, "c4": false, "c4_number": false, "c4_minimum": false, "c4_maximum": false, "c5": false, "c6": false}}