{"headers": ["id", "agg", "camp", "div sec\ndivision", "admin\ndistrict", "9 feb", "11 feb", "16 feb", "25 feb", "27 feb", "2 mar", "4 mar", "6 mar", "11 mar", "13 mar", "24 mar", "30 mar", "31 mar"], "types": ["id", "agg", "text(text)", "text", "text", "number", "number", "number", "number", "number", "number", "number", "number", "number", "number", "number", "number", "number"], "contents": [[{"col": "id", "type": "INTEGER", "data": [1, 2, 3, 4, 5, 6, 7, 8, 9, 10, 11, 12, 13, 14, 15, 16, 17, 18, 19, 20, 21, 22, 23, 24, 25, 26, 27, 28, 29, 30, 31, 32, 33, 34, 35]}], [{"col": "agg", "type": "INTEGER", "data": ["0", "0", "0", "0", "0", "0", "0", "0", "0", "0", "0", "0", "0", "0", "0", "0", "0", "0", "0", "0", "0", "0", "0", "0", "0", "0", "0", "0", "0", "0", "0", "0", "0", "0", "1"]}], [{"col": "c1", "type": "TEXT", "data": ["menik farm zone 0\n(kathirkamar village)", "menik farm zone 3\n(arunachchalam village)", "ariviththodam sivanantha vidyalayam, menik farm", "cheddikulam maha vidyalayam", "gamini maha vidyalayam", "kovilkulam hindu college", "nelukkulam kalaimahal maha vidyalayam", "nelukkulam technical college", "pampamadhu hostel school", "ponthoodam government tamil mixed school", "poonathoddam college of education", "sivapirakasa ladies college, vavuniya", "vavuniya muslim maha vidyalayam", "vavuniya tamil maha vidyalayam (primary)", "vavuniya tamil maha vidyalayam (senior)", "kaithady ayurvedic university hostel", "kaithady hindu children home", "kaithady palmyra research institute 1", "kodikamam government tamil mixed school", "kopay teacher training college", "murusivil roman catholic tamil mixed school", "thirunagar old court house", "illupaikkulam", "kalimoddai", "mannar district general hospital", "sirukandal", "kantale base hospital", "methodist school", "pulmoddai field hospital", "thampalakamam peripheral unit", "trincomalee general hospital", "colombo national hospital", "padaviya base hospital", "polonnaruwa general hospital", "total"]}, {"col": "c1_first", "type": "TEXT", "data": ["menik farm zone 0", "menik farm zone 3", "ariviththodam sivanantha vidyalayam, menik farm", "cheddikulam maha vidyalayam", "gamini maha vidyalayam", "kovilkulam hindu college", "nelukkulam kalaimahal maha vidyalayam", "nelukkulam technical college", "pampamadhu hostel school", "ponthoodam government tamil mixed school", "poonathoddam college of education", "sivapirakasa ladies college, vavuniya", "vavuniya muslim maha vidyalayam", "vavuniya tamil maha vidyalayam", "vavuniya tamil maha vidyalayam", "kaithady ayurvedic university hostel", "kaithady hindu children home", "kaithady palmyra research institute 1", "kodikamam government tamil mixed school", "kopay teacher training college", "murusivil roman catholic tamil mixed school", "thirunagar old court house", "illupaikkulam", "kalimoddai", "mannar district general hospital", "sirukandal", "kantale base hospital", "methodist school", "pulmoddai field hospital", "thampalakamam peripheral unit", "trincomalee general hospital", "colombo national hospital", "padaviya base hospital", "polonnaruwa general hospital", "total"]}, {"col": "c1_second", "type": "TEXT", "data": ["kathirkamar village", "arunachchalam village", null, null, null, null, null, null, null, null, null, null, null, "primary", "senior", null, null, null, null, null, null, null, null, null, null, null, null, null, null, null, null, null, null, null, null]}], [{"col": "c2", "type": "TEXT", "data": ["vengalachedikulam", "vengalachedikulam", "vengalachedikulam", "vengalachedikulam", "vavuniya", "vavuniya", "vavuniya", "vavuniya", "vavuniya", "vavuniya", "vavuniya", "vavuniya", "vavuniya", "vavuniya", "vavuniya", "thenmarachchi", "thenmarachchi", "thenmarachchi", "thenmarachchi", "valikamam east", "thenmarachchi", "jaffna", "mannar town", "nanaddan", "mannar town", "nanaddan", "kantale", null, "kuchaveli", "thampalakamam", "town & gravets", null, null, null, "total"]}], [{"col": "c3", "type": "TEXT", "data": ["vav", "vav", "vav", "vav", "vav", "vav", "vav", "vav", "vav", "vav", "vav", "vav", "vav", "vav", "vav", "jaf", "jaf", "jaf", "jaf", "jaf", "jaf", "jaf", "man", "man", "man", "man", "tri", "tri", "tri", "tri", "tri", "col", "anu", "pol", "total"]}], [{"col": "c4", "type": "TEXT", "data": [null, null, "581", "1624", "1306", null, "2829", null, "2779", "1351", "4406", null, null, null, null, null, null, null, null, null, null, null, null, null, null, null, null, null, null, null, null, null, null, null, "14876"]}, {"col": "c4_number", "type": "REAL", "data": [null, null, 581.0, 1624, 1306, null, 2829, null, 2779, 1351, 4406.0, null, null, null, null, null, null, null, null, null, null, null, null, null, null, null, null, null, null, null, null, null, null, null, 14876.0]}], [{"col": "c5", "type": "TEXT", "data": [null, null, "581", "1624", "1306", "1066", "2829", "1527", "2779", "1351", "4406", null, "1333", null, "1200", null, null, null, null, null, null, null, null, null, null, null, null, null, null, null, null, null, null, null, "20002"]}, {"col": "c5_number", "type": "REAL", "data": [null, null, 581.0, 1624, 1306, 1066, 2829, 1527, 2779, 1351, 4406.0, null, 1333, null, 1200, null, null, null, null, null, null, null, null, null, null, null, null, null, null, null, null, null, null, null, 20002.0]}], [{"col": "c6", "type": "TEXT", "data": ["1353", null, "581", "1624", "2017", "1056", "2829", "2374", "4181", "1351", "5302", null, "1767", "1916", "4390", null, null, null, "411", "444", "1139", "73", "52", "445", null, "357", null, null, null, null, null, null, null, null, "33662"]}, {"col": "c6_number", "type": "REAL", "data": [1353, null, 581.0, 1624, 2017, 1056, 2829, 2374, 4181.0, 1351, 5302.0, null, 1767, 1916, 4390.0, null, null, null, 411.0, 444.0, 1139, 73.0, 52.0, 445.0, null, 357.0, null, null, null, null, null, null, null, null, 33662.0]}], [{"col": "c7", "type": "TEXT", "data": ["2768", null, "581", "1965", "1618", "1081", "3071", "2913", "4131", "1365", "5302", null, "1767", "1929", "3838", null, null, null, "424", "438", "1140", "74", "52", "445", null, "357", "84", "83", null, "33", "678", "28", null, "86", "36251"]}, {"col": "c7_number", "type": "REAL", "data": [2768, null, 581.0, 1965, 1618, 1081, 3071.0, 2913, 4131.0, 1365, 5302.0, null, 1767, 1929, 3838.0, null, null, null, 424.0, 438.0, 1140, 74.0, 52.0, 445.0, null, 357.0, 84.0, 83.0, null, 33.0, 678.0, 28.0, null, 86.0, 36251.0]}], [{"col": "c8", "type": "TEXT", "data": ["2791", null, "584", "1965", "1618", "1143", "3084", "2913", "4131", "1310", "5009", "2257", null, "1390", "4085", null, null, null, "503", "464", "1139", "49", "52", "445", "279", "357", "160", "52", null, "76", "544", "75", null, "171", "36646"]}, {"col": "c8_number", "type": "REAL", "data": [2791, null, 584.0, 1965, 1618, 1143, 3084.0, 2913, 4131.0, 1310, 5009.0, 2257, null, 1390, 4085.0, null, null, null, 503.0, 464.0, 1139, 49.0, 52.0, 445.0, 279.0, 357.0, 160.0, 52.0, null, 76.0, 544.0, 75.0, null, 171.0, 36646.0]}], [{"col": "c9", "type": "TEXT", "data": ["2791", null, "584", "1965", "1618", "1143", "3084", "2913", "4131", "1310", "5009", "2257", null, "1390", "4085", null, null, null, "503", "464", "1139", "49", "52", "445", "279", "357", "127", "26", null, "79", "512", "106", null, "171", "36589"]}, {"col": "c9_number", "type": "REAL", "data": [2791, null, 584.0, 1965, 1618, 1143, 3084.0, 2913, 4131.0, 1310, 5009.0, 2257, null, 1390, 4085.0, null, null, null, 503.0, 464.0, 1139, 49.0, 52.0, 445.0, 279.0, 357.0, 127.0, 26.0, null, 79.0, 512.0, 106.0, null, 171.0, 36589.0]}], [{"col": "c10", "type": "TEXT", "data": ["3344", null, "585", "1996", "1263", "1130", "3084", "2730", "4131", "1310", "5009", "2346", null, null, "5475", null, null, null, "655", "463", "1140", "108", "52", "445", "279", "357", "127", "32", null, "77", "417", "106", null, "171", "36832"]}, {"col": "c10_number", "type": "REAL", "data": [3344.0, null, 585.0, 1996, 1263, 1130, 3084.0, 2730, 4131.0, 1310, 5009.0, 2346, null, null, 5475.0, null, null, null, 655.0, 463.0, 1140, 108.0, 52.0, 445.0, 279.0, 357.0, 127.0, 32.0, null, 77.0, 417.0, 106.0, null, 171.0, 36832.0]}], [{"col": "c11", "type": "TEXT", "data": ["4212", null, "585", "1996", "1307", "1130", "3068", "2801", "4108", "1308", "5036", "2390", null, "1153", "3540", null, "184", null, "711", "463", "1140", "108", "52", "454", "279", "350", "127", "126", null, "77", "492", "106", null, "171", "37474"]}, {"col": "c11_number", "type": "REAL", "data": [4212.0, null, 585.0, 1996, 1307, 1130, 3068.0, 2801, 4108.0, 1308, 5036.0, 2390, null, 1153, 3540.0, null, 184.0, null, 711.0, 463.0, 1140, 108.0, 52.0, 454.0, 279.0, 350.0, 127.0, 126.0, null, 77.0, 492.0, 106.0, null, 171.0, 37474.0]}], [{"col": "c12", "type": "TEXT", "data": ["4679", null, "583", "2001", "1382", "1139", "3068", "2801", "4108", "1308", "5036", "2612", null, "1153", "3390", "647", "184", null, "706", "463", "1313", "113", "52", "454", "279", "350", "80", "40", null, "75", "426", "97", null, "171", "38710"]}, {"col": "c12_number", "type": "REAL", "data": [4679.0, null, 583.0, 2001, 1382, 1139, 3068.0, 2801, 4108.0, 1308, 5036.0, 2612, null, 1153, 3390.0, 647.0, 184.0, null, 706.0, 463.0, 1313, 113.0, 52.0, 454.0, 279.0, 350.0, 80.0, 40.0, null, 75.0, 426.0, 97.0, null, 171.0, 38710.0]}], [{"col": "c13", "type": "TEXT", "data": ["4679", null, "583", "2001", "1382", "1139", "3082", "2968", "4108", "1320", "5119", "2612", null, "1153", "3390", "647", "184", null, "706", "463", "1313", "113", "52", "454", "279", "350", "80", "40", null, "75", "426", "97", null, "171", "38986"]}, {"col": "c13_number", "type": "REAL", "data": [4679.0, null, 583.0, 2001, 1382, 1139, 3082.0, 2968, 4108.0, 1320, 5119.0, 2612, null, 1153, 3390.0, 647.0, 184.0, null, 706.0, 463.0, 1313, 113.0, 52.0, 454.0, 279.0, 350.0, 80.0, 40.0, null, 75.0, 426.0, 97.0, null, 171.0, 38986.0]}], [{"col": "c14", "type": "TEXT", "data": ["6459", "6729", "601", "1995", "1471", "1167", "3101", "3020", "4178", "1327", "5236", "3020", "1360", "1196", "3963", "1073", "667", null, "1006", "464", "1691", "114", "52", "454", "279", "350", "57", null, "79", "35", "374", "186", "145", "100", "51949"]}, {"col": "c14_number", "type": "REAL", "data": [6459.0, 6729.0, 601.0, 1995, 1471, 1167, 3101.0, 3020.0, 4178.0, 1327, 5236.0, 3020.0, 1360, 1196, 3963.0, 1073, 667.0, null, 1006, 464.0, 1691, 114.0, 52.0, 454.0, 279.0, 350.0, 57.0, null, 79.0, 35.0, 374.0, 186.0, 145.0, 100.0, 51949.0]}], [{"col": "c15", "type": "TEXT", "data": ["6459", "11881", "601", "1995", "1487", "1166", "3070", "3032", "4178", "1319", "5243", "2973", "1394", "1168", "3969", "1073", "667", null, "1006", "464", "1691", "114", "52", "454", "279", "350", "57", null, "79", "35", "374", "186", "145", "100", "57061"]}, {"col": "c15_number", "type": "REAL", "data": [6459.0, 11881.0, 601.0, 1995, 1487, 1166, 3070.0, 3032.0, 4178.0, 1319, 5243.0, 2973, 1394, 1168, 3969.0, 1073, 667.0, null, 1006, 464.0, 1691, 114.0, 52.0, 454.0, 279.0, 350.0, 57.0, null, 79.0, 35.0, 374.0, 186.0, 145.0, 100.0, 57061.0]}], [{"col": "c16", "type": "TEXT", "data": ["6459", "11881", "601", "1995", "1487", "1166", "3070", "3032", "4178", "1319", "5243", "2973", "1394", "1168", "3969", "1083", "668", "357", "1006", "464", "1786", "140", "52", "454", "279", "350", "57", null, "129", "35", "296", "118", "223", "92", "57524"]}, {"col": "c16_number", "type": "REAL", "data": [6459.0, 11881.0, 601.0, 1995, 1487, 1166, 3070.0, 3032.0, 4178.0, 1319, 5243.0, 2973, 1394, 1168, 3969.0, 1083, 668.0, 357.0, 1006, 464.0, 1786, 140.0, 52.0, 454.0, 279.0, 350.0, 57.0, null, 129.0, 35.0, 296.0, 118.0, 223.0, 92.0, 57524.0]}]], "is_list": {"id": false, "agg": false, "c1": false, "c1_first": false, "c1_second": false, "c2": false, "c3": false, "c4": false, "c4_number": false, "c5": false, "c5_number": false, "c6": false, "c6_number": false, "c7": false, "c7_number": false, "c8": false, "c8_number": false, "c9": false, "c9_number": false, "c10": false, "c10_number": false, "c11": false, "c11_number": false, "c12": false, "c12_number": false, "c13": false, "c13_number": false, "c14": false, "c14_number": false, "c15": false, "c15_number": false, "c16": false, "c16_number": false}}