{"headers": ["id", "agg", "rank", "name", "nation", "time", "speed", "note"], "types": ["id", "agg", "number", "text", "text", "time", "number", "text"], "contents": [[{"col": "id", "type": "INTEGER", "data": [1, 2, 3, 4, 5, 6, 7, 8, 9, 10, 11, 12, 13, 14, 15, 16, 17]}], [{"col": "agg", "type": "INTEGER", "data": [0, 0, 0, 0, 0, 0, 0, 0, 0, 0, 0, 0, 0, 0, 0, 0, 0]}], [{"col": "c1", "type": "TEXT", "data": ["1", "2", "3", "4", "5", "6", "7", "8", "9", "10", "11", "12", "13", "14", "15", "16", "17"]}, {"col": "c1_number", "type": "REAL", "data": [1.0, 2.0, 3.0, 4.0, 5.0, 6.0, 7.0, 8.0, 9.0, 10.0, 11.0, 12.0, 13.0, 14.0, 15.0, 16.0, 17.0]}], [{"col": "c2", "type": "TEXT", "data": ["vilija sereikaite", "ellen van dijk", "joanna rowsell", "svitlana halyuk", "aksana papko", "oxana kozonchuk", "jarmila machacova", "stephanie pohl", "lisa brennauer", "edyta jasinska", "audrey cordon", "alena amialyusik", "hannah mayho", "viktoriya kondel", "oksana lyesnik", "elise van hage", "dominika maczka"]}], [{"col": "c3", "type": "TEXT", "data": ["lithuania", "netherlands", "united kingdom", "ukraine", "belarus", "russia", "czech republic", "germany", "germany", "poland", "france", "belarus", "united kingdom", "russia", "ukraine", "netherlands", "poland"]}], [{"col": "c4", "type": "TEXT", "data": ["3:33.766", "3:35.951", "3:37.641", "3:42.498", "3:43.935", "3:45.132", "3:47.209", "3:47.483", "3:48.017", "3:48.628", "3:49.376", "3:49.711", "3:50.176", "3:51.349", "3:51.543", "3:55.349", "4:01.597"]}, {"col": "c4_number", "type": "INTEGER", "data": [3, 3, 3, 3, 3, 3, 3, 3, 3, 3, 3, 3, 3, 3, 3, 3, 4]}, {"col": "c4_min", "type": "INTEGER", "data": [3, 3, 3, 3, 3, 3, 3, 3, 3, 3, 3, 3, 3, 3, 3, 3, 4]}, {"col": "c4_sec", "type": "REAL", "data": [33.766, 35.951, 37.641, 42.498, 43.935, 45.132, 47.209, 47.483, 48.017, 48.628, 49.376, 49.711, 50.176, 51.349, 51.543, 55.349, 1.597]}], [{"col": "c5", "type": "TEXT", "data": ["50.522", "50.011", "49.623", "48.539", "48.288", "47.971", "47.533", "47.476", "47.364", "47.238", "47.084", "47.015", "46.92", "46.682", "46.643", "45.889", "44.702"]}, {"col": "c5_number", "type": "REAL", "data": [50.522, 50.011, 49.623, 48.539, 48.288, 47.971, 47.533, 47.476, 47.364, 47.238, 47.084, 47.015, 46.92, 46.682, 46.643, 45.889, 44.702]}], [{"col": "c6", "type": "TEXT", "data": ["q", "q", "q", "q", null, null, null, null, null, null, null, null, null, null, null, null, null]}]], "is_list": {"id": false, "agg": false, "c1": false, "c1_number": false, "c2": false, "c3": false, "c4": false, "c4_number": false, "c4_min": false, "c4_sec": false, "c5": false, "c5_number": false, "c6": false}}