{"headers": ["id", "agg", "year", "single", "peak chart\npositions\nus country", "peak chart\npositions\ncan country", "album"], "types": ["id", "agg", "number", "text", "number", "number", "text"], "contents": [[{"col": "id", "type": "INTEGER", "data": [1, 2, 3, 4, 5, 6, 7, 8, 9, 10, 11, 12, 13, 14, 15, 16, 17, 18, 19, 20, 21, 22, 23, 24, 25, 26, 27, 28, 29, 30, 31, 32, 33, 34, 35, 36, 37, 38]}], [{"col": "agg", "type": "INTEGER", "data": [0, 0, 0, 0, 0, 0, 0, 0, 0, 0, 0, 0, 0, 0, 0, 0, 0, 0, 0, 0, 0, 0, 0, 0, 0, 0, 0, 0, 0, 0, 0, 0, 0, 0, 0, 0, 0, 0]}], [{"col": "c1", "type": "TEXT", "data": ["1967", "1968", "1968", "1968", "1969", "1969", "1970", "1970", "1971", "1971", "1972", "1972", "1972", "1973", "1973", "1974", "1974", "1974", "1975", "1976", "1976", "1977", "1977", "1977", "1977", "1977", "1978", "1978", "1978", "1979", "1979", "1979", "1981", "1982", "1983", "1983", "1983", "1984"]}, {"col": "c1_number", "type": "INTEGER", "data": [1967, 1968, 1968, 1968, 1969, 1969, 1970, 1970, 1971, 1971, 1972, 1972, 1972, 1973, 1973, 1974, 1974, 1974, 1975, 1976, 1976, 1977, 1977, 1977, 1977, 1977, 1978, 1978, 1978, 1979, 1979, 1979, 1981, 1982, 1983, 1983, 1983, 1984]}], [{"col": "c2", "type": "TEXT", "data": ["\"forbidden fruit\"", "\"i'd be your fool again\"", "\"i'm in love with my wife\"", "\"you touched my heart\"", "\"dearly beloved\"", "\"a world called you\"", "\"so much in love with you\"", "\"i wake up in heaven\"", "\"she don't make me cry\"", "\"ruby, you're warm\"", "\"need you\"", "\"goodbye\"", "\"all heaven breaks loose\"", "\"just thank me\"", "\"it'll be her\"", "\"loving you has changed my life\"", "\"hey there girl\"", "\"i just can't help believin'\"", "\"it takes a whole lot of livin' in a house\"", "\"whispers and grins\"", "\"mahogany bridge\"", "\"i'm gonna love you right out of this world\"", "\"the lady and the baby\"", "\"i love what my woman does to me\"", "\"do you hear my heart beat\"", "\"you and me alone\"", "\"i'll be there (when you get lonely)\"", "\"let's try to remember\"", "\"when a woman cries\"", "\"darlin'\"", "\"you are my rainbow\"", "\"you're amazing\"", "\"houston blue\"", "\"crown prince of the barroom\"", "\"hold me\"", "\"you've still got me\"", "\"the devil is a woman\"", "\"i'm a country song\""]}], [{"col": "c3", "type": "TEXT", "data": [null, "69", "38", "37", "59", "23", "46", "26", "19", "21", "9", "38", "35", "17", "22", "9", "21", "59", "60", "66", "84", "21", "76", "49", "47", "24", "22", "32", "31", "18", "36", "39", "88", "92", "67", "71", "87", "72"]}, {"col": "c3_number", "type": "REAL", "data": [null, 69.0, 38.0, 37.0, 59.0, 23.0, 46.0, 26.0, 19.0, 21.0, 9.0, 38.0, 35.0, 17.0, 22.0, 9.0, 21.0, 59.0, 60.0, 66.0, 84.0, 21.0, 76.0, 49.0, 47.0, 24.0, 22.0, 32.0, 31.0, 18.0, 36.0, 39.0, 88.0, 92.0, 67.0, 71.0, 87.0, 72.0]}], [{"col": "c4", "type": "TEXT", "data": [null, null, null, null, null, null, null, null, "9", "16", "9", null, null, "18", "16", "21", "42", null, null, null, null, "38", null, "33", null, null, null, null, null, "36", null, null, null, null, null, null, null, null]}, {"col": "c4_number", "type": "REAL", "data": [null, null, null, null, null, null, null, null, 9.0, 16.0, 9.0, null, null, 18.0, 16.0, 21.0, 42.0, null, null, null, null, 38.0, null, 33.0, null, null, null, null, null, 36.0, null, null, null, null, null, null, null, null]}], [{"col": "c5", "type": "TEXT", "data": ["a world called you", "a world called you", "a world called you", "a world called you", "single only", "a world called you", "a world called you", "she don't make me cry", "she don't make me cry", "single only", "need you", "need you", "single only", "just thank me", "just thank me", "hey there girl", "hey there girl", "hey there girl", "whole lotta livin' in a house", "singles only", "singles only", "singles only", "singles only", "singles only", "lovingly", "lovingly", "lovingly", "lovingly", "singles only", "singles only", "singles only", "singles only", "singles only", "singles only", "singles only", "singles only", "singles only", "singles only"]}]], "is_list": {"id": false, "agg": false, "c1": false, "c1_number": false, "c2": false, "c3": false, "c3_number": false, "c4": false, "c4_number": false, "c5": false}}