{"headers": ["id", "agg", "rank", "pair", "country", "athletes", "time", "deficit"], "types": ["id", "agg", "number", "number", "text", "<n,text>", "time", "number"], "contents": [[{"col": "id", "type": "INTEGER", "data": [1, 2, 3, 4, 5, 6, 7, 8]}], [{"col": "agg", "type": "INTEGER", "data": [0, 0, 0, 0, 0, 0, 0, 0]}], [{"col": "c1", "type": "TEXT", "data": [null, null, null, "4", "5", "6", "7", "8"]}, {"col": "c1_number", "type": "REAL", "data": [null, null, null, 4.0, 5.0, 6.0, 7.0, 8.0]}], [{"col": "c2", "type": "TEXT", "data": ["3", "4", "2", "1", "1", "3", "4", "2"]}, {"col": "c2_number", "type": "REAL", "data": [3.0, 4.0, 2.0, 1.0, 1.0, 3.0, 4.0, 2.0]}], [{"col": "c3", "type": "TEXT", "data": ["netherlands", "united states", "russia", "canada", "norway", "germany", "south korea", "poland"]}], [{"col": "c4", "type": "TEXT", "data": ["sven kramer\nkoen verweij\njan blokhuijsen", "shani davis\nbrian hansen\njonathan kuck", "ivan skobrev\ndenis yuskov\nyevgeny lalenkov", "denny morrison\nmathieu giroux\nlucas makowsky", "sverre lunde pedersen\nhavard b\u00f8kko\nkristian reistad fredriksen", "patrick beckert\nmarco weber\nrobert lehmann", "lee seung-hoon\njoo hyong-jun\nko byung-wook", "zbigniew brodka\nkonrad niedzwiedzki\njan szymanski"]}, {"col": "c4_list", "type": "LIST TEXT", "data": [["sven kramer", "koen verweij", "jan blokhuijsen"], ["shani davis", "brian hansen", "jonathan kuck"], ["ivan skobrev", "denis yuskov", "yevgeny lalenkov"], ["denny morrison", "mathieu giroux", "lucas makowsky"], ["sverre lunde pedersen", "havard b\u00f8kko", "kristian reistad fredriksen"], ["patrick beckert", "marco weber", "robert lehmann"], ["lee seung-hoon", "joo hyong-jun", "ko byung-wook"], ["zbigniew brodka", "konrad niedzwiedzki", "jan szymanski"]]}, {"col": "c4_length", "type": "INTEGER", "data": [3, 3, 3, 3, 3, 3, 3, 3]}], [{"col": "c5", "type": "TEXT", "data": ["3:41.43", "3:43.42", "3:43.62", "3:44.38", "3:46.33", "3:46.48", "3:47.18", "3:47.72"]}, {"col": "c5_number", "type": "INTEGER", "data": [3, 3, 3, 3, 3, 3, 3, 3]}, {"col": "c5_min", "type": "INTEGER", "data": [3, 3, 3, 3, 3, 3, 3, 3]}, {"col": "c5_sec", "type": "REAL", "data": [41.43, 43.42, 43.62, 44.38, 46.33, 46.48, 47.18, 47.72]}], [{"col": "c6", "type": "TEXT", "data": [null, "1.99", "2.19", "2.95", "4.9", "5.05", "5.75", "6.29"]}, {"col": "c6_number", "type": "REAL", "data": [null, 1.99, 2.19, 2.95, 4.9, 5.05, 5.75, 6.29]}]], "is_list": {"id": false, "agg": false, "c1": false, "c1_number": false, "c2": false, "c2_number": false, "c3": false, "c4": false, "c4_list": true, "c4_length": false, "c5": false, "c5_number": false, "c5_min": false, "c5_sec": false, "c6": false, "c6_number": false}}