{"headers": ["id", "agg", "abbreviation", "settlement", "district", "official name", "division", "cup", "other information"], "types": ["id", "agg", "text", "<c,text(text)>", "text", "<f,text>", "text", "number", "text"], "contents": [[{"col": "id", "type": "INTEGER", "data": [1, 2, 3, 4, 5, 6, 7, 8, 9, 10, 11, 12, 13, 14, 15, 16, 17, 18, 19, 20, 21, 22, 23, 24, 25, 26, 27, 28, 29, 30, 31, 32, 33, 34, 35, 36, 37, 38, 39, 40, 41, 42, 43, 44, 45, 46, 47, 48, 49, 50, 51, 52, 53, 54, 55]}], [{"col": "agg", "type": "INTEGER", "data": [0, 0, 0, 0, 0, 0, 0, 0, 0, 0, 0, 0, 0, 0, 0, 0, 0, 0, 0, 0, 0, 0, 0, 0, 0, 0, 0, 0, 0, 0, 0, 0, 0, 0, 0, 0, 0, 0, 0, 0, 0, 0, 0, 0, 0, 0, 0, 0, 0, 0, 0, 0, 0, 0, 0]}], [{"col": "c1", "type": "TEXT", "data": ["taaja", "tampere united", "tamu-k", "tapa", "tapa 2", "tarmo", "tavastia", "tavastia/fc mojo", "team nik", "team vanpa", "tervarit", "tete", "tgrani", "tikka", "tikka -88", "tips", "tips m2", "tjk liepo", "tkt", "tkt kootee", "tops-90", "torre calcio", "tota", "tote/ap", "tou", "tou/2", "tove", "tove2", "tp-47", "tp-49", "tp-seinajoki", "tp-t", "tpk", "tpk 2", "tps", "tpv", "tpv 2", "trikiinit", "trafk", "tsv", "tuha", "tuisku daltonit", "tukv", "tups", "tups 2", "tupv", "tus", "tus ii", "tuto", "tuto 2", "tuwe", "tuwe 2", "tuwe 3", "tojby fc", "toolon taisto"]}], [{"col": "c2", "type": "TEXT", "data": ["taalintehdas", "tampere", "tampere", "tampere", "tampere", "kalvia, kokkola", "helsinki", "helsinki", "nykarleby (uusikaarlepyy)", "vantaa", "oulu", "tervalaakso, vaasa", "kauniainen", "espoo", "espoo", "tikkurila, vantaa", "tikkurila", "tampere", "tampere", "tampere", "tohmajarvi", "turku", "tornio", "toukola", "toivala, siilinjarvi", "toivala, siilinjarvi", "pori", "pori", "tornio", "toijala, akaa", "seinajoki", "tampere", "turku", "turku", "turku", "tampere", "tampere", "helsinki", "jarvenpaa", "taipalsaari", "turku", "orivesi", "turku", "tuusula", "tuusula", "turku", "terjarv, kronoby (kruunupyy)", "terjarv, kronoby (kruunupyy)", "turku", "turku", "turku", "turku", "turku", "tojby, narpes", "toolo"]}, {"col": "c2_list", "type": "LIST TEXT", "data": [["taalintehdas"], ["tampere"], ["tampere"], ["tampere"], ["tampere"], ["kalvia", "kokkola"], ["helsinki"], ["helsinki"], ["nykarleby (uusikaarlepyy)"], ["vantaa"], ["oulu"], ["tervalaakso", "vaasa"], ["kauniainen"], ["espoo"], ["espoo"], ["tikkurila", "vantaa"], ["tikkurila"], ["tampere"], ["tampere"], ["tampere"], ["tohmajarvi"], ["turku"], ["tornio"], ["toukola"], ["toivala", "siilinjarvi"], ["toivala", "siilinjarvi"], ["pori"], ["pori"], ["tornio"], ["toijala", "akaa"], ["seinajoki"], ["tampere"], ["turku"], ["turku"], ["turku"], ["tampere"], ["tampere"], ["helsinki"], ["jarvenpaa"], ["taipalsaari"], ["turku"], ["orivesi"], ["turku"], ["tuusula"], ["tuusula"], ["turku"], ["terjarv", "kronoby (kruunupyy)"], ["terjarv", "kronoby (kruunupyy)"], ["turku"], ["turku"], ["turku"], ["turku"], ["turku"], ["tojby", "narpes"], ["toolo"]]}, {"col": "c2_length", "type": "INTEGER", "data": [1, 1, 1, 1, 1, 2, 1, 1, 1, 1, 1, 2, 1, 1, 1, 2, 1, 1, 1, 1, 1, 1, 1, 1, 2, 2, 1, 1, 1, 2, 1, 1, 1, 1, 1, 1, 1, 1, 1, 1, 1, 1, 1, 1, 1, 1, 2, 2, 1, 1, 1, 1, 1, 2, 1]}, {"col": "c2_list_first", "type": "LIST TEXT", "data": [["taalintehdas"], ["tampere"], ["tampere"], ["tampere"], ["tampere"], ["kalvia", "kokkola"], ["helsinki"], ["helsinki"], ["nykarleby"], ["vantaa"], ["oulu"], ["tervalaakso", "vaasa"], ["kauniainen"], ["espoo"], ["espoo"], ["tikkurila", "vantaa"], ["tikkurila"], ["tampere"], ["tampere"], ["tampere"], ["tohmajarvi"], ["turku"], ["tornio"], ["toukola"], ["toivala", "siilinjarvi"], ["toivala", "siilinjarvi"], ["pori"], ["pori"], ["tornio"], ["toijala", "akaa"], ["seinajoki"], ["tampere"], ["turku"], ["turku"], ["turku"], ["tampere"], ["tampere"], ["helsinki"], ["jarvenpaa"], ["taipalsaari"], ["turku"], ["orivesi"], ["turku"], ["tuusula"], ["tuusula"], ["turku"], ["terjarv", "kronoby"], ["terjarv", "kronoby"], ["turku"], ["turku"], ["turku"], ["turku"], ["turku"], ["tojby", "narpes"], ["toolo"]]}, {"col": "c2_list_second", "type": "LIST TEXT", "data": [[], [], [], [], [], [], [], [], ["uusikaarlepyy"], [], [], [], [], [], [], [], [], [], [], [], [], [], [], [], [], [], [], [], [], [], [], [], [], [], [], [], [], [], [], [], [], [], [], [], [], [], ["kruunupyy"], ["kruunupyy"], [], [], [], [], [], [], []]}], [{"col": "c3", "type": "TEXT", "data": ["turku", "tampere", "tampere", "tampere", "tampere", "keski-pohjanmaa", "helsinki", "helsinki", "keski-pohjanmaa", "uusimaa", "pohjois-suomi", "vaasa", "uusimaa", "uusimaa", "uusimaa", "uusimaa", "uusimaa", "tampere", "tampere", "tampere", "ita-suomi", "turku", "pohjois-suomi", "helsinki", "ita-suomi", "ita-suomi", "satakunta", "satakunta", "pohjois-suomi", "tampere", "vaasa", "tampere", "turku", "turku", "turku", "tampere", "tampere", "helsinki", "uusimaa", "kaakkois-suomi", "turku", "tampere", "turku", "uusimaa", "uusimaa", "turku", "keski-pohjanmaa", "keski-pohjanmaa", "turku", "turku", "turku", "turku", "turku", "vaasa", "helsinki"]}], [{"col": "c4", "type": "TEXT", "data": ["taalintehtaan janteva", "tampere united", "tampere unitedin kannattajat", "tampereen palloilijat", "tampereen palloilijat / 2", "kalvian tarmo", "fc tavastia", "fc tavastia / fc mojo", "nykarleby idrottsklubb", "team vanpa", "tervarit", "tervalaakson teras", "team grani", "espoon tikka", "espoon tikka / -88", "tikkurilan palloseura", "tikkurilan palloseura / m2", "tampereen jalkapalloklubi / liepo", "tampereen kisatoverit", "tampereen kisatoverit / kootee", "tohmajarven palloseura-90", "torre calcio", "tornion tarmo", "toukolan teras / avauspotku", "toivalan urheilijat", "toivalan urheilijat / 2", "toejoen veikot", "toejoen veikot / 2", "tornion pallo-47", "toijalan pallo-49", "tp-seinajoki (tornavan pallo)", "tampereen peli-toverit", "turun pallokerho", "turun pallokerho / 2", "turun palloseura", "tampereen palloveikot", "tampereen pallo-veikot / 2", "trikiinit", "traskanda fotboll klub", "taipalsaaren veikot", "turun haka", "oriveden tuisku / daltonit", "turun kisa-veikot", "tuusulan palloseura", "tuusulan palloseura / 2", "turun pallo-veikot", "terjarv ungdoms sportklubb", "terjarv ungdoms sportklubb / ii", "turun toverit", "turun toverit / 2", "turun weikot", "turun weikot / 2", "turun weikot / 3", "tojby fc", "toolon taisto"]}, {"col": "c4_list", "type": "LIST TEXT", "data": [["taalintehtaan janteva"], ["tampere united"], ["tampere unitedin kannattajat"], ["tampereen palloilijat"], ["tampereen palloilijat", "2"], ["kalvian tarmo"], ["fc tavastia"], ["fc tavastia", "fc mojo"], ["nykarleby idrottsklubb"], ["team vanpa"], ["tervarit"], ["tervalaakson teras"], ["team grani"], ["espoon tikka"], ["espoon tikka", "-88"], ["tikkurilan palloseura"], ["tikkurilan palloseura", "m2"], ["tampereen jalkapalloklubi", "liepo"], ["tampereen kisatoverit"], ["tampereen kisatoverit", "kootee"], ["tohmajarven palloseura-90"], ["torre calcio"], ["tornion tarmo"], ["toukolan teras", "avauspotku"], ["toivalan urheilijat"], ["toivalan urheilijat", "2"], ["toejoen veikot"], ["toejoen veikot", "2"], ["tornion pallo-47"], ["toijalan pallo-49"], ["tp-seinajoki (tornavan pallo)"], ["tampereen peli-toverit"], ["turun pallokerho"], ["turun pallokerho", "2"], ["turun palloseura"], ["tampereen palloveikot"], ["tampereen pallo-veikot", "2"], ["trikiinit"], ["traskanda fotboll klub"], ["taipalsaaren veikot"], ["turun haka"], ["oriveden tuisku", "daltonit"], ["turun kisa-veikot"], ["tuusulan palloseura"], ["tuusulan palloseura", "2"], ["turun pallo-veikot"], ["terjarv ungdoms sportklubb"], ["terjarv ungdoms sportklubb", "ii"], ["turun toverit"], ["turun toverit", "2"], ["turun weikot"], ["turun weikot", "2"], ["turun weikot", "3"], ["tojby fc"], ["toolon taisto"]]}, {"col": "c4_length", "type": "INTEGER", "data": [1, 1, 1, 1, 2, 1, 1, 2, 1, 1, 1, 1, 1, 1, 2, 1, 2, 2, 1, 2, 1, 1, 1, 2, 1, 2, 1, 2, 1, 1, 1, 1, 1, 2, 1, 1, 2, 1, 1, 1, 1, 2, 1, 1, 2, 1, 1, 2, 1, 2, 1, 2, 2, 1, 1]}], [{"col": "c5", "type": "TEXT", "data": ["vitonen", "veikkausliiga", "nelonen", "vitonen", "kutonen", "kutonen", "nelonen", "kutonen", "vitonen", "vitonen", "kolmonen", "vitonen", "nelonen", "vitonen", "kutonen", "kolmonen", "kutonen", "vitonen", "kolmonen", "vitonen", "nelonen", "kutonen", "kolmonen", "vitonen", "nelonen", "vitonen", "kolmonen", "vitonen", "kakkonen", "nelonen", "nelonen", "kolmonen", "kolmonen", "nelonen", "veikkausliiga", "ykkonen", "kolmonen", "kutonen", "kutonen", "nelonen", "kutonen", "vitonen", "vitonen", "kolmonen", "kutonen", "vitonen", "nelonen", "vitonen", "kolmonen", "kutonen", "nelonen", "kutonen", "kutonen", "kutonen", "nelonen"]}], [{"col": "c6", "type": "TEXT", "data": ["2", "3", "3", "1", "1", "1", "1", "1", "1", "1", "2", "2", "1", "2", "1", "2", "1", "1", "2", "1", "2", "1", "1", "2", "2", "1", "2", "1", "3", "2", "1", "2", "2", "2", "3", "3", "2", "1", "1", "1", "1", "1", "1", "2", "1", "2", "2", "1", "1", "1", "1", "1", "1", "1", "2"]}, {"col": "c6_number", "type": "REAL", "data": [2.0, 3.0, 3.0, 1.0, 1.0, 1.0, 1.0, 1.0, 1.0, 1.0, 2.0, 2.0, 1.0, 2.0, 1.0, 2.0, 1.0, 1.0, 2.0, 1.0, 2.0, 1.0, 1.0, 2.0, 2.0, 1.0, 2.0, 1.0, 3.0, 2.0, 1.0, 2.0, 2.0, 2.0, 3.0, 3.0, 2.0, 1.0, 1.0, 1.0, 1.0, 1.0, 1.0, 2.0, 1.0, 2.0, 2.0, 1.0, 1.0, 1.0, 1.0, 1.0, 1.0, 1.0, 2.0]}], [{"col": "c7", "type": "TEXT", "data": [null, null, null, null, null, null, null, null, null, null, null, null, null, null, null, null, null, null, null, null, null, null, null, null, null, null, null, null, null, "also abbreviated as toip -49", null, null, null, null, null, null, null, null, null, null, null, null, null, null, null, null, null, null, null, null, null, null, null, null, null]}]], "is_list": {"id": false, "agg": false, "c1": false, "c2": false, "c2_list": true, "c2_length": false, "c2_list_first": true, "c2_list_second": true, "c3": false, "c4": false, "c4_list": true, "c4_length": false, "c5": false, "c6": false, "c6_number": false, "c7": false}}