{"headers": ["id", "agg", "image", "name", "birth date", "death date", "brief biography"], "types": ["id", "agg", "number", "text", "date", "date", "text"], "contents": [[{"col": "id", "type": "INTEGER", "data": [1, 2, 3, 4, 5, 6, 7]}], [{"col": "agg", "type": "INTEGER", "data": [0, 0, 0, 0, 0, 0, 0]}], [{"col": "c1", "type": "EMPTY", "data": ["", "", "", "", "", "", ""]}], [{"col": "c2", "type": "TEXT", "data": ["harriet churchill", "henrietta churchill (later godolphin), 2nd duchess of marlborough in her own right", "anne churchill (later spencer)", "john churchill, marquess of blandford", "elizabeth churchill (later egerton)", "mary churchill (later montagu)", "charles churchill"]}], [{"col": "c3", "type": "TEXT", "data": ["october 1679", "19 july 1681", "27 february 1683", "13 february 1686", "15 march 1687", "15 july 1689", "19 august 1690"]}, {"col": "c3_number", "type": "INTEGER", "data": [1679, 19, 27, 13, 15, 15, 19]}, {"col": "c3_parsed", "type": "TEXT", "data": ["1679-10", "1681-07-19", "1683-02-27", "1686-02-13", "1687-03-15", "1689-07-15", "1690-08-19"]}, {"col": "c3_year", "type": "INTEGER", "data": [1679, 1681, 1683, 1686, 1687, 1689, 1690]}, {"col": "c3_month", "type": "INTEGER", "data": [10, 7, 2, 2, 3, 7, 8]}, {"col": "c3_day", "type": "INTEGER", "data": [null, 19, 27, 13, 15, 15, 19]}], [{"col": "c4", "type": "TEXT", "data": ["october 1679", "24 october 1733", "15 april 1716", "20 february 1703", "22 march 1738", "14 may 1729", "22 may 1692"]}, {"col": "c4_number", "type": "INTEGER", "data": [1679, 24, 15, 20, 22, 14, 22]}, {"col": "c4_parsed", "type": "TEXT", "data": ["1679-10", "1733-10-24", "1716-04-15", "1703-02-20", "1738-03-22", "1729-05-14", "1692-05-22"]}, {"col": "c4_year", "type": "INTEGER", "data": [1679, 1733, 1716, 1703, 1738, 1729, 1692]}, {"col": "c4_month", "type": "INTEGER", "data": [10, 10, 4, 2, 3, 5, 5]}, {"col": "c4_day", "type": "INTEGER", "data": [null, 24, 15, 20, 22, 14, 22]}], [{"col": "c5", "type": "TEXT", "data": ["died an infant", "married the hon. francis godolphin (later viscount rialton by courtesy and 2nd earl of godolphin respectively) on 23 april 1698. their son, william, marquess of blandford died in 1731; their daughter henrietta married thomas pelham-holles, 1st duke of newcastle-upon-tyne; their daughter mary married thomas osborne, 4th duke of leeds", "anne married the whig politician charles spencer, 3rd earl of sunderland on 14 september 1699. after her sister henrietta's death in 1733, their son, charles became 3rd duke of marlborough. their son john is the ancestor of the earls spencer and thus of diana, princess of wales. their daughter diana nearly married frederick, prince of wales, but when the plan failed, married lord john russell, later 4th duke of bedford", "john, marquess of blandford was the heir to the dukedom of marlborough. he died unmarried and without children in 1703, so the dukedom passed to marlborough's eldest daughter, henrietta, after his death in 1703", "married scroop egerton, 4th earl of bridgewater (from 1720, 1st duke of bridgewater) on 9 february 1703, leaving issue", "married john montagu, 2nd duke of montagu on 17 march 1705, leaving issue", "died an infant"]}]], "is_list": {"id": false, "agg": false, "c1": false, "c2": false, "c3": false, "c3_number": false, "c3_parsed": false, "c3_year": false, "c3_month": false, "c3_day": false, "c4": false, "c4_number": false, "c4_parsed": false, "c4_year": false, "c4_month": false, "c4_day": false, "c5": false}}