{"headers": ["id", "agg", "no.", "air date", "network", "household\nrating", "viewers\n(millions)"], "types": ["id", "agg", "rank", "date", "text", "number", "number(unitnum)"], "contents": [[{"col": "id", "type": "INTEGER", "data": [1, 2, 3, 4, 5, 6, 7, 8, 9, 10, 11, 12, 13, 14, 15, 16, 17, 18, 19, 20, 21, 22]}], [{"col": "agg", "type": "INTEGER", "data": [0, 0, 0, 0, 0, 0, 0, 0, 0, 0, 0, 0, 0, 0, 0, 0, 0, 0, 0, 0, 0, 0]}], [{"col": "c1", "type": "TEXT", "data": ["18th", "19th", "20th", "21st", "22nd", "23rd", "24th", "25th", "26th", "27th", "28th", "29th", "30th", "31st", "32nd", "33rd", "34th", "35th", "36th", "37th", "38th", "39th"]}, {"col": "c1_number", "type": "REAL", "data": [18.0, 19.0, 20.0, 21.0, 22.0, 23.0, 24.0, 25.0, 26.0, 27.0, 28.0, 29.0, 30.0, 31.0, 32.0, 33.0, 34.0, 35.0, 36.0, 37.0, 38.0, 39.0]}], [{"col": "c2", "type": "TEXT", "data": ["june 27, 1991", "june 23, 1992", "may 26, 1993", "may 25, 1994", "may 19, 1995", "may 22, 1996", "may 21, 1997", "may 15, 1998", "may 21, 1999", "may 19, 2000", "may 18, 2001", "may 17, 2002", "may 16, 2003", "may 21, 2004", "may 20, 2005", "april 28, 2006", "june 15, 2007", "june 20, 2008", "august 30, 2009", "june 27, 2010", "june 19, 2011", "june 23, 2012"]}, {"col": "c2_number", "type": "INTEGER", "data": [27, 23, 26, 25, 19, 22, 21, 15, 21, 19, 18, 17, 16, 21, 20, 28, 15, 20, 30, 27, 19, 23]}, {"col": "c2_parsed", "type": "TEXT", "data": ["1991-06-27", "1992-06-23", "1993-05-26", "1994-05-25", "1995-05-19", "1996-05-22", "1997-05-21", "1998-05-15", "1999-05-21", "2000-05-19", "2001-05-18", "2002-05-17", "2003-05-16", "2004-05-21", "2005-05-20", "2006-04-28", "2007-06-15", "2008-06-20", "2009-08-30", "2010-06-27", "2011-06-19", "2012-06-23"]}, {"col": "c2_year", "type": "INTEGER", "data": [1991, 1992, 1993, 1994, 1995, 1996, 1997, 1998, 1999, 2000, 2001, 2002, 2003, 2004, 2005, 2006, 2007, 2008, 2009, 2010, 2011, 2012]}, {"col": "c2_month", "type": "INTEGER", "data": [6, 6, 5, 5, 5, 5, 5, 5, 5, 5, 5, 5, 5, 5, 5, 4, 6, 6, 8, 6, 6, 6]}, {"col": "c2_day", "type": "INTEGER", "data": [27, 23, 26, 25, 19, 22, 21, 15, 21, 19, 18, 17, 16, 21, 20, 28, 15, 20, 30, 27, 19, 23]}], [{"col": "c3", "type": "TEXT", "data": ["cbs", "nbc", "abc", "abc", "nbc", "cbs", "abc", "nbc", "cbs", "abc", "nbc", "cbs", "abc", "nbc", "cbs", "abc", "cbs", "abc", "cw", "cbs", "cbs", "hln"]}], [{"col": "c4", "type": "TEXT", "data": ["13.5", "15.3", "16.4", "14.1", "10.2", "11.4", "11.8", "10.2", "10.4", "9.1", "7.9", "6.9", "6.3", "6", "5.5", "4.5", "5.9", "4", "2", "3.8", "3.7", null]}, {"col": "c4_number", "type": "REAL", "data": [13.5, 15.3, 16.4, 14.1, 10.2, 11.4, 11.8, 10.2, 10.4, 9.1, 7.9, 6.9, 6.3, 6.0, 5.5, 4.5, 5.9, 4.0, 2.0, 3.8, 3.7, null]}], [{"col": "c5", "type": "TEXT", "data": ["18.9", "20.2", "22", "18.9", "13.7", "15.1", "15.9", "13", "14.2", "13", "10.3", "10.1", "8.6", "8.4", "7.6", "6.1", "8.3", "5.4", "2.7", "5.6", "5.5", "2 (5 broadcasts)"]}, {"col": "c5_first", "type": "TEXT", "data": ["18.9", "20.2", "22", "18.9", "13.7", "15.1", "15.9", "13", "14.2", "13", "10.3", "10.1", "8.6", "8.4", "7.6", "6.1", "8.3", "5.4", "2.7", "5.6", "5.5", "2"]}, {"col": "c5_second", "type": "TEXT", "data": [null, null, null, null, null, null, null, null, null, null, null, null, null, null, null, null, null, null, null, null, null, "5 broadcasts"]}, {"col": "c5_first_number", "type": "REAL", "data": [18.9, 20.2, 22.0, 18.9, 13.7, 15.1, 15.9, 13.0, 14.2, 13.0, 10.3, 10.1, 8.6, 8.4, 7.6, 6.1, 8.3, 5.4, 2.7, 5.6, 5.5, 2.0]}, {"col": "c5_second_number", "type": "REAL", "data": [null, null, null, null, null, null, null, null, null, null, null, null, null, null, null, null, null, null, null, null, null, 5.0]}]], "is_list": {"id": false, "agg": false, "c1": false, "c1_number": false, "c2": false, "c2_number": false, "c2_parsed": false, "c2_year": false, "c2_month": false, "c2_day": false, "c3": false, "c4": false, "c4_number": false, "c5": false, "c5_first": false, "c5_second": false, "c5_first_number": false, "c5_second_number": false}}