{"headers": ["id", "agg", "rank", "bib", "athlete", "country", "time", "deficit", "note"], "types": ["id", "agg", "number", "number", "text", "text", "time", "time", "text"], "contents": [[{"col": "id", "type": "INTEGER", "data": [1, 2, 3, 4, 5, 6, 7, 8, 9, 10, 11, 12, 13, 14, 15, 16, 17, 18, 19, 20, 21, 22, 23, 24, 25, 26, 27, 28, 29, 30, 31, 32, 33, 34, 35, 36, 37, 38, 39, 40, 41, 42, 43, 44, 45, 46, 47, 48, 49, 50, 51, 52, 53, 54, 55, 56, 57, 58, 59, 60, 61, 62, 63, 64, 65, 66, 67, 68, 69, 70, 71, 72, 73, 74, 75, 76, 77, 78, 79, 80, 81, 82, 83, 84, 85, 86, 87]}], [{"col": "agg", "type": "INTEGER", "data": [0, 0, 0, 0, 0, 0, 0, 0, 0, 0, 0, 0, 0, 0, 0, 0, 0, 0, 0, 0, 0, 0, 0, 0, 0, 0, 0, 0, 0, 0, 0, 0, 0, 0, 0, 0, 0, 0, 0, 0, 0, 0, 0, 0, 0, 0, 0, 0, 0, 0, 0, 0, 0, 0, 0, 0, 0, 0, 0, 0, 0, 0, 0, 0, 0, 0, 0, 0, 0, 0, 0, 0, 0, 0, 0, 0, 0, 0, 0, 0, 0, 0, 0, 0, 0, 0, 0]}], [{"col": "c1", "type": "TEXT", "data": ["1", "2", "3", "4", "5", "6", "7", "8", "9", "10", "11", "12", "13", "14", "14", "16", "17", "18", "19", "20", "21", "22", "23", "24", "25", "26", "27", "28", "29", "30", "31", "32", "33", "34", "35", "36", "37", "38", "39", "40", "41", "42", "43", "44", "45", "46", "47", "48", "49", "50", "51", "52", "53", "54", "55", "56", "57", "58", "59", "60", "61", "62", "63", "64", "65", "66", "67", "68", "69", "70", "71", "72", "73", "74", "75", "76", "77", "78", "79", "80", "81", "82", "83", "84", "85", "86", null]}, {"col": "c1_number", "type": "REAL", "data": [1.0, 2.0, 3.0, 4.0, 5.0, 6.0, 7.0, 8.0, 9.0, 10.0, 11.0, 12.0, 13.0, 14.0, 14.0, 16.0, 17.0, 18.0, 19.0, 20.0, 21.0, 22.0, 23.0, 24.0, 25.0, 26.0, 27.0, 28.0, 29.0, 30.0, 31.0, 32.0, 33.0, 34.0, 35.0, 36.0, 37.0, 38.0, 39.0, 40.0, 41.0, 42.0, 43.0, 44.0, 45.0, 46.0, 47.0, 48.0, 49.0, 50.0, 51.0, 52.0, 53.0, 54.0, 55.0, 56.0, 57.0, 58.0, 59.0, 60.0, 61.0, 62.0, 63.0, 64.0, 65.0, 66.0, 67.0, 68.0, 69.0, 70.0, 71.0, 72.0, 73.0, 74.0, 75.0, 76.0, 77.0, 78.0, 79.0, 80.0, 81.0, 82.0, 83.0, 84.0, 85.0, 86.0, null]}], [{"col": "c2", "type": "TEXT", "data": ["30", "36", "19", "34", "29", "32", "18", "37", "25", "27", "16", "24", "35", "23", "20", "43", "55", "50", "48", "39", "40", "17", "44", "9", "22", "21", "33", "15", "7", "31", "47", "38", "45", "49", "10", "41", "26", "28", "54", "11", "8", "51", "46", "6", "53", "12", "2", "57", "3", "14", "56", "60", "59", "1", "52", "4", "64", "58", "42", "66", "62", "63", "71", "68", "13", "5", "67", "65", "69", "74", "70", "84", "72", "86", "79", "82", "75", "77", "81", "87", "83", "73", "85", "76", "80", "78", "61"]}, {"col": "c2_number", "type": "REAL", "data": [30.0, 36.0, 19.0, 34.0, 29.0, 32.0, 18.0, 37.0, 25.0, 27.0, 16.0, 24.0, 35.0, 23.0, 20.0, 43.0, 55.0, 50.0, 48.0, 39.0, 40.0, 17.0, 44.0, 9.0, 22.0, 21.0, 33.0, 15.0, 7.0, 31.0, 47.0, 38.0, 45.0, 49.0, 10.0, 41.0, 26.0, 28.0, 54.0, 11.0, 8.0, 51.0, 46.0, 6.0, 53.0, 12.0, 2.0, 57.0, 3.0, 14.0, 56.0, 60.0, 59.0, 1.0, 52.0, 4.0, 64.0, 58.0, 42.0, 66.0, 62.0, 63.0, 71.0, 68.0, 13.0, 5.0, 67.0, 65.0, 69.0, 74.0, 70.0, 84.0, 72.0, 86.0, 79.0, 82.0, 75.0, 77.0, 81.0, 87.0, 83.0, 73.0, 85.0, 76.0, 80.0, 78.0, 61.0]}], [{"col": "c3", "type": "TEXT", "data": ["marit bj\u00f8rgen", "charlotte kalla", "maiken caspersen falla", "astrid uhrenholdt jacobsen", "katja visnar", "krista lahteenmaki", "hanna falk", "laure barthelemy", "kikkan randall", "magda genuin", "arianna follis", "celine brun-lie", "justyna kowalczyk", "petra majdic", "vesna fabjan", "nicole fessel", "silvana bucher", "natalja iljina", "alenka cebasek", "denise herrmann", "riikka sarasoja", "ida ingemarsdotter", "chandra crawford", "perianne jones", "alena prochazkova", "anastasia dotsenko", "daria gaiazova", "sadie bjornsen", "jessica diggins", "hanna brodin", "aurore jean", "natalya korostelyova", "anne kyllonen", "triin ojaste", "gaia vuerich", "katerina smutna", "madoka natsumi", "pirjo muranen", "elena soboleva", "elena kolomina", "oxana yatskaya", "lucia anger", "laurien van der graf", "esther bottomley", "ida sargent", "elisa brocard", "ewelina marcisz", "tatjana roshina", "agnieszka szymanczak", "emilie vina", "kateryna grygorenko", "paulina maciuszek", "rosamund musgrave", "anastasia slonova", "eva nyvltova", "piret pormeister", "maryna antsybor", "teodora malcheva", "hanna kolb", "vita jakimchuk", "lina kreivenaite", "monika gyorgy", "niviaq chemnitz berthelsen", "ingrida ardisauskaite", "kaija udras", "katarina garajova", "zoya zaviedieieva", "nina broznic", "lee chae-won", "inga dauskane", "vedrana malec", "jaqueline mourao", "sarah young", "irina khodiakova", "vera viczian", "rosana kiroska", "kristine liepina", "agnes simon", "natalija kovalova", "ildiko papp", "viktoria zambo", "syuzanna varosyan", "ana angelova", "valya varosyan", "zane eglite", "olga reshetkova", "brooke gosling"]}], [{"col": "c4", "type": "TEXT", "data": ["norway", "sweden", "norway", "norway", "slovenia", "finland", "sweden", "france", "united states", "italy", "italy", "norway", "poland", "slovenia", "slovenia", "germany", "switzerland", "russia", "slovenia", "germany", "finland", "sweden", "canada", "canada", "slovakia", "russia", "canada", "united states", "united states", "sweden", "france", "russia", "finland", "estonia", "italy", "austria", "japan", "finland", "russia", "kazakhstan", "kazakhstan", "germany", "switzerland", "australia", "united states", "italy", "poland", "kazakhstan", "poland", "france", "ukraine", "poland", "united kingdom", "kazakhstan", "czech republic", "estonia", "ukraine", "bulgaria", "germany", "ukraine", "lithuania", "romania", "denmark", "lithuania", "estonia", "slovakia", "ukraine", "croatia", "south korea", "latvia", "croatia", "brazil", "united kingdom", "kyrgyzstan", "hungary", "macedonia", "latvia", "hungary", "latvia", "hungary", "hungary", "armenia", "macedonia", "armenia", "latvia", "kyrgyzstan", "canada"]}], [{"col": "c5", "type": "TEXT", "data": ["3:03.89", "3:05.39", "3:05.64", "3:07.31", "3:07.64", "3:07.90", "3:07.97", "3:08.53", "3:09.75", "3:09.91", "3:10.41", "3:10.45", "3:10.49", "3:11.13", "3:11.13", "3:11.37", "3:12.24", "3:12.27", "3:12.88", "3:13.32", "3:13.49", "3:13.50", "3:13.90", "3:13.95", "3:14.64", "3:15.03", "3:15.10", "3:15.19", "3:15.24", "3:15.54", "3:15.61", "3:15.83", "3:16.45", "3:16.70", "3:16.89", "3:17.19", "3:17.89", "3:18.21", "3:19.55", "3:20.17", "3:20.31", "3:20.55", "3:20.66", "3:21.86", "3:22.32", "3:22.52", "3:22.54", "3:22.85", "3:23.48", "3:23.97", "3:24.63", "3:25.30", "3:26.34", "3:26.51", "3:27.05", "3:27.34", "3:28.17", "3:28.79", "3:28.81", "3:29.67", "3:32.01", "3:32.20", "3:32.56", "3:33.54", "3:33.88", "3:37.08", "3:38.21", "3:38.36", "3:38.59", "3:39.28", "3:41.54", "3:49.07", "3:50.77", "3:52.24", "3:54.40", "3:55.96", "3:57.70", "4:04.44", "4:08.67", "4:11.74", "4:21.85", "4:25.77", "4:30.67", "4:30.74", "4:37.37", "4:43.84", "dns"]}, {"col": "c5_number", "type": "INTEGER", "data": [3, 3, 3, 3, 3, 3, 3, 3, 3, 3, 3, 3, 3, 3, 3, 3, 3, 3, 3, 3, 3, 3, 3, 3, 3, 3, 3, 3, 3, 3, 3, 3, 3, 3, 3, 3, 3, 3, 3, 3, 3, 3, 3, 3, 3, 3, 3, 3, 3, 3, 3, 3, 3, 3, 3, 3, 3, 3, 3, 3, 3, 3, 3, 3, 3, 3, 3, 3, 3, 3, 3, 3, 3, 3, 3, 3, 3, 4, 4, 4, 4, 4, 4, 4, 4, 4, null]}, {"col": "c5_min", "type": "INTEGER", "data": [3, 3, 3, 3, 3, 3, 3, 3, 3, 3, 3, 3, 3, 3, 3, 3, 3, 3, 3, 3, 3, 3, 3, 3, 3, 3, 3, 3, 3, 3, 3, 3, 3, 3, 3, 3, 3, 3, 3, 3, 3, 3, 3, 3, 3, 3, 3, 3, 3, 3, 3, 3, 3, 3, 3, 3, 3, 3, 3, 3, 3, 3, 3, 3, 3, 3, 3, 3, 3, 3, 3, 3, 3, 3, 3, 3, 3, 4, 4, 4, 4, 4, 4, 4, 4, 4, null]}, {"col": "c5_sec", "type": "REAL", "data": [3.89, 5.39, 5.64, 7.31, 7.64, 7.9, 7.97, 8.53, 9.75, 9.91, 10.41, 10.45, 10.49, 11.13, 11.13, 11.37, 12.24, 12.27, 12.88, 13.32, 13.49, 13.5, 13.9, 13.95, 14.64, 15.03, 15.1, 15.19, 15.24, 15.54, 15.61, 15.83, 16.45, 16.7, 16.89, 17.19, 17.89, 18.21, 19.55, 20.17, 20.31, 20.55, 20.66, 21.86, 22.32, 22.52, 22.54, 22.85, 23.48, 23.97, 24.63, 25.3, 26.34, 26.51, 27.05, 27.34, 28.17, 28.79, 28.81, 29.67, 32.01, 32.2, 32.56, 33.54, 33.88, 37.08, 38.21, 38.36, 38.59, 39.28, 41.54, 49.07, 50.77, 52.24, 54.4, 55.96, 57.7, 4.44, 8.67, 11.74, 21.85, 25.77, 30.67, 30.74, 37.37, 43.84, null]}], [{"col": "c6", "type": "TEXT", "data": [null, "1.5", "1.75", "3.42", "3.75", "4.01", "4.08", "4.64", "5.86", "6.02", "6.52", "6.56", "6.6", "7.24", "7.24", "7.48", "8.35", "8.38", "8.99", "9.43", "9.6", "9.61", "10.01", "10.06", "10.75", "11.14", "11.21", "11.3", "11.35", "11.65", "11.72", "11.94", "12.56", "12.81", "13", "13.3", "14", "14.32", "15.66", "16.28", "16.42", "16.66", "16.77", "17.97", "18.43", "18.63", "18.65", "18.96", "19.59", "20.08", "20.74", "21.41", "22.45", "22.62", "23.16", "23.45", "24.28", "24.9", "24.92", "25.78", "28.12", "28.31", "28.67", "29.65", "29.99", "30.19", "31.32", "31.47", "31.7", "32.39", "34.65", "45.18", "46.88", "48.35", "50.51", "52.07", "53.81", "+1:00.55", "+1:04.78", "+1:07.85", "+1:17.86", "+1:21.88", "+1:26.78", "+1:26.85", "+1:33.48", "+1:39.95", null]}, {"col": "c6_number", "type": "REAL", "data": [null, 1.5, 1.75, 3.42, 3.75, 4.01, 4.08, 4.64, 5.86, 6.02, 6.52, 6.56, 6.6, 7.24, 7.24, 7.48, 8.35, 8.38, 8.99, 9.43, 9.6, 9.61, 10.01, 10.06, 10.75, 11.14, 11.21, 11.3, 11.35, 11.65, 11.72, 11.94, 12.56, 12.81, 13, 13.3, 14, 14.32, 15.66, 16.28, 16.42, 16.66, 16.77, 17.97, 18.43, 18.63, 18.65, 18.96, 19.59, 20.08, 20.74, 21.41, 22.45, 22.62, 23.16, 23.45, 24.28, 24.9, 24.92, 25.78, 28.12, 28.31, 28.67, 29.65, 29.99, 30.19, 31.32, 31.47, 31.7, 32.39, 34.65, 45.18, 46.88, 48.35, 50.51, 52.07, 53.81, 1, 1, 1, 1, 1, 1, 1, 1, 1, null]}, {"col": "c6_min", "type": "INTEGER", "data": [null, null, null, null, null, null, null, null, null, null, null, null, null, null, null, null, null, null, null, null, null, null, null, null, null, null, null, null, null, null, null, null, null, null, null, null, null, null, null, null, null, null, null, null, null, null, null, null, null, null, null, null, null, null, null, null, null, null, null, null, null, null, null, null, null, null, null, null, null, null, null, null, null, null, null, null, null, 1, 1, 1, 1, 1, 1, 1, 1, 1, null]}, {"col": "c6_sec", "type": "REAL", "data": [null, null, null, null, null, null, null, null, null, null, null, null, null, null, null, null, null, null, null, null, null, null, null, null, null, null, null, null, null, null, null, null, null, null, null, null, null, null, null, null, null, null, null, null, null, null, null, null, null, null, null, null, null, null, null, null, null, null, null, null, null, null, null, null, null, null, null, null, null, null, null, null, null, null, null, null, null, 0.55, 4.78, 7.85, 17.86, 21.88, 26.78, 26.85, 33.48, 39.95, null]}], [{"col": "c7", "type": "TEXT", "data": ["q", "q", "q", "q", "q", "q", "q", "q", "q", "q", "q", "q", "q", "q", "q", "q", "q", "q", "q", "q", "q", "q", "q", "q", "q", "q", "q", "q", "q", "q", null, null, null, null, null, null, null, null, null, null, null, null, null, null, null, null, null, null, null, null, null, null, null, null, null, null, null, null, null, null, null, null, null, null, null, null, null, null, null, null, null, null, null, null, null, null, null, null, null, null, null, null, null, null, null, null, null]}]], "is_list": {"id": false, "agg": false, "c1": false, "c1_number": false, "c2": false, "c2_number": false, "c3": false, "c4": false, "c5": false, "c5_number": false, "c5_min": false, "c5_sec": false, "c6": false, "c6_number": false, "c6_min": false, "c6_sec": false, "c7": false}}