{"headers": ["id", "agg", "season", "level", "division", "section", "position", "movements"], "types": ["id", "agg", "number", "text", "text", "text", "rank", "text(text)"], "contents": [[{"col": "id", "type": "INTEGER", "data": [1, 2, 3, 4, 5, 6, 7, 8, 9, 10, 11, 12, 13, 14, 15, 16]}], [{"col": "agg", "type": "INTEGER", "data": [0, 0, 0, 0, 0, 0, 0, 0, 0, 0, 0, 0, 0, 0, 0, 0]}], [{"col": "c1", "type": "TEXT", "data": ["1999", null, "2000", null, "2001", null, "2002", "2003", "2004", "2005", "2006", "2007", "2008", "2009", "2010", "2011"]}, {"col": "c1_number", "type": "INTEGER", "data": [1999, null, 2000, null, 2001, null, 2002, 2003, 2004, 2005, 2006, 2007, 2008, 2009, 2010, 2011]}], [{"col": "c2", "type": "TEXT", "data": ["tier 5", "tier 5", "tier 5", "tier 5", "tier 5", "tier 5", "tier 5", "tier 5", "tier 5", "tier 5", "tier 5", "tier 6", "tier 6", "tier 6", "tier 6", "tier 6"]}], [{"col": "c3", "type": "TEXT", "data": ["division 4", "division 4", "division 4", "division 4", "division 4", "division 4", "division 4", "division 4", "division 4", "division 4", "division 3", "division 4", "division 4", "division 4", "division 4", "division 4"]}], [{"col": "c4", "type": "TEXT", "data": ["gotland", "gotland", "gotland", "uppland/gotland host", "gotland", "gotland", "gotland", "gotland", "gotland", "gotland", "ostra svealand", "gotland", "gotland", "gotland", "gotland", "gotland"]}], [{"col": "c5", "type": "TEXT", "data": ["6th", "5th", "2nd", "10th", "4th", "4th", "3rd", "6th", "4th", "1st", "12th", "2nd", "3rd", "7th", "2nd", "4th"]}, {"col": "c5_number", "type": "REAL", "data": [6.0, 5.0, 2.0, 10.0, 4.0, 4.0, 3.0, 6.0, 4.0, 1.0, 12.0, 2.0, 3.0, 7.0, 2.0, 4.0]}], [{"col": "c6", "type": "TEXT", "data": ["varserier (spring series)", "hostserier (autumn series)", "varserier (spring series)", "hostserier (autumn series)", "varserier (spring series)", "slutspel a (playoff a)", "promotion playoffs", null, null, null, "relegated", null, null, null, null, null]}, {"col": "c6_first", "type": "TEXT", "data": ["varserier", "hostserier", "varserier", "hostserier", "varserier", "slutspel a", "promotion playoffs", null, null, null, "relegated", null, null, null, null, null]}, {"col": "c6_second", "type": "TEXT", "data": ["spring series", "autumn series", "spring series", "autumn series", "spring series", "playoff a", null, null, null, null, null, null, null, null, null, null]}]], "is_list": {"id": false, "agg": false, "c1": false, "c1_number": false, "c2": false, "c3": false, "c4": false, "c5": false, "c5_number": false, "c6": false, "c6_first": false, "c6_second": false}}