{"headers": ["id", "agg", "pos", "rider", "manufacturer", "time/retired", "points"], "types": ["id", "agg", "rank", "text", "text", "time", "number"], "contents": [[{"col": "id", "type": "INTEGER", "data": [1, 2, 3, 4, 5, 6, 7, 8, 9, 10, 11, 12, 13, 14, 15, 16, 17, 18, 19, 20, 21, 22, 23, 24, 25, 26, 27, 28]}], [{"col": "agg", "type": "INTEGER", "data": [0, 0, 0, 0, 0, 0, 0, 0, 0, 0, 0, 0, 0, 0, 0, 0, 0, 0, 0, 0, 0, 0, 0, 0, 0, 0, 0, 0]}], [{"col": "c1", "type": "TEXT", "data": ["1", "2", "3", "4", "5", "6", "7", "8", "9", "10", "11", "12", "13", "14", "15", "16", "17", "18", "19", "20", "21", "22", "23", "24", "ret", "ret", "ret", "ret"]}, {"col": "c1_number", "type": "REAL", "data": [1.0, 2.0, 3.0, 4.0, 5.0, 6.0, 7.0, 8.0, 9.0, 10.0, 11.0, 12.0, 13.0, 14.0, 15.0, 16.0, 17.0, 18.0, 19.0, 20.0, 21.0, 22.0, 23.0, 24.0, null, null, null, null]}], [{"col": "c2", "type": "TEXT", "data": ["loris capirossi", "valentino rossi", "jeremy mcwilliams", "tohru ukawa", "shinya nakano", "ralf waldmann", "franco battaini", "stefano perugini", "jason vincent", "anthony west", "alex hofmann", "sebastian porto", "tomomi manako", "masaki tokudome", "jarno janssen", "luca boscoscuro", "johann stigefelt", "julien allemand", "fonsi nieto", "lucas oliver bulto", "david garcia", "rudie markink", "arno visscher", "henk van de lagemaat", "maurice bolwerk", "andre romein", "roberto rolfo", "marcellino lucchi"]}], [{"col": "c3", "type": "TEXT", "data": ["honda", "aprilia", "aprilia", "honda", "yamaha", "aprilia", "aprilia", "honda", "honda", "tsr-honda", "tsr-honda", "yamaha", "yamaha", "tsr-honda", "tsr-honda", "tsr-honda", "yamaha", "tsr-honda", "yamaha", "yamaha", "yamaha", "aprilia", "aprilia", "honda", "tsr-honda", "honda", "aprilia", "aprilia"]}], [{"col": "c4", "type": "TEXT", "data": ["38:04.730", "0.18", "0.534", "0.537", "0.742", "7.019", "20.889", "20.891", "21.31", "26.816", "26.933", "27.054", "27.903", "33.161", "56.248", "56.432", "+1:07.433", "+1:16.347", "+1:25.622", "+1:25.758", "+1:33.867", "+1:40.280", "+1:40.635", "+1 lap", "retirement", "retirement", "retirement", "retirement"]}, {"col": "c4_number", "type": "REAL", "data": [38, 0.18, 0.534, 0.537, 0.742, 7.019, 20.889, 20.891, 21.31, 26.816, 26.933, 27.054, 27.903, 33.161, 56.248, 56.432, 1, 1, 1, 1, 1, 1, 1, 1, null, null, null, null]}, {"col": "c4_min", "type": "INTEGER", "data": [38, null, null, null, null, null, null, null, null, null, null, null, null, null, null, null, 1, 1, 1, 1, 1, 1, 1, null, null, null, null, null]}, {"col": "c4_sec", "type": "REAL", "data": [4.73, null, null, null, null, null, null, null, null, null, null, null, null, null, null, null, 7.433, 16.347, 25.622, 25.758, 33.867, 40.28, 40.635, null, null, null, null, null]}], [{"col": "c5", "type": "TEXT", "data": ["25", "20", "16", "13", "11", "10", "9", "8", "7", "6", "5", "4", "3", "2", "1", null, null, null, null, null, null, null, null, null, null, null, null, null]}, {"col": "c5_number", "type": "REAL", "data": [25.0, 20.0, 16.0, 13.0, 11.0, 10.0, 9.0, 8.0, 7.0, 6.0, 5.0, 4.0, 3.0, 2.0, 1.0, null, null, null, null, null, null, null, null, null, null, null, null, null]}]], "is_list": {"id": false, "agg": false, "c1": false, "c1_number": false, "c2": false, "c3": false, "c4": false, "c4_number": false, "c4_min": false, "c4_sec": false, "c5": false, "c5_number": false}}