{"headers": ["id", "agg", "no", "date", "race", "track", "winner", "reports"], "types": ["id", "agg", "number", "date", "text", "text", "text", "text"], "contents": [[{"col": "id", "type": "INTEGER", "data": [1, 2, 3, 4, 5, 6, 7, 8, 9, 10, 11, 12, 13, 14, 15, 16, 17, 18, 19, 20, 21]}], [{"col": "agg", "type": "INTEGER", "data": [0, 0, 0, 0, 0, 0, 0, 0, 0, 0, 0, 0, 0, 0, 0, 0, 0, 0, 0, 0, 0]}], [{"col": "c1", "type": "TEXT", "data": ["1", "2", "3", "4", "5", "6", "7", "8", "9", "10", "11", "12", "13", "14", "15", "16", "17", "18", "19", "20", "21"]}, {"col": "c1_number", "type": "REAL", "data": [1.0, 2.0, 3.0, 4.0, 5.0, 6.0, 7.0, 8.0, 9.0, 10.0, 11.0, 12.0, 13.0, 14.0, 15.0, 16.0, 17.0, 18.0, 19.0, 20.0, 21.0]}], [{"col": "c2", "type": "TEXT", "data": ["02-09-2008", "04-13-2008", "04-19-2008", "04-25-2008", "05-04-2008", "05-10-2008", "05-18-2008", "06-07-2008", "06-14-2008", "06-29-2008", "07-18-2008", "07-26-2008", "08-02-2008", "08-09-2008", "08-17-2008", "09-01-2008", "09-06-2008", "09-13-2008", "09-28-2008", "10-03-2008", "10-12-2008"]}, {"col": "c2_number", "type": "INTEGER", "data": [2, 4, 4, 4, 5, 5, 5, 6, 6, 6, 7, 7, 8, 8, 8, 9, 9, 9, 9, 10, 10]}, {"col": "c2_parsed", "type": "TEXT", "data": ["2008-02-09", "2008-04-13", "2008-04-19", "2008-04-25", "2008-05-04", "2008-05-10", "2008-05-18", "2008-06-07", "2008-06-14", "2008-06-29", "2008-07-18", "2008-07-26", "2008-08-02", "2008-08-09", "2008-08-17", "2008-09-01", "2008-09-06", "2008-09-13", "2008-09-28", "2008-10-03", "2008-10-12"]}, {"col": "c2_year", "type": "INTEGER", "data": [2008, 2008, 2008, 2008, 2008, 2008, 2008, 2008, 2008, 2008, 2008, 2008, 2008, 2008, 2008, 2008, 2008, 2008, 2008, 2008, 2008]}, {"col": "c2_month", "type": "INTEGER", "data": [2, 4, 4, 4, 5, 5, 5, 6, 6, 6, 7, 7, 8, 8, 8, 9, 9, 9, 9, 10, 10]}, {"col": "c2_day", "type": "INTEGER", "data": [9, 13, 19, 25, 4, 10, 18, 7, 14, 29, 18, 26, 2, 9, 17, 1, 6, 13, 28, 3, 12]}], [{"col": "c3", "type": "TEXT", "data": ["daytona arca 200", "kentuckiana ford dealers 200", "prairie meadows 250", "kansas lottery $150 grand", "carolina 500", "drive smart! 150", "hantz group 200", "pocono 200", "racing for wildlife 200", "cayuga arca re/max 250", "kentucky 150", "berlin arca 200", "pennsylvania 200", "toyota arca 150", "allen crowe 100", "southern illinois 100", "chicagoland arca 200", "eddie gilstrap motors 200", "loud energy drink 150", "food world 250", "toledo arca 200"]}], [{"col": "c4", "type": "TEXT", "data": ["daytona", "salem speedway", "iowa speedway", "kansas speedway", "rockingham", "kentucky", "toledo", "pocono", "michigan", "cayuga", "kentucky", "berlin", "pocono", "nashville ss", "springfield", "duquoin", "chicagoland", "salem", "njmp", "talladega", "toledo"]}], [{"col": "c5", "type": "TEXT", "data": ["michael annett", "justin allgaier", "matt hawkins", "scott speed", "joey logano", "ricky stenhouse, jr", "matt carter", "ricky stenhouse, jr", "justin lofton", "justin allgaier", "scott speed", "scott speed", "justin allgaier", "scott speed", "frank kimmel", "frank kimmel", "scott lagasse jr", "frank kimmel", "justin allgaier", "justin allgaier", "justin allgaier"]}], [{"col": "c6", "type": "TEXT", "data": ["report", "report", "report", "report", "report", "report", "report", "report", "report", "report", "report", "report", "report", "report", "report", "report", "report", "report", "report", "report", "report"]}]], "is_list": {"id": false, "agg": false, "c1": false, "c1_number": false, "c2": false, "c2_number": false, "c2_parsed": false, "c2_year": false, "c2_month": false, "c2_day": false, "c3": false, "c4": false, "c5": false, "c6": false}}