{"headers": ["id", "agg", "position", "driver", "no.", "car", "entrant", "lak.", "ora.", "san.", "phi.", "total"], "types": ["id", "agg", "number", "text", "number", "<c,text>", "text", "number", "number", "number", "number", "number"], "contents": [[{"col": "id", "type": "INTEGER", "data": [1, 2, 3, 4, 5, 6, 7, 8, 9, 10, 11, 12, 13, 14, 15, 16, 17, 18, 19, 20, 21, 22, 23, 24]}], [{"col": "agg", "type": "INTEGER", "data": [0, 0, 0, 0, 0, 0, 0, 0, 0, 0, 0, 0, 0, 0, 0, 0, 0, 0, 0, 0, 0, 0, 0, 0]}], [{"col": "c1", "type": "TEXT", "data": ["1", "2", "3", "4", "5", "6", "7", "8", "9", "10", "11", "12", "13", "14", "15", "15", "17", "18", "19", "19", "21", "22", "22", "22"]}, {"col": "c1_number", "type": "REAL", "data": [1.0, 2.0, 3.0, 4.0, 5.0, 6.0, 7.0, 8.0, 9.0, 10.0, 11.0, 12.0, 13.0, 14.0, 15.0, 15.0, 17.0, 18.0, 19.0, 19.0, 21.0, 22.0, 22.0, 22.0]}], [{"col": "c2", "type": "TEXT", "data": ["john briggs", "kerry baily", "james phillip", "mick monterosso", "bob jolly", "danny osborne", "mike imrie", "mark trenoweth", "ivan mikac", "des wall", "kevin clark", "peter o'brien", "chris fing", "brian smith", "gary rowe", "domenic beninca", "phil crompton", "allan mccarthy", "chris donnelly", "paul barrett", "brett francis", "shane eklund", "craig wildridge", "ron o'brien"]}], [{"col": "c3", "type": "TEXT", "data": ["9", "18", "55", "2", "3", null, "4", null, "42", null, "116", "17", null, null, "47", null, "49", null, null, null, null, null, null, null]}, {"col": "c3_number", "type": "REAL", "data": [9.0, 18.0, 55.0, 2.0, 3.0, null, 4.0, null, 42.0, null, 116.0, 17.0, null, null, 47.0, null, 49.0, null, null, null, null, null, null, null]}], [{"col": "c4", "type": "TEXT", "data": ["honda prelude, chevrolet", "toyota supra, chevrolet", "honda prelude, chevrolet", "ford escort rs2000", "holden vs commodore", "mazda rx-7", "saab", "jaguar", "mazda rx-7", "toyota supra", "ford mustang gt", "holden vl commodore", "chevrolet monza", "alfa romeo gtv, chevrolet", "nissan stanza", null, "ford ea falcon", "alfa romeo alfetta", null, null, null, null, null, null]}, {"col": "c4_list", "type": "LIST TEXT", "data": [["honda prelude", "chevrolet"], ["toyota supra", "chevrolet"], ["honda prelude", "chevrolet"], ["ford escort rs2000"], ["holden vs commodore"], ["mazda rx-7"], ["saab"], ["jaguar"], ["mazda rx-7"], ["toyota supra"], ["ford mustang gt"], ["holden vl commodore"], ["chevrolet monza"], ["alfa romeo gtv", "chevrolet"], ["nissan stanza"], [], ["ford ea falcon"], ["alfa romeo alfetta"], [], [], [], [], [], []]}, {"col": "c4_length", "type": "INTEGER", "data": [2, 2, 2, 1, 1, 1, 1, 1, 1, 1, 1, 1, 1, 2, 1, 0, 1, 1, 0, 0, 0, 0, 0, 0]}], [{"col": "c5", "type": "TEXT", "data": ["john briggs", "kerry baily", "james phillip", "mick monterosso", "bob jolly", null, "imrie motor sport", null, "ivan mikac", null, "kevin clark", "o'brien aluminium", null, null, "gary rowe", null, "phil crompton", null, null, null, null, null, null, null]}], [{"col": "c6", "type": "TEXT", "data": ["42", "38", "26", null, null, "26", "23", "33", null, "15", null, null, "29", null, null, null, "17", "14", "12", null, "11", "10", null, null]}, {"col": "c6_number", "type": "REAL", "data": [42.0, 38.0, 26.0, null, null, 26.0, 23.0, 33.0, null, 15.0, null, null, 29.0, null, null, null, 17.0, 14.0, 12.0, null, 11.0, 10.0, null, null]}], [{"col": "c7", "type": "TEXT", "data": ["42", "38", "28", "34", "28", "10", "11", "24", null, "32", null, "11", null, "28", null, null, null, null, null, null, null, null, "10", null]}, {"col": "c7_number", "type": "REAL", "data": [42.0, 38.0, 28.0, 34.0, 28.0, 10.0, 11.0, 24.0, null, 32.0, null, 11.0, null, 28.0, null, null, null, null, null, null, null, null, 10.0, null]}], [{"col": "c8", "type": "TEXT", "data": ["42", "36", "28", "36", "16", "30", null, null, "25", null, "23", "29", null, null, "21", null, null, null, null, null, null, null, null, null]}, {"col": "c8_number", "type": "REAL", "data": [42.0, 36.0, 28.0, 36.0, 16.0, 30.0, null, null, 25.0, null, 23.0, 29.0, null, null, 21.0, null, null, null, null, null, null, null, null, null]}], [{"col": "c9", "type": "TEXT", "data": ["42", "38", "30", "34", "32", null, "28", null, "26", null, "23", null, null, null, null, "21", null, null, null, "12", null, null, null, "10"]}, {"col": "c9_number", "type": "REAL", "data": [42.0, 38.0, 30.0, 34.0, 32.0, null, 28.0, null, 26.0, null, 23.0, null, null, null, null, 21.0, null, null, null, 12.0, null, null, null, 10.0]}], [{"col": "c10", "type": "TEXT", "data": ["168", "150", "112", "104", "76", "66", "62", "57", "51", "47", "46", "40", "29", "28", "21", "21", "17", "14", "12", "12", "11", "10", "10", "10"]}, {"col": "c10_number", "type": "REAL", "data": [168.0, 150.0, 112.0, 104.0, 76.0, 66.0, 62.0, 57.0, 51.0, 47.0, 46.0, 40.0, 29.0, 28.0, 21.0, 21.0, 17.0, 14.0, 12.0, 12.0, 11.0, 10.0, 10.0, 10.0]}]], "is_list": {"id": false, "agg": false, "c1": false, "c1_number": false, "c2": false, "c3": false, "c3_number": false, "c4": false, "c4_list": true, "c4_length": false, "c5": false, "c6": false, "c6_number": false, "c7": false, "c7_number": false, "c8": false, "c8_number": false, "c9": false, "c9_number": false, "c10": false, "c10_number": false}}