{"headers": ["id", "agg", "date", "time", "opponent#", "rank#", "site", "tv", "result", "attendance"], "types": ["id", "agg", "date", "time", "text", "rank", "address", "text", "score", "number"], "contents": [[{"col": "id", "type": "INTEGER", "data": [1, 2, 3, 4, 5, 6, 7, 8, 9, 10, 11, 12]}], [{"col": "agg", "type": "INTEGER", "data": [0, 0, 0, 0, 0, 0, 0, 0, 0, 0, 0, 0]}], [{"col": "c1", "type": "TEXT", "data": ["september 3, 2005", "september 10, 2005", "september 17, 2005", "september 24, 2005", "october 1, 2005", "october 15, 2005", "october 22, 2005", "november 5, 2005", "november 12, 2005", "november 19, 2005", "november 26, 2005", "january 2, 2006"]}, {"col": "c1_number", "type": "INTEGER", "data": [3, 10, 17, 24, 1, 15, 22, 5, 12, 19, 26, 2]}, {"col": "c1_parsed", "type": "TEXT", "data": ["2005-09-03", "2005-09-10", "2005-09-17", "2005-09-24", "2005-10-01", "2005-10-15", "2005-10-22", "2005-11-05", "2005-11-12", "2005-11-19", "2005-11-26", "2006-01-02"]}, {"col": "c1_year", "type": "INTEGER", "data": [2005, 2005, 2005, 2005, 2005, 2005, 2005, 2005, 2005, 2005, 2005, 2006]}, {"col": "c1_month", "type": "INTEGER", "data": [9, 9, 9, 9, 10, 10, 10, 11, 11, 11, 11, 1]}, {"col": "c1_day", "type": "INTEGER", "data": [3, 10, 17, 24, 1, 15, 22, 5, 12, 19, 26, 2]}], [{"col": "c2", "type": "TEXT", "data": ["8:00 pm", "12:00 pm", "3:30 pm", "3:30 pm", "7:45 pm", "3:30 pm", "2:30 pm", "2:30 pm", "1:00 pm", "2:30 pm", "8:00 pm", "4:30 pm"]}, {"col": "c2_number", "type": "INTEGER", "data": [8, 12, 3, 3, 7, 3, 2, 2, 1, 2, 8, 4]}, {"col": "c2_hour", "type": "INTEGER", "data": [8, 12, 3, 3, 7, 3, 2, 2, 1, 2, 8, 4]}, {"col": "c2_min", "type": "INTEGER", "data": [0, 0, 30, 30, 45, 30, 30, 30, 0, 30, 0, 30]}], [{"col": "c3", "type": "TEXT", "data": ["at #25 pittsburgh", "at #3 michigan", "michigan state", "at washington", "at #20 purdue", "#1 usc", "byu", "tennessee", "navy", "syracuse", "at stanford", "vs. #4 ohio state"]}, {"col": "c3_raw", "type": "TEXT", "data": ["pittsburgh", "michigan", "michigan state", "washington", "purdue", "usc", "byu", "tennessee", "navy", "syracuse", "stanford", "ohio state"]}, {"col": "c3_home", "type": "TEXT", "data": ["away", "away", "home", "away", "away", "home", "home", "home", "home", "home", "away", "home"]}], [{"col": "c4", "type": "TEXT", "data": [null, "#23", "#12", "#18", "#14", "#9", "#12", "#9", "#7", "#7", "#6", "#6"]}, {"col": "c4_number", "type": "REAL", "data": [null, 23.0, 12.0, 18.0, 14.0, 9.0, 12.0, 9.0, 7.0, 7.0, 6.0, 6.0]}], [{"col": "c5", "type": "TEXT", "data": ["heinz field \u2022 pittsburgh, pa", "michigan stadium \u2022 ann arbor, mi", "notre dame stadium \u2022 notre dame, in", "husky stadium \u2022 seattle wa", "ross-ade stadium \u2022 west lafayette, in", "notre dame stadium \u2022 notre dame, in", "notre dame stadium \u2022 notre dame, in", "notre dame stadium \u2022 notre dame, in", "notre dame stadium \u2022 notre dame, in", "notre dame stadium \u2022 notre dame, in", "stanford stadium \u2022 palo alto, ca", "sun devil stadium \u2022 tempe, az (fiesta bowl)"]}, {"col": "c5_address", "type": "LIST TEXT", "data": [["heinz field \u2022 pittsburgh", "pa"], ["michigan stadium \u2022 ann arbor", "mi"], ["notre dame stadium \u2022 notre dame", "in"], ["husky stadium \u2022 seattle wa"], ["ross-ade stadium \u2022 west lafayette", "in"], ["notre dame stadium \u2022 notre dame", "in"], ["notre dame stadium \u2022 notre dame", "in"], ["notre dame stadium \u2022 notre dame", "in"], ["notre dame stadium \u2022 notre dame", "in"], ["notre dame stadium \u2022 notre dame", "in"], ["stanford stadium \u2022 palo alto", "ca"], ["sun devil stadium \u2022 tempe", "az (fiesta bowl)"]]}], [{"col": "c6", "type": "TEXT", "data": ["abc", "abc", "nbc", "abc", "espn", "nbc", "nbc", "nbc", "nbc", "nbc", "abc", "abc"]}], [{"col": "c7", "type": "TEXT", "data": ["w 42-21", "w 17-10", "l 44-41 ot", "w 36-17", "w 49-28", "l 34-31", "w 49-23", "w 41-21", "w 42-21", "w 34-10", "w 38-31", "l 34-20"]}, {"col": "c7_result", "type": "TEXT", "data": ["w", "w", "l", "w", "w", "l", "w", "w", "w", "w", "w", "l"]}, {"col": "c7_number", "type": "INTEGER", "data": [42, 17, 44, 36, 49, 34, 49, 41, 42, 34, 38, 34]}, {"col": "c7_number1", "type": "INTEGER", "data": [42, 17, 44, 36, 49, 34, 49, 41, 42, 34, 38, 34]}, {"col": "c7_number2", "type": "INTEGER", "data": [21, 10, 41, 17, 28, 31, 23, 21, 21, 10, 31, 20]}], [{"col": "c8", "type": "TEXT", "data": ["66451", "111386", "80795", "71473", "65491", "80795", "80795", "80795", "80795", "80795", "56057", "76196"]}, {"col": "c8_number", "type": "REAL", "data": [66451.0, 111386.0, 80795.0, 71473.0, 65491.0, 80795.0, 80795.0, 80795.0, 80795.0, 80795.0, 56057.0, 76196.0]}]], "is_list": {"id": false, "agg": false, "c1": false, "c1_number": false, "c1_parsed": false, "c1_year": false, "c1_month": false, "c1_day": false, "c2": false, "c2_number": false, "c2_hour": false, "c2_min": false, "c3": false, "c3_raw": false, "c3_home": false, "c4": false, "c4_number": false, "c5": false, "c5_address": true, "c6": false, "c7": false, "c7_result": false, "c7_number": false, "c7_number1": false, "c7_number2": false, "c8": false, "c8_number": false}}