{"headers": ["id", "agg", "date", "opponent", "venue", "result", "attendance", "scorers"], "types": ["id", "agg", "date", "text", "text", "score", "number", "<c,text(number)>"], "contents": [[{"col": "id", "type": "INTEGER", "data": [1, 2, 3, 4, 5, 6, 7, 8, 9, 10, 11, 12, 13, 14, 15, 16, 17, 18, 19, 20, 21, 22, 23, 24, 25, 26, 27, 28, 29, 30, 31, 32, 33, 34, 35, 36, 37, 38, 39, 40, 41, 42]}], [{"col": "agg", "type": "INTEGER", "data": [0, 0, 0, 0, 0, 0, 0, 0, 0, 0, 0, 0, 0, 0, 0, 0, 0, 0, 0, 0, 0, 0, 0, 0, 0, 0, 0, 0, 0, 0, 0, 0, 0, 0, 0, 0, 0, 0, 0, 0, 0, 0]}], [{"col": "c1", "type": "TEXT", "data": ["20 august 1960", "24 august 1960", "27 august 1960", "31 august 1960", "3 september 1960", "7 september 1960", "10 september 1960", "17 september 1960", "19 september 1960", "24 september 1960", "1 october 1960", "15 october 1960", "22 october 1960", "29 october 1960", "5 november 1960", "12 november 1960", "19 november 1960", "26 november 1960", "3 december 1960", "10 december 1960", "17 december 1960", "24 december 1960", "26 december 1960", "31 december 1960", "14 january 1961", "21 january 1961", "4 february 1961", "11 february 1961", "18 february 1961", "25 february 1961", "4 march 1961", "11 march 1961", "18 march 1961", "25 march 1961", "31 march 1961", "1 april 1961", "3 april 1961", "8 april 1961", "15 april 1961", "22 april 1961", "26 april 1961", "29 april 1961"]}, {"col": "c1_number", "type": "INTEGER", "data": [20, 24, 27, 31, 3, 7, 10, 17, 19, 24, 1, 15, 22, 29, 5, 12, 19, 26, 3, 10, 17, 24, 26, 31, 14, 21, 4, 11, 18, 25, 4, 11, 18, 25, 31, 1, 3, 8, 15, 22, 26, 29]}, {"col": "c1_parsed", "type": "TEXT", "data": ["1960-08-20", "1960-08-24", "1960-08-27", "1960-08-31", "1960-09-03", "1960-09-07", "1960-09-10", "1960-09-17", "1960-09-19", "1960-09-24", "1960-10-01", "1960-10-15", "1960-10-22", "1960-10-29", "1960-11-05", "1960-11-12", "1960-11-19", "1960-11-26", "1960-12-03", "1960-12-10", "1960-12-17", "1960-12-24", "1960-12-26", "1960-12-31", "1961-01-14", "1961-01-21", "1961-02-04", "1961-02-11", "1961-02-18", "1961-02-25", "1961-03-04", "1961-03-11", "1961-03-18", "1961-03-25", "1961-03-31", "1961-04-01", "1961-04-03", "1961-04-08", "1961-04-15", "1961-04-22", "1961-04-26", "1961-04-29"]}, {"col": "c1_year", "type": "INTEGER", "data": [1960, 1960, 1960, 1960, 1960, 1960, 1960, 1960, 1960, 1960, 1960, 1960, 1960, 1960, 1960, 1960, 1960, 1960, 1960, 1960, 1960, 1960, 1960, 1960, 1961, 1961, 1961, 1961, 1961, 1961, 1961, 1961, 1961, 1961, 1961, 1961, 1961, 1961, 1961, 1961, 1961, 1961]}, {"col": "c1_month", "type": "INTEGER", "data": [8, 8, 8, 8, 9, 9, 9, 9, 9, 9, 10, 10, 10, 10, 11, 11, 11, 11, 12, 12, 12, 12, 12, 12, 1, 1, 2, 2, 2, 2, 3, 3, 3, 3, 3, 4, 4, 4, 4, 4, 4, 4]}, {"col": "c1_day", "type": "INTEGER", "data": [20, 24, 27, 31, 3, 7, 10, 17, 19, 24, 1, 15, 22, 29, 5, 12, 19, 26, 3, 10, 17, 24, 26, 31, 14, 21, 4, 11, 18, 25, 4, 11, 18, 25, 31, 1, 3, 8, 15, 22, 26, 29]}], [{"col": "c2", "type": "TEXT", "data": ["aston villa", "leicester city", "wolverhampton wanderers", "leicester city", "bolton wanderers", "blackburn rovers", "west ham united", "fulham", "blackburn rovers", "blackpool", "everton", "birmingham city", "burnley", "preston north end", "newcastle united", "arsenal", "manchester city", "nottingham forest", "west bromwich albion", "cardiff city", "aston villa", "manchester united", "manchester united", "wolverhampton wanderers", "bolton wanderers", "west ham united", "fulham", "blackpool", "everton", "sheffield wednesday", "birmingham city", "burnley", "preston north end", "newcastle united", "tottenham hotspur", "cardiff city", "tottenham hotspur", "manchester city", "arsenal", "west bromwich albion", "sheffield wednesday", "nottingham forest"]}], [{"col": "c3", "type": "TEXT", "data": ["a", "h", "h", "a", "a", "h", "h", "a", "a", "a", "h", "a", "h", "a", "h", "a", "h", "a", "h", "a", "h", "h", "a", "a", "h", "a", "h", "h", "a", "a", "h", "a", "h", "a", "a", "h", "h", "a", "h", "a", "h", "h"]}], [{"col": "c4", "type": "TEXT", "data": ["2-3", "1-3", "3-3", "3-1", "1-4", "5-2", "3-2", "2-3", "1-3", "4-1", "3-3", "0-1", "2-6", "2-0", "4-2", "4-1", "6-3", "1-2", "7-1", "1-2", "2-4", "1-2", "0-6", "1-6", "1-1", "1-3", "2-1", "2-2", "1-1", "0-1", "3-2", "4-4", "1-1", "6-1", "2-4", "6-1", "2-3", "1-2", "3-1", "0-3", "0-2", "4-3"]}, {"col": "c4_number", "type": "INTEGER", "data": [2, 1, 3, 3, 1, 5, 3, 2, 1, 4, 3, 0, 2, 2, 4, 4, 6, 1, 7, 1, 2, 1, 0, 1, 1, 1, 2, 2, 1, 0, 3, 4, 1, 6, 2, 6, 2, 1, 3, 0, 0, 4]}, {"col": "c4_number1", "type": "INTEGER", "data": [2, 1, 3, 3, 1, 5, 3, 2, 1, 4, 3, 0, 2, 2, 4, 4, 6, 1, 7, 1, 2, 1, 0, 1, 1, 1, 2, 2, 1, 0, 3, 4, 1, 6, 2, 6, 2, 1, 3, 0, 0, 4]}, {"col": "c4_number2", "type": "INTEGER", "data": [3, 3, 3, 1, 4, 2, 2, 3, 3, 1, 3, 1, 6, 0, 2, 1, 3, 2, 1, 2, 4, 2, 6, 6, 1, 3, 1, 2, 1, 1, 2, 4, 1, 1, 4, 1, 3, 2, 1, 3, 2, 3]}], [{"col": "c5", "type": "TEXT", "data": ["43776", "24691", "41681", "21087", "21609", "23224", "37873", "37423", "21508", "26546", "31457", "22337", "29080", "14174", "30489", "38666", "37346", "22121", "19568", "21840", "23805", "37601", "50213", "28503", "20461", "21829", "39185", "21993", "34449", "21936", "27727", "19435", "22031", "28975", "65032", "22697", "57103", "27720", "38233", "17691", "24258", "22775"]}, {"col": "c5_number", "type": "REAL", "data": [43776.0, 24691.0, 41681.0, 21087.0, 21609.0, 23224.0, 37873.0, 37423.0, 21508.0, 26546.0, 31457.0, 22337.0, 29080.0, 14174.0, 30489.0, 38666.0, 37346.0, 22121.0, 19568.0, 21840.0, 23805.0, 37601.0, 50213.0, 28503.0, 20461.0, 21829.0, 39185.0, 21993.0, 34449.0, 21936.0, 27727.0, 19435.0, 22031.0, 28975.0, 65032.0, 22697.0, 57103.0, 27720.0, 38233.0, 17691.0, 24258.0, 22775.0]}], [{"col": "c6", "type": "TEXT", "data": ["brabrook, gibbs", "bradbury", "greaves (3)", "sillett, greaves, brooks", "greaves", "greaves (3), livesey (2)", "greaves, livesey, blunstone", "livesey, blunstone", "brabrook", "greaves (2), livesey (2)", "greaves", null, "brabrook, greaves", "tindall, tambling", "brabrook, tindall (3)", "mortimore, greaves, tindall, tambling", "greaves (3), tindall (2), tambling", "brabrook", "brabrook, greaves (5), tindall", "greaves", "greaves (2)", "brabrook", null, "anderton", "livesey", "blunstone", "greaves, bridges", "sillett, greaves", "greaves", null, "greaves, tindall, tambling", "greaves (2), tambling (2)", "tindall", "greaves (4), tindall (2)", "brabrook, tindall", "greaves, tindall (2), tambling, harrison, harrington (o.g.)", "blunstone, greaves", "tambling", "tindall, tambling, neill (o.g.)", null, null, "greaves (4)"]}, {"col": "c6_list", "type": "LIST TEXT", "data": [["brabrook", "gibbs"], ["bradbury"], ["greaves (3)"], ["sillett", "greaves", "brooks"], ["greaves"], ["greaves (3)", "livesey (2)"], ["greaves", "livesey", "blunstone"], ["livesey", "blunstone"], ["brabrook"], ["greaves (2)", "livesey (2)"], ["greaves"], [], ["brabrook", "greaves"], ["tindall", "tambling"], ["brabrook", "tindall (3)"], ["mortimore", "greaves", "tindall", "tambling"], ["greaves (3)", "tindall (2)", "tambling"], ["brabrook"], ["brabrook", "greaves (5)", "tindall"], ["greaves"], ["greaves (2)"], ["brabrook"], [], ["anderton"], ["livesey"], ["blunstone"], ["greaves", "bridges"], ["sillett", "greaves"], ["greaves"], [], ["greaves", "tindall", "tambling"], ["greaves (2)", "tambling (2)"], ["tindall"], ["greaves (4)", "tindall (2)"], ["brabrook", "tindall"], ["greaves", "tindall (2)", "tambling", "harrison", "harrington (o.g.)"], ["blunstone", "greaves"], ["tambling"], ["tindall", "tambling", "neill (o.g.)"], [], [], ["greaves (4)"]]}, {"col": "c6_length", "type": "INTEGER", "data": [2, 1, 1, 3, 1, 2, 3, 2, 1, 2, 1, 0, 2, 2, 2, 4, 3, 1, 3, 1, 1, 1, 0, 1, 1, 1, 2, 2, 1, 0, 3, 2, 1, 2, 2, 5, 2, 1, 3, 0, 0, 1]}, {"col": "c6_list_first", "type": "LIST TEXT", "data": [["brabrook", "gibbs"], ["bradbury"], ["greaves"], ["sillett", "greaves", "brooks"], ["greaves"], ["greaves", "livesey"], ["greaves", "livesey", "blunstone"], ["livesey", "blunstone"], ["brabrook"], ["greaves", "livesey"], ["greaves"], [], ["brabrook", "greaves"], ["tindall", "tambling"], ["brabrook", "tindall"], ["mortimore", "greaves", "tindall", "tambling"], ["greaves", "tindall", "tambling"], ["brabrook"], ["brabrook", "greaves", "tindall"], ["greaves"], ["greaves"], ["brabrook"], [], ["anderton"], ["livesey"], ["blunstone"], ["greaves", "bridges"], ["sillett", "greaves"], ["greaves"], [], ["greaves", "tindall", "tambling"], ["greaves", "tambling"], ["tindall"], ["greaves", "tindall"], ["brabrook", "tindall"], ["greaves", "tindall", "tambling", "harrison", "harrington"], ["blunstone", "greaves"], ["tambling"], ["tindall", "tambling", "neill"], [], [], ["greaves"]]}, {"col": "c6_list_second", "type": "LIST TEXT", "data": [[], [], ["3"], [], [], ["3", "2"], [], [], [], ["2", "2"], [], [], [], [], ["3"], [], ["3", "2"], [], ["5"], [], ["2"], [], [], [], [], [], [], [], [], [], [], ["2", "2"], [], ["4", "2"], [], ["2", "o.g."], [], [], ["o.g."], [], [], ["4"]]}, {"col": "c6_list_second_number", "type": "LIST REAL", "data": [[], [], [3.0], [], [], [3.0, 2.0], [], [], [], [2.0, 2.0], [], [], [], [], [3.0], [], [3.0, 2.0], [], [5.0], [], [2.0], [], [], [], [], [], [], [], [], [], [], [2.0, 2.0], [], [4.0, 2.0], [], [2.0], [], [], [], [], [], [4.0]]}]], "is_list": {"id": false, "agg": false, "c1": false, "c1_number": false, "c1_parsed": false, "c1_year": false, "c1_month": false, "c1_day": false, "c2": false, "c3": false, "c4": false, "c4_number": false, "c4_number1": false, "c4_number2": false, "c5": false, "c5_number": false, "c6": false, "c6_list": true, "c6_length": false, "c6_list_first": true, "c6_list_second": true, "c6_list_second_number": true}}