{"headers": ["id", "agg", "name", "rural\nmunicipality (rm)", "population\n(2011)", "population\n(2006)", "change\n(%)", "land\narea\n(km2)", "population\ndensity\n(per km2)"], "types": ["id", "agg", "text", "text", "number", "number", "number", "number", "number"], "contents": [[{"col": "id", "type": "INTEGER", "data": [1, 2, 3, 4, 5, 6, 7, 8, 9, 10, 11, 12, 13, 14, 15, 16, 17, 18, 19, 20, 21, 22, 23, 24, 25, 26, 27, 28, 29, 30, 31, 32, 33, 34, 35, 36, 37, 38, 39, 40, 41, 42, 43, 44, 45, 46, 47, 48, 49, 50, 51, 52, 53, 54, 55, 56, 57, 58, 59, 60, 61, 62, 63, 64, 65, 66, 67, 68, 69, 70, 71, 72, 73, 74, 75, 76, 77, 78, 79, 80, 81, 82, 83, 84, 85, 86, 87, 88, 89, 90, 91, 92, 93, 94, 95, 96, 97, 98, 99, 100, 101, 102, 103, 104, 105, 106, 107, 108, 109, 110, 111, 112, 113, 114, 115, 116, 117, 118, 119, 120, 121, 122, 123, 124, 125, 126, 127, 128, 129, 130, 131, 132, 133, 134, 135, 136, 137, 138, 139, 140, 141, 142, 143, 144, 145, 146, 147]}], [{"col": "agg", "type": "INTEGER", "data": ["0", "0", "0", "0", "0", "0", "0", "0", "0", "0", "0", "0", "0", "0", "0", "0", "0", "0", "0", "0", "0", "0", "0", "0", "0", "0", "0", "0", "0", "0", "0", "0", "0", "0", "0", "0", "0", "0", "0", "0", "0", "0", "0", "0", "0", "0", "0", "0", "0", "0", "0", "0", "0", "0", "0", "0", "0", "0", "0", "0", "0", "0", "0", "0", "0", "0", "0", "0", "0", "0", "0", "0", "0", "0", "0", "0", "0", "0", "0", "0", "0", "0", "0", "0", "0", "0", "0", "0", "0", "0", "0", "0", "0", "0", "0", "0", "0", "0", "0", "0", "0", "0", "0", "0", "0", "0", "0", "0", "0", "0", "0", "0", "0", "0", "0", "0", "0", "0", "0", "0", "0", "0", "0", "0", "0", "0", "0", "0", "0", "0", "0", "0", "0", "0", "0", "0", "0", "0", "0", "0", "0", "0", "0", "0", "0", "0", "1"]}], [{"col": "c1", "type": "TEXT", "data": ["aberdeen", "alameda", "allan", "arborfield", "arcola", "asquith", "assiniboia", "balcarres", "balgonie", "battleford", "bengough", "bienfait", "big river", "biggar", "birch hills", "blaine lake", "bredenbury", "broadview", "bruno", "burstall", "cabri", "canora", "carlyle", "carnduff", "carrot river", "central butte", "choiceland", "churchbridge", "colonsay", "coronach", "craik", "cudworth", "cupar", "cut knife", "dalmeny", "davidson", "delisle", "duck lake", "dundurn", "eastend", "eatonia", "elrose", "esterhazy", "eston", "fleming", "foam lake", "fort qu'appelle", "francis", "govan", "gravelbourg", "grenfell", "gull lake", "hafford", "hague", "hanley", "hepburn", "herbert", "hudson bay", "imperial", "indian head", "ituna", "kamsack", "kelvington", "kerrobert", "kindersley", "kinistino", "kipling", "kyle", "lafleche", "lampman", "langenburg", "langham", "lanigan", "lashburn", "leader", "lemberg", "leroy", "lumsden", "luseland", "macklin", "maidstone", "maple creek", "marshall", "midale", "milestone", "moosomin", "morse", "mossbank", "naicam", "nipawin", "nokomis", "norquay", "ogema", "osler", "outlook", "oxbow", "pense", "pilot butte", "ponteix", "porcupine plain", "preeceville", "qu'appelle", "radisson", "radville", "raymore", "redvers", "regina beach", "rocanville", "rockglen", "rose valley", "rosetown", "rosthern", "rouleau", "saltcoats", "scott", "shaunavon", "shellbrook", "sintaluta", "southey", "spiritwood", "springside", "st. brieux", "st. walburg", "star city", "stoughton", "strasbourg", "sturgis", "tisdale", "turtleford", "unity", "vonda", "wadena", "wakaw", "waldheim", "wapella", "watrous", "watson", "wawota", "white city", "whitewood", "wilkie", "willow bunch", "wolseley", "wynyard", "yellow grass", "zealandia", "total towns"]}], [{"col": "c2", "type": "TEXT", "data": ["aberdeen no. 373", "moose creek no. 33", "bayne no. 371", "arborfield no. 456", "brock no. 64", "vanscoy no. 345", "lake of the rivers no. 72", "abernethy no. 186", "edenwold no. 158", "battle river no. 438", "bengough no. 40", "coalfields no. 4", "big river no. 555", "biggar no. 347", "birch hills no. 460", "blaine lake no. 434", "saltcoats no. 213", "elcapo no. 154", "bayne no. 371", "deer forks no. 232", "riverside no. 168", "good lake no. 274", "antler no. 61", "mount pleasant no. 2", "moose range no. 486", "enfield no. 194", "torch river no. 488", "churchbridge no. 211", "colonsay no. 342", "hart butte no. 11", "craik no. 222", "hoodoo no. 401", "cupar no. 218", "cut knife no. 439", "corman park no. 344", "arm river no. 252", "vanscoy no. 345", "duck lake no. 463", "dundurn no. 314", "white valley no. 49", "chesterfield no. 261", "monet no. 257", "fertile belt no. 183", "snipe lake no. 259", "moosomin no. 121", "foam lake no. 276", "north qu'appelle no. 187", "francis no. 127", "last mountain valley no. 250", "gravelbourg no. 104", "elcapo no. 154", "gull lake no. 139", "redberry no. 435", "rosthern no. 403", "rosedale no. 283", "laird no. 404", "morse no. 165", "hudson bay no. 394", "big arm no. 251", "indian head no. 156", "ituna bon accord no. 246", "cote no. 271", "kelvington no. 366", "progress no. 351", "kindersley no. 290", "kinistino no. 459", "kingsley no. 124", "lacadena no. 228", "wood river no. 74", "browning no. 34", "langenburg no. 181", "corman park no. 344", "usborne no. 310", "manitou lake no. 442", "happyland no. 231", "abernethy no. 186", "leroy no. 339", "lumsden no. 189", "progress no. 351", "eye hill no. 382", "eldon no. 471", "maple creek no. 111", "wilton no. 472", "cymri no. 36", "brock no. 64", "moosomin no. 121", "morse no. 165", "lake johnston no. 102", "pleasantdale no. 398", "nipawin no. 487", "wreford no. 280", "clayton no. 333", "key west no. 70", "corman park no. 344", "rudy no. 284", "enniskillen no. 3", "pense no. 160", "mcleod no. 185", "grassy creek no. 78", "porcupine no. 395", "preeceville no. 334", "south qu'appelle no. 157", "great bend no. 405", "laurier no. 38", "moose range no. 486", "antler no. 61", "lumsden no. 189", "rocanville no. 151", "poplar valley no. 12", "ponass lake no. 367", "st. andrews no. 287", "rosthern no. 403", "redburn no. 130", "saltcoats no. 213", "tramping lake no. 380", "grassy creek no. 78", "shellbrook no. 493", "indian head no. 156", "cupar no. 218", "spiritwood no. 496", "st. philips no. 301", "lake lenore no. 399", "frenchman butte no. 501", "star city no. 428", "tecumseh no. 65", "mckillop no. 220", "preeceville no. 334", "tisdale no. 427", "mervin no. 499", "round valley no. 410", "grant no. 372", "lakeview no. 337", "fish creek no. 402", "laird no. 404", "martin no. 122", "morris no. 312", "lakeside no. 338", "wawken no. 93", "edenwold no. 158", "willowdale no. 153", "tramping lake no. 380", "willow bunch no. 42", "wolseley no. 155", "big quill no. 308", "scott no. 98", "st. andrews no. 287", "total towns"]}], [{"col": "c3", "type": "TEXT", "data": ["599", "342", "648", "326", "649", "603", "2418", "617", "1625", "4065", "313", "780", "639", "2161", "1064", "510", "364", "574", "574", "301", "399", "2219", "1441", "1126", "1000", "365", "381", "743", "475", "711", "453", "770", "579", "517", "1702", "1025", "975", "577", "693", "527", "508", "477", "2472", "1031", "83", "1148", "2034", "176", "216", "1116", "1049", "989", "397", "878", "522", "562", "759", "1504", "349", "1815", "711", "1825", "890", "1061", "4678", "743", "1051", "437", "406", "713", "1148", "1290", "1390", "967", "821", "274", "427", "1631", "566", "1415", "1156", "2176", "594", "562", "618", "2485", "240", "327", "686", "4265", "397", "435", "368", "1088", "2204", "1285", "532", "1848", "605", "855", "1070", "668", "505", "860", "568", "975", "1081", "857", "400", "296", "2317", "1572", "453", "474", "75", "1756", "1433", "120", "778", "916", "534", "590", "716", "460", "694", "752", "620", "3180", "525", "2389", "353", "1306", "985", "1035", "333", "1857", "777", "560", "1894", "950", "1301", "286", "864", "1767", "440", "80", "137725"]}, {"col": "c3_number", "type": "REAL", "data": [599.0, 342.0, 648.0, 326.0, 649.0, 603.0, 2418, 617.0, 1625, 4065.0, 313.0, 780.0, 639.0, 2161, 1064, 510.0, 364.0, 574.0, 574.0, 301.0, 399.0, 2219, 1441, 1126, 1000, 365.0, 381.0, 743.0, 475.0, 711.0, 453.0, 770.0, 579.0, 517.0, 1702, 1025, 975.0, 577.0, 693.0, 527.0, 508.0, 477.0, 2472, 1031, 83.0, 1148, 2034, 176.0, 216.0, 1116, 1049, 989.0, 397.0, 878.0, 522.0, 562.0, 759.0, 1504, 349.0, 1815, 711.0, 1825, 890.0, 1061, 4678.0, 743.0, 1051, 437.0, 406.0, 713.0, 1148, 1290, 1390, 967.0, 821.0, 274.0, 427.0, 1631, 566.0, 1415, 1156, 2176, 594.0, 562.0, 618.0, 2485, 240.0, 327.0, 686.0, 4265.0, 397.0, 435.0, 368.0, 1088, 2204, 1285, 532.0, 1848, 605.0, 855.0, 1070, 668.0, 505.0, 860.0, 568.0, 975.0, 1081, 857.0, 400.0, 296.0, 2317, 1572, 453.0, 474.0, 75.0, 1756, 1433, 120.0, 778.0, 916.0, 534.0, 590.0, 716.0, 460.0, 694.0, 752.0, 620.0, 3180.0, 525.0, 2389, 353.0, 1306, 985.0, 1035, 333.0, 1857, 777.0, 560.0, 1894, 950.0, 1301, 286.0, 864.0, 1767, 440.0, 80.0, 137725.0]}], [{"col": "c4", "type": "TEXT", "data": ["527", "308", "631", "329", "509", "576", "2305", "598", "1384", "3685", "337", "748", "728", "2033", "935", "472", "329", "611", "495", "315", "439", "2013", "1257", "1012", "941", "372", "346", "704", "425", "770", "408", "738", "566", "532", "1560", "958", "898", "605", "647", "471", "449", "453", "2336", "971", "75", "1123", "1919", "148", "232", "1089", "947", "965", "360", "707", "464", "530", "742", "1646", "321", "1634", "622", "1713", "866", "1001", "4412", "643", "973", "423", "370", "634", "1048", "1120", "1233", "914", "881", "255", "412", "1523", "571", "1290", "1037", "2198", "608", "462", "562", "2262", "236", "330", "690", "4076", "404", "412", "304", "926", "1938", "1139", "507", "1872", "531", "783", "1050", "624", "421", "793", "581", "878", "1210", "869", "366", "338", "2277", "1382", "400", "467", "91", "1691", "1230", "98", "711", "911", "513", "492", "672", "428", "653", "732", "575", "3000", "461", "2147", "322", "1315", "864", "868", "311", "1743", "719", "522", "1113", "869", "1222", "297", "782", "1744", "371", "90", "127795"]}, {"col": "c4_number", "type": "REAL", "data": [527.0, 308.0, 631.0, 329.0, 509.0, 576.0, 2305, 598.0, 1384, 3685.0, 337.0, 748.0, 728.0, 2033, 935.0, 472.0, 329.0, 611.0, 495.0, 315.0, 439.0, 2013, 1257, 1012, 941.0, 372.0, 346.0, 704.0, 425.0, 770.0, 408.0, 738.0, 566.0, 532.0, 1560, 958.0, 898.0, 605.0, 647.0, 471.0, 449.0, 453.0, 2336, 971.0, 75.0, 1123, 1919, 148.0, 232.0, 1089, 947.0, 965.0, 360.0, 707.0, 464.0, 530.0, 742.0, 1646, 321.0, 1634, 622.0, 1713, 866.0, 1001, 4412.0, 643.0, 973.0, 423.0, 370.0, 634.0, 1048, 1120, 1233, 914.0, 881.0, 255.0, 412.0, 1523, 571.0, 1290, 1037, 2198, 608.0, 462.0, 562.0, 2262, 236.0, 330.0, 690.0, 4076.0, 404.0, 412.0, 304.0, 926.0, 1938, 1139, 507.0, 1872, 531.0, 783.0, 1050, 624.0, 421.0, 793.0, 581.0, 878.0, 1210, 869.0, 366.0, 338.0, 2277, 1382, 400.0, 467.0, 91.0, 1691, 1230, 98.0, 711.0, 911.0, 513.0, 492.0, 672.0, 428.0, 653.0, 732.0, 575.0, 3000.0, 461.0, 2147, 322.0, 1315, 864.0, 868.0, 311.0, 1743, 719.0, 522.0, 1113, 869.0, 1222, 297.0, 782.0, 1744, 371.0, 90.0, 127795.0]}], [{"col": "c5", "type": "TEXT", "data": ["13.7", "11", "2.7", "-0.9", "27.5", "4.7", "4.9", "3.2", "17.4", "10.3", "-7.1", "4.3", "-12.2", "6.3", "13.8", "8.1", "10.6", "-6.1", "16", "-4.4", "-9.1", "10.2", "14.6", "11.3", "6.3", "-1.9", "10.1", "5.5", "11.8", "-7.7", "11", "4.3", "2.3", "-2.8", "9.1", "7", "8.6", "-4.6", "7.1", "11.9", "13.1", "5.3", "5.8", "6.2", "10.7", "2.2", "6", "18.9", "-6.9", "2.5", "10.8", "2.5", "10.3", "24.2", "12.5", "6", "2.3", "-8.6", "8.7", "11.1", "14.3", "6.5", "2.8", "6", "6", "15.6", "8", "3.3", "9.7", "12.5", "9.5", "15.2", "12.7", "5.8", "-6.8", "7.5", "3.6", "7.1", "-0.9", "9.7", "11.5", "-1", "-2.3", "21.6", "10", "9.9", "1.7", "-0.9", "-0.6", "4.6", "-1.7", "5.6", "21.1", "17.5", "13.7", "12.8", "4.9", "-1.3", "13.9", "9.2", "1.9", "7.1", "20", "8.4", "-2.2", "11", "-10.7", "-1.4", "9.3", "-12.4", "1.8", "13.7", "13.3", "1.5", "-17.6", "3.8", "16.5", "22.4", "9.4", "0.5", "4.1", "19.9", "6.5", "7.5", "6.3", "2.7", "7.8", "6", "13.9", "11.3", "9.6", "-0.7", "14", "19.2", "7.1", "6.5", "8.1", "7.3", "70.2", "9.3", "6.5", "-3.7", "10.5", "1.3", "18.6", "-11.1", "7.8"]}, {"col": "c5_number", "type": "REAL", "data": [13.7, 11.0, 2.7, -0.9, 27.5, 4.7, 4.9, 3.2, 17.4, 10.3, -7.1, 4.3, -12.2, 6.3, 13.8, 8.1, 10.6, -6.1, 16.0, -4.4, -9.1, 10.2, 14.6, 11.3, 6.3, -1.9, 10.1, 5.5, 11.8, -7.7, 11.0, 4.3, 2.3, -2.8, 9.1, 7.0, 8.6, -4.6, 7.1, 11.9, 13.1, 5.3, 5.8, 6.2, 10.7, 2.2, 6.0, 18.9, -6.9, 2.5, 10.8, 2.5, 10.3, 24.2, 12.5, 6.0, 2.3, -8.6, 8.7, 11.1, 14.3, 6.5, 2.8, 6.0, 6.0, 15.6, 8.0, 3.3, 9.7, 12.5, 9.5, 15.2, 12.7, 5.8, -6.8, 7.5, 3.6, 7.1, -0.9, 9.7, 11.5, -1, -2.3, 21.6, 10.0, 9.9, 1.7, -0.9, -0.6, 4.6, -1.7, 5.6, 21.1, 17.5, 13.7, 12.8, 4.9, -1.3, 13.9, 9.2, 1.9, 7.1, 20.0, 8.4, -2.2, 11.0, -10.7, -1.4, 9.3, -12.4, 1.8, 13.7, 13.3, 1.5, -17.6, 3.8, 16.5, 22.4, 9.4, 0.5, 4.1, 19.9, 6.5, 7.5, 6.3, 2.7, 7.8, 6.0, 13.9, 11.3, 9.6, -0.7, 14.0, 19.2, 7.1, 6.5, 8.1, 7.3, 70.2, 9.3, 6.5, -3.7, 10.5, 1.3, 18.6, -11.1, 7.8]}], [{"col": "c6", "type": "TEXT", "data": ["1.95", "2.55", "1.78", "0.88", "3.39", "1.23", "3.78", "1.57", "3.15", "23.33", "1.07", "3.09", "2.51", "15.75", "2.27", "1.95", "4.8", "2.45", "0.95", "1.11", "1.33", "7.31", "3.19", "2.26", "1.42", "2.24", "1.12", "2.76", "2.46", "2.33", "3.02", "2.21", "0.8", "1.99", "2.27", "4.49", "2.49", "2.73", "1.37", "2.71", "1.68", "2.76", "4.75", "2.72", "2.17", "6.06", "5.28", "0.59", "1.35", "3.23", "3.17", "2.5", "0.8", "1.08", "2.65", "1.02", "3.78", "17.35", "1.23", "3.17", "1.56", "5.85", "3.89", "7.49", "12.55", "0.98", "2.15", "1.14", "1.51", "2.23", "3.46", "3.98", "8.34", "3.11", "1.71", "2.67", "1.06", "4.06", "1.53", "3.14", "4.56", "4.42", "1.01", "1.53", "2.17", "7.59", "1.45", "1.75", "1.69", "8.71", "2.61", "1.69", "1.43", "1.55", "7.83", "3.13", "1.32", "5.05", "1.09", "2.27", "3.06", "4.22", "2.07", "2.16", "2.75", "2.96", "3.88", "2.43", "2.85", "1.12", "12.14", "4.31", "1.61", "1.35", "4.39", "5.1", "3.67", "2.7", "1.56", "2.95", "0.68", "2.55", "2.12", "0.7", "3.41", "5.7", "3.41", "6.47", "1.69", "9.77", "2.86", "2.91", "3.12", "1.97", "2.57", "11.17", "2.83", "1.24", "6", "3.04", "9.48", "0.84", "5.93", "5.29", "2.68", "1.38", "473.5"]}, {"col": "c6_number", "type": "REAL", "data": [1.95, 2.55, 1.78, 0.88, 3.39, 1.23, 3.78, 1.57, 3.15, 23.33, 1.07, 3.09, 2.51, 15.75, 2.27, 1.95, 4.8, 2.45, 0.95, 1.11, 1.33, 7.31, 3.19, 2.26, 1.42, 2.24, 1.12, 2.76, 2.46, 2.33, 3.02, 2.21, 0.8, 1.99, 2.27, 4.49, 2.49, 2.73, 1.37, 2.71, 1.68, 2.76, 4.75, 2.72, 2.17, 6.06, 5.28, 0.59, 1.35, 3.23, 3.17, 2.5, 0.8, 1.08, 2.65, 1.02, 3.78, 17.35, 1.23, 3.17, 1.56, 5.85, 3.89, 7.49, 12.55, 0.98, 2.15, 1.14, 1.51, 2.23, 3.46, 3.98, 8.34, 3.11, 1.71, 2.67, 1.06, 4.06, 1.53, 3.14, 4.56, 4.42, 1.01, 1.53, 2.17, 7.59, 1.45, 1.75, 1.69, 8.71, 2.61, 1.69, 1.43, 1.55, 7.83, 3.13, 1.32, 5.05, 1.09, 2.27, 3.06, 4.22, 2.07, 2.16, 2.75, 2.96, 3.88, 2.43, 2.85, 1.12, 12.14, 4.31, 1.61, 1.35, 4.39, 5.1, 3.67, 2.7, 1.56, 2.95, 0.68, 2.55, 2.12, 0.7, 3.41, 5.7, 3.41, 6.47, 1.69, 9.77, 2.86, 2.91, 3.12, 1.97, 2.57, 11.17, 2.83, 1.24, 6.0, 3.04, 9.48, 0.84, 5.93, 5.29, 2.68, 1.38, 473.5]}], [{"col": "c7", "type": "TEXT", "data": ["307", "133.9", "363.2", "370.5", "191.5", "491.4", "639.8", "392.9", "515.8", "174.2", "292", "252.4", "255", "137.2", "468.4", "261.6", "75.8", "233.8", "606.1", "270", "298.9", "303.7", "451.1", "497.3", "706.4", "163.2", "340.8", "269.2", "193.1", "304.9", "150", "348.7", "726.7", "259.3", "751", "228.4", "391.3", "211.6", "505.3", "194.7", "301.6", "172.8", "520.9", "379.3", "38.3", "189.4", "385", "297.4", "159.7", "346", "331.2", "395.6", "496.8", "815.5", "196.8", "548.4", "200.7", "86.7", "283.5", "572.1", "455.5", "311.8", "228.8", "141.7", "372.8", "758.8", "487.9", "383.1", "269.7", "319.9", "332.2", "324.4", "166.8", "310.5", "481.2", "102.7", "402.1", "402", "369.6", "450.7", "253.5", "492.1", "588.1", "368.5", "284.4", "327.5", "165.7", "186.8", "405.5", "489.4", "152.3", "258", "257.6", "700.6", "281.3", "410", "402.6", "365.6", "556", "377.2", "350.2", "158.1", "243.6", "398.6", "206.8", "329", "278.5", "352.3", "140.4", "263.4", "190.8", "365", "282.2", "352.2", "17.1", "344.2", "390.3", "44.5", "499.8", "310", "791", "231.4", "338", "661.1", "203.2", "132", "181.6", "491.5", "311.6", "244.6", "123.6", "449.5", "315.9", "525.5", "129.8", "166.2", "274.7", "451", "315.6", "312", "137.3", "339.2", "145.6", "334.1", "164.1", "57.9", "290.9"]}, {"col": "c7_number", "type": "REAL", "data": [307.0, 133.9, 363.2, 370.5, 191.5, 491.4, 639.8, 392.9, 515.8, 174.2, 292.0, 252.4, 255.0, 137.2, 468.4, 261.6, 75.8, 233.8, 606.1, 270.0, 298.9, 303.7, 451.1, 497.3, 706.4, 163.2, 340.8, 269.2, 193.1, 304.9, 150.0, 348.7, 726.7, 259.3, 751.0, 228.4, 391.3, 211.6, 505.3, 194.7, 301.6, 172.8, 520.9, 379.3, 38.3, 189.4, 385.0, 297.4, 159.7, 346.0, 331.2, 395.6, 496.8, 815.5, 196.8, 548.4, 200.7, 86.7, 283.5, 572.1, 455.5, 311.8, 228.8, 141.7, 372.8, 758.8, 487.9, 383.1, 269.7, 319.9, 332.2, 324.4, 166.8, 310.5, 481.2, 102.7, 402.1, 402.0, 369.6, 450.7, 253.5, 492.1, 588.1, 368.5, 284.4, 327.5, 165.7, 186.8, 405.5, 489.4, 152.3, 258.0, 257.6, 700.6, 281.3, 410.0, 402.6, 365.6, 556.0, 377.2, 350.2, 158.1, 243.6, 398.6, 206.8, 329.0, 278.5, 352.3, 140.4, 263.4, 190.8, 365.0, 282.2, 352.2, 17.1, 344.2, 390.3, 44.5, 499.8, 310.0, 791.0, 231.4, 338.0, 661.1, 203.2, 132.0, 181.6, 491.5, 311.6, 244.6, 123.6, 449.5, 315.9, 525.5, 129.8, 166.2, 274.7, 451.0, 315.6, 312.0, 137.3, 339.2, 145.6, 334.1, 164.1, 57.9, 290.9]}]], "is_list": {"id": false, "agg": false, "c1": false, "c2": false, "c3": false, "c3_number": false, "c4": false, "c4_number": false, "c5": false, "c5_number": false, "c6": false, "c6_number": false, "c7": false, "c7_number": false}}