{"headers": ["id", "agg", "yacht", "nation", "owner", "skipper", "launch year"], "types": ["id", "agg", "text", "text", "<ft,text>", "text", "number"], "contents": [[{"col": "id", "type": "INTEGER", "data": [1, 2, 3, 4, 5, 6, 7, 8, 9, 10, 11, 12, 13, 14, 15, 16, 17, 18, 19, 20, 21, 22, 23, 24, 25, 26, 27, 28, 29, 30, 31, 32, 33, 34, 35, 36, 37, 38, 39, 40, 41, 42, 43, 44, 45, 46, 47, 48, 49, 50, 51, 52, 53, 54, 55, 56, 57, 58, 59, 60, 61, 62, 63, 64, 65, 66, 67, 68, 69, 70, 71, 72, 73, 74, 75, 76, 77, 78, 79, 80, 81, 82]}], [{"col": "agg", "type": "INTEGER", "data": [0, 0, 0, 0, 0, 0, 0, 0, 0, 0, 0, 0, 0, 0, 0, 0, 0, 0, 0, 0, 0, 0, 0, 0, 0, 0, 0, 0, 0, 0, 0, 0, 0, 0, 0, 0, 0, 0, 0, 0, 0, 0, 0, 0, 0, 0, 0, 0, 0, 0, 0, 0, 0, 0, 0, 0, 0, 0, 0, 0, 0, 0, 0, 0, 0, 0, 0, 0, 0, 0, 0, 0, 0, 0, 0, 0, 0, 0, 0, 0, 0, 0]}], [{"col": "c1", "type": "TEXT", "data": ["afr midnight rambler", "alacrity", "another challenge", "another fiasco", "aurora", "balance", "bear necessity", "berrimilla", "capriccio of rhu", "challenge", "chutzpah", "city index leopard", "cougar ii", "decosolmarine sailplane", "dehler magic", "dhl - the daily telegraph", "eleni", "endorfin", "first light", "flying fish - arctos", "george gregan foundation", "georgia", "getaway sailing 2", "global yacht racing - kioni", "goldfinger", "helsal iv", "huckleberry", "hugo boss ii", "iataia", "ichi ban", "imarex", "impeccable", "inner circle", "jazz", "knee deep", "krakatoa ii", "limit", "living doll", "matangi", "morna", "mr beaks ribs", "mr kite", "namadgi", "noonmark vi", "palandri wines minds eye", "papillon", "patrice six", "phillip's foote witchdoctor", "pirelli", "pisces", "pretty fly ii", "pretty woman", "quantum racing", "quetzalcoatl", "ragamuffin", "rosebud", "rush", "sailors with disabilities", "salona", "scarlet runner", "secret men's business #1", "sextant", "she", "sheridan road rail (tartan)", "shogun", "skandia", "spirit of koomooloo", "splash gordon", "stormy petrel", "swan song", "swish", "the bigger picture", "the goat", "toyota aurion", "true north", "wedgetail", "wild oats xi", "wot yot", "wot's next", "yendys", "zen", "zephyr"]}], [{"col": "c2", "type": "TEXT", "data": ["(nsw)", "(qld)", "(vic)", "(qld)", "(nsw)", "(nsw)", "(nsw)", "(nsw)", null, "(vic)", "(vic)", null, "(vic)", null, "(qld)", "(nsw)", "(nsw)", "(nsw)", "(nsw)", "(nsw)", "(nsw)", "(vic)", "(vic)", "(nsw)", "(vic)", "(tas)", "(wa)", null, null, "(nsw)", "(nsw)", "(nsw)", "(nsw)", null, "(wa)", "(nsw)", "(wa)", "(vic)", "(tas)", "(nsw)", "(nsw)", "(nsw)", "(act)", null, "(wa)", "(nsw)", "(nsw)", "(nsw)", "(nsw)", "(tas)", "(nsw)", "(nsw)", "(nsw)", "(nsw)", "(nsw)", null, "(vic)", "(nsw)", "(nsw)", "(vic)", "(nsw)", "(nsw)", "(nsw)", "(nsw)", "(vic)", "(vic)", "(qld)", "(qld)", "(nsw)", "(nsw)", "(nsw)", "(nsw)", "(nsw)", "(nsw)", "(sa)", "(qld)", "(nsw)", "(nsw)", "(nsw)", "(nsw)", "(nsw)", "(nsw)"]}], [{"col": "c3", "type": "TEXT", "data": ["ed psaltis", "matthew percy", "chris lewin", "damian suckling", "jim holley", "paul clitheroe", "andrew & pauline dally", "alex whitworth", "michele colenso", "lou abrahams", "bruce taylor", "mike slade", "alan whiteley", "decosol marine", "greg tobin/charlie preen", "kookaburra challenge p/l", "tony levett", "peter mooney", "nicolas ewald & susan rice", "flying fish properties", "peter goldsworthy", "john williams/graeme ainley", "peter tarimo", "kioni sailing services p/l", "peter blake & kate mitchell", "tony fisher", "steve humphries", "alex thomson racing", "marcos rodriguez", "matt allen", "marc & louis ryckmans", "john walker", "ken robinson/darren cooney", "chris bull", "philip childs/frank van ruth", "rod skellet", "alan brierty", "michael hiatt", "david stephenson", "greg zyner", "david beak", "andrew buckland/andrew hunn", "canberra ocean racing club", "sir geoffrey mulcahy", "brad skeggs", "phil molony", "adrian dunphy", "the rum consortium", "martin james", "david taylor", "colin woods", "r. hudson/m. lockley/r. murphy", "ray roberts", "bruce/hampshire/lee-warner/sweetapple", "syd fischer", "roger sturgeon", "ian and john paterson", "david pescud", "phillip king", "robert date", "smb syndicate", "denis doyle", "peter rodgers", "ian sanford", "rob hanna", "grant wharington", "mike freebairn", "stephen ellis", "kevin o'shea", "geoffrey hill", "steven proud", "mike roberts/anthony hooper", "foye/gordon", "andrew short", "andrew saies", "bill wild", "bob oatley", "graeme wood", "graeme wood", "geoff ross", "gordon ketelbey", "james connell & alex brandon"]}, {"col": "c3_list", "type": "LIST TEXT", "data": [["ed psaltis"], ["matthew percy"], ["chris lewin"], ["damian suckling"], ["jim holley"], ["paul clitheroe"], ["andrew", "pauline dally"], ["alex whitworth"], ["michele colenso"], ["lou abrahams"], ["bruce taylor"], ["mike slade"], ["alan whiteley"], ["decosol marine"], ["greg tobin", "charlie preen"], ["kookaburra challenge p", "l"], ["tony levett"], ["peter mooney"], ["nicolas ewald", "susan rice"], ["flying fish properties"], ["peter goldsworthy"], ["john williams", "graeme ainley"], ["peter tarimo"], ["kioni sailing services p", "l"], ["peter blake", "kate mitchell"], ["tony fisher"], ["steve humphries"], ["alex thomson racing"], ["marcos rodriguez"], ["matt allen"], ["marc", "louis ryckmans"], ["john walker"], ["ken robinson", "darren cooney"], ["chris bull"], ["philip childs", "frank van ruth"], ["rod skellet"], ["alan brierty"], ["michael hiatt"], ["david stephenson"], ["greg zyner"], ["david beak"], ["andrew buckland", "andrew hunn"], ["canberra ocean racing club"], ["sir geoffrey mulcahy"], ["brad skeggs"], ["phil molony"], ["adrian dunphy"], ["the rum consortium"], ["martin james"], ["david taylor"], ["colin woods"], ["r. hudson", "m. lockley", "r. murphy"], ["ray roberts"], ["bruce", "hampshire", "lee-warner", "sweetapple"], ["syd fischer"], ["roger sturgeon"], ["ian and john paterson"], ["david pescud"], ["phillip king"], ["robert date"], ["smb syndicate"], ["denis doyle"], ["peter rodgers"], ["ian sanford"], ["rob hanna"], ["grant wharington"], ["mike freebairn"], ["stephen ellis"], ["kevin o'shea"], ["geoffrey hill"], ["steven proud"], ["mike roberts", "anthony hooper"], ["foye", "gordon"], ["andrew short"], ["andrew saies"], ["bill wild"], ["bob oatley"], ["graeme wood"], ["graeme wood"], ["geoff ross"], ["gordon ketelbey"], ["james connell", "alex brandon"]]}, {"col": "c3_length", "type": "INTEGER", "data": [1, 1, 1, 1, 1, 1, 2, 1, 1, 1, 1, 1, 1, 1, 2, 2, 1, 1, 2, 1, 1, 2, 1, 2, 2, 1, 1, 1, 1, 1, 2, 1, 2, 1, 2, 1, 1, 1, 1, 1, 1, 2, 1, 1, 1, 1, 1, 1, 1, 1, 1, 3, 1, 4, 1, 1, 1, 1, 1, 1, 1, 1, 1, 1, 1, 1, 1, 1, 1, 1, 1, 2, 2, 1, 1, 1, 1, 1, 1, 1, 1, 2]}], [{"col": "c4", "type": "TEXT", "data": ["ed psaltis", "matthew percy", "chris lewin", "damian suckling", "jim holley", "paul clitheroe", "andrew dally", "alex whitworth", "andrew poole", "lou abrahams", "bruce taylor", "mike slade", "alan whiteley", "john danby/robert bottomley", "greg tobin/charlie preen", "mitch booth", "tony levett", "peter mooney", "nicolas ewald", "andy fairclough/james dobie", "david witt", "john williams", "jay pettifer", "richard falk", "peter blake", "rob fisher", "steve humphries", "ross daniel", "marc rosenfeld", "matt allen", "ola strand andersen", "john walker", "ken robinson", "chris bull", "philip childs", "rod skellet", "roger hickman", "michael hiatt", "david stephenson", "greg zyner", "david beak", "andrew buckland/andrew hunn", "rick scott-murphy", "mike gilburt", "brad skeggs", "phil molony", "adrian dunphy/ tony kirby", "maurie cameron", "les goodridge", "david taylor", "colin woods", "richard hudson", "ray roberts", "antony sweetapple", "syd fischer", "roger sturgeon", "john paterson", "david pescud/john hearne", "phillip king", "robert date", "ross trembath/r curtis", "denis doyle", "peter rodgers", "ian sanford", "rob hanna", "grant wharington", "mike freebairn", "stephen ellis", "kevin o'shea", "geoffrey hill", "steven proud", "ian douglas", "bruce foye", "andrew short", "andrew saies", "bill wild", "mark richards", "graeme wood", "bill sykes", "geoff ross", "gordon ketelbey", "james connell"]}], [{"col": "c5", "type": "TEXT", "data": ["2002", "2004", "2000", "1994", "1983", "2006", "2007", "1977", "1987", "2004", "2007", "2007", "2005", "1999", "2000", "1997", "2003", "2006", "1981", "2001", "2001", "2000", "2000", "2001", "2002", "1986", "1982", "2001", "2004", "2005", "2000", "1980", "1987", "2003", "1999", "2006", "2002", "2005", "1989", "1995", "2004", "2005", "2003", "1998", "2006", "2005", null, "1979", "1989", "1998", "2003", "1996", "2007", "2001", "2004", "2007", "1997", "2000", "2006", "2001", "1996", "1999", "1981", "1984", "2007", "2003", "1968", "1998", "1970", "2000", "2001", "2002", "2003", "1993", "2000", "2005", "2005", "2000", "2005", "2006", "2004", "1984"]}, {"col": "c5_number", "type": "INTEGER", "data": [2002, 2004, 2000, 1994, 1983, 2006, 2007, 1977, 1987, 2004, 2007, 2007, 2005, 1999, 2000, 1997, 2003, 2006, 1981, 2001, 2001, 2000, 2000, 2001, 2002, 1986, 1982, 2001, 2004, 2005, 2000, 1980, 1987, 2003, 1999, 2006, 2002, 2005, 1989, 1995, 2004, 2005, 2003, 1998, 2006, 2005, null, 1979, 1989, 1998, 2003, 1996, 2007, 2001, 2004, 2007, 1997, 2000, 2006, 2001, 1996, 1999, 1981, 1984, 2007, 2003, 1968, 1998, 1970, 2000, 2001, 2002, 2003, 1993, 2000, 2005, 2005, 2000, 2005, 2006, 2004, 1984]}]], "is_list": {"id": false, "agg": false, "c1": false, "c2": false, "c3": false, "c3_list": true, "c3_length": false, "c4": false, "c5": false, "c5_number": false}}