{"headers": ["id", "agg", "no.", "train no.", "origin", "destination", "train name"], "types": ["id", "agg", "number", "text", "text", "text", "text"], "contents": [[{"col": "id", "type": "INTEGER", "data": [1, 2, 3, 4, 5, 6, 7, 8, 9, 10, 11, 12, 13, 14, 15, 16, 17, 18, 19, 20, 21, 22, 23, 24, 25, 26, 27, 28, 29, 30, 31, 32, 33, 34, 35, 36, 37, 38, 39, 40, 41, 42, 43, 44, 45, 46, 47, 48, 49, 50, 51]}], [{"col": "agg", "type": "INTEGER", "data": [0, 0, 0, 0, 0, 0, 0, 0, 0, 0, 0, 0, 0, 0, 0, 0, 0, 0, 0, 0, 0, 0, 0, 0, 0, 0, 0, 0, 0, 0, 0, 0, 0, 0, 0, 0, 0, 0, 0, 0, 0, 0, 0, 0, 0, 0, 0, 0, 0, 0, 0]}], [{"col": "c1", "type": "TEXT", "data": ["1", "2", "3", "4", "5", "6", "7", "8", "9", "10", "11", "12", "13", "14", "15", "16", "17", "18", "19", "20", "21", "22", "23", "24", "25", "26", "27", "28", "29", "30", "31", "32", "33", "34", "35", "36", "37", "38", "39", "40", "41", "42", "43", "44", "45", "46", "47", "48", "49", "50", "51"]}, {"col": "c1_number", "type": "REAL", "data": [1.0, 2.0, 3.0, 4.0, 5.0, 6.0, 7.0, 8.0, 9.0, 10.0, 11.0, 12.0, 13.0, 14.0, 15.0, 16.0, 17.0, 18.0, 19.0, 20.0, 21.0, 22.0, 23.0, 24.0, 25.0, 26.0, 27.0, 28.0, 29.0, 30.0, 31.0, 32.0, 33.0, 34.0, 35.0, 36.0, 37.0, 38.0, 39.0, 40.0, 41.0, 42.0, 43.0, 44.0, 45.0, 46.0, 47.0, 48.0, 49.0, 50.0, 51.0]}], [{"col": "c2", "type": "TEXT", "data": ["12615/2616", "12621/2622", "12433/2434", "12611/2612", "11028/11027", "11042/11041", "12842/12841", "12840/12839", "12679/12680", "12673/12674", "12675/12676", "12243/12244", "12681/12682", "12671/12672", "16627/16628", "12601/12602", "12685/12686", "12656/12655", "12669/12670", "16057/16058", "16053/16054", "16203/16204", "12759/12760", "12603/12604", "16669/16670", "12639/12640", "12607/12608", "12657/12658", "12027/12028", "12609/12610", "12691/12692", "12007/12008", "16222/16221", "16041/16042", "12623/12624", "12695/12696", "12697/12698", "16089/16090", "16031/16032", "12687/12688", "12712/12711", "12077/12078", "12829/12830", "12967/12968", "16093/16094", "17311/17312", "17313/7314", "12689/12690", "12291/12292", "12755/12756", "12852/12851"]}], [{"col": "c3", "type": "TEXT", "data": ["chennai", "chennai", "chennai", "chennai", "chennai", "chennai", "chennai", "chennai", "chennai", "chennai", "chennai", "chennai", "chennai", "chennai", "chennai", "chennai", "chennai", "chennai", "chennai", "chennai", "chennai", "chennai", "chennai", "chennai", "chennai", "chennai", "chennai", "chennai", "chennai", "chennai", "chennai", "chennai", "chennai", "chennai", "chennai", "chennai", "chennai", "chennai", "chennai", "chennai", "chennai", "chennai", "chennai", "chennai", "chennai", "chennai", "chennai", "chennai", "chennai", "chennai", "chennai"]}], [{"col": "c4", "type": "TEXT", "data": ["new delhi", "new delhi", "h.nizamudin", "h.nizamudin", "mumbai", "mumbai", "howrah", "howrah", "coimbatore", "coimbatore", "coimbatore", "coimbatore", "coimbatore", "mettupalayam (coimbatore)", "mangalore central", "mangalore central", "mangalore central", "ahmedabad", "chhapra", "tirupati", "tirupati", "tirupati", "hyderabad", "hyderabad", "erode", "bangalore", "bangalore", "bangalore", "bangalore", "bangalore", "satya sai prasanthi nilayam", "mysore", "mysore", "alapuzha", "trivandrum", "trivandrum", "trivandrum", "jolarpet junction", "jammutawi", "dehradun", "vijayawada", "vijayawada", "bhubaneswar", "jaipur", "lucknow", "vasco da gama, goa", "hubli", "nagercoil", "yeswantpur", "haldia", "bilaspur"]}], [{"col": "c5", "type": "TEXT", "data": ["the grand trunk express", "tamil nadu express", "rajdhani express", "garib rath", "mumbai mail", "mumbai express", "coromandel express", "howrah mail", "intercity express", "cheran express", "kovai express", "shatabdi express", "coimbatore express", "nilgiri express", "west coast express", "mangalore mail", "superfast express", "navjivan express", "ganga kaveri express", "saptagiri express", "tirupati express", "garudadiri express", "charminar express", "hyderabad express", "yercaud express", "brindavan express", "lal bagh express", "bangalore mail", "shatabdi express", "bangalore express", "satya sai prasanthi nilayam express", "shatabdi express", "kaveri express", "alleppey express", "trivandrum mail", "superfast express", "trivandum express", "yelagiri express", "andaman express", "dehradun express", "pinakini express", "jan shatabdi express", "bhubaneswar express", "jaipur express", "lucknow express", "vasco express", "hubli express", "nagercoil express", "yeswantpur express", "haldia express", "bilaspur express"]}]], "is_list": {"id": false, "agg": false, "c1": false, "c1_number": false, "c2": false, "c3": false, "c4": false, "c5": false}}