{"headers": ["id", "agg", "pos", "no", "rider", "manufacturer", "laps", "time", "grid", "points"], "types": ["id", "agg", "rank", "number", "text", "text", "number", "time", "number", "number"], "contents": [[{"col": "id", "type": "INTEGER", "data": [1, 2, 3, 4, 5, 6, 7, 8, 9, 10, 11, 12, 13, 14, 15, 16, 17, 18, 19, 20, 21, 22, 23, 24]}], [{"col": "agg", "type": "INTEGER", "data": [0, 0, 0, 0, 0, 0, 0, 0, 0, 0, 0, 0, 0, 0, 0, 0, 0, 0, 0, 0, 0, 0, 0, 0]}], [{"col": "c1", "type": "TEXT", "data": ["1", "2", "3", "4", "5", "6", "7", "8", "9", "10", "11", "12", "13", "14", "15", "16", "17", "ret", "ret", "ret", "ret", "ret", "dnq", "dnq"]}, {"col": "c1_number", "type": "REAL", "data": [1.0, 2.0, 3.0, 4.0, 5.0, 6.0, 7.0, 8.0, 9.0, 10.0, 11.0, 12.0, 13.0, 14.0, 15.0, 16.0, 17.0, null, null, null, null, null, null, null]}], [{"col": "c2", "type": "TEXT", "data": ["58", "19", "36", "60", "6", "15", "72", "41", "14", "32", "17", "25", "10", "52", "35", "92", "45", "4", "75", "55", "90", "43", "27", "89"]}, {"col": "c2_number", "type": "REAL", "data": [58.0, 19.0, 36.0, 60.0, 6.0, 15.0, 72.0, 41.0, 14.0, 32.0, 17.0, 25.0, 10.0, 52.0, 35.0, 92.0, 45.0, 4.0, 75.0, 55.0, 90.0, 43.0, 27.0, 89.0]}], [{"col": "c3", "type": "TEXT", "data": ["marco simoncelli", "alvaro bautista", "mika kallio", "julian simon", "alex debon", "roberto locatelli", "yuki takahashi", "aleix espargaro", "ratthapark wilairot", "fabrizio lai", "karel abraham", "alex baldolini", "imre toth", "lukas pesek", "simone grotzkyj", "daniel arcas", "doni tata pradita", "hiroshi aoyama", "mattia pasini", "hector faubel", "federico sandi", "manuel hernandez", "stefano bianco", "ho wan chow"]}], [{"col": "c4", "type": "TEXT", "data": ["gilera", "aprilia", "ktm", "ktm", "aprilia", "gilera", "honda", "aprilia", "honda", "gilera", "aprilia", "aprilia", "aprilia", "aprilia", "gilera", "honda", "yamaha", "ktm", "aprilia", "aprilia", "aprilia", "aprilia", "gilera", "aprilia"]}], [{"col": "c5", "type": "TEXT", "data": ["25", "25", "25", "25", "25", "25", "25", "25", "25", "25", "25", "25", "25", "25", "24", "24", "24", "15", "15", "4", "1", "1", null, null]}, {"col": "c5_number", "type": "REAL", "data": [25.0, 25.0, 25.0, 25.0, 25.0, 25.0, 25.0, 25.0, 25.0, 25.0, 25.0, 25.0, 25.0, 25.0, 24.0, 24.0, 24.0, 15.0, 15.0, 4.0, 1.0, 1.0, null, null]}], [{"col": "c6", "type": "TEXT", "data": ["39:02.553", "0.223", "14.45", "14.478", "26.226", "26.392", "26.434", "40.546", "+1:00.219", "+1:20.825", "+1:22.802", "+1:22.864", "+1:23.995", "+1:39.740", "+1 lap", "+1 lap", "+1 lap", "retirement", "accident", "accident", "accident", "retirement", null, null]}, {"col": "c6_number", "type": "REAL", "data": [39, 0.223, 14.45, 14.478, 26.226, 26.392, 26.434, 40.546, 1, 1, 1, 1, 1, 1, 1, 1, 1, null, null, null, null, null, null, null]}, {"col": "c6_min", "type": "INTEGER", "data": [39, null, null, null, null, null, null, null, 1, 1, 1, 1, 1, 1, null, null, null, null, null, null, null, null, null, null]}, {"col": "c6_sec", "type": "REAL", "data": [2.553, null, null, null, null, null, null, null, 0.219, 20.825, 22.802, 22.864, 23.995, 39.74, null, null, null, null, null, null, null, null, null, null]}], [{"col": "c7", "type": "TEXT", "data": ["1", "3", "2", "6", "8", "11", "7", "9", "12", "13", "17", "18", "16", "14", "21", "20", "22", "4", "10", "5", "15", "19", null, null]}, {"col": "c7_number", "type": "REAL", "data": [1.0, 3.0, 2.0, 6.0, 8.0, 11.0, 7.0, 9.0, 12.0, 13.0, 17.0, 18.0, 16.0, 14.0, 21.0, 20.0, 22.0, 4.0, 10.0, 5.0, 15.0, 19.0, null, null]}], [{"col": "c8", "type": "TEXT", "data": ["25", "20", "16", "13", "11", "10", "9", "8", "7", "6", "5", "4", "3", "2", "1", null, null, null, null, null, null, null, null, null]}, {"col": "c8_number", "type": "REAL", "data": [25.0, 20.0, 16.0, 13.0, 11.0, 10.0, 9.0, 8.0, 7.0, 6.0, 5.0, 4.0, 3.0, 2.0, 1.0, null, null, null, null, null, null, null, null, null]}]], "is_list": {"id": false, "agg": false, "c1": false, "c1_number": false, "c2": false, "c2_number": false, "c3": false, "c4": false, "c5": false, "c5_number": false, "c6": false, "c6_number": false, "c6_min": false, "c6_sec": false, "c7": false, "c7_number": false, "c8": false, "c8_number": false}}