{"headers": ["id", "agg", "rank", "nation", "gold", "silver", "bronze", "total"], "types": ["id", "agg", "number", "text", "number", "number", "number", "number"], "contents": [[{"col": "id", "type": "INTEGER", "data": [1, 2, 3, 4, 5, 6, 7, 8, 9, 10, 11, 12]}], [{"col": "agg", "type": "INTEGER", "data": ["0", "0", "0", "0", "0", "0", "0", "0", "0", "0", "0", "1"]}], [{"col": "c1", "type": "TEXT", "data": ["1", "2", "3", "4", "5", "6", "7", "8", "9", "10", "10", "total"]}, {"col": "c1_number", "type": "REAL", "data": [1.0, 2.0, 3.0, 4.0, 5.0, 6.0, 7.0, 8.0, 9.0, 10.0, 10.0, null]}], [{"col": "c2", "type": "TEXT", "data": ["south korea", "china", "japan", "hong kong", "chinese taipei", "iran", "thailand", "malaysia", "kyrgyzstan", "kazakhstan", "uzbekistan", "total"]}], [{"col": "c3", "type": "TEXT", "data": ["7", "5", "3", "2", "2", "1", "1", "1", "1", "0", "0", "23"]}, {"col": "c3_number", "type": "REAL", "data": [7.0, 5.0, 3.0, 2.0, 2.0, 1.0, 1.0, 1.0, 1.0, 0.0, 0.0, 23.0]}], [{"col": "c4", "type": "TEXT", "data": ["6", "5", "1", "3", "0", "3", "2", "1", "0", "1", "1", "23"]}, {"col": "c4_number", "type": "REAL", "data": [6.0, 5.0, 1.0, 3.0, 0.0, 3.0, 2.0, 1.0, 0.0, 1.0, 1.0, 23.0]}], [{"col": "c5", "type": "TEXT", "data": ["1", "2", "5", "5", "0", "2", "3", "5", "0", "0", "0", "23"]}, {"col": "c5_number", "type": "REAL", "data": [1.0, 2.0, 5.0, 5.0, 0.0, 2.0, 3.0, 5.0, 0.0, 0.0, 0.0, 23.0]}], [{"col": "c6", "type": "TEXT", "data": ["14", "12", "9", "10", "2", "6", "6", "7", "1", "1", "1", "69"]}, {"col": "c6_number", "type": "REAL", "data": [14.0, 12.0, 9.0, 10.0, 2.0, 6.0, 6.0, 7.0, 1.0, 1.0, 1.0, 69.0]}]], "is_list": {"id": false, "agg": false, "c1": false, "c1_number": false, "c2": false, "c3": false, "c3_number": false, "c4": false, "c4_number": false, "c5": false, "c5_number": false, "c6": false, "c6_number": false}}