{"headers": ["id", "agg", "season", "date", "location", "discipline", "place"], "types": ["id", "agg", "number", "date", "address", "text", "rank"], "contents": [[{"col": "id", "type": "INTEGER", "data": [1, 2, 3, 4, 5, 6, 7, 8, 9]}], [{"col": "agg", "type": "INTEGER", "data": [0, 0, 0, 0, 0, 0, 0, 0, 0]}], [{"col": "c1", "type": "TEXT", "data": ["2007", "2009", "2010", "2010", "2010", "2010", "2011", "2011", "2011"]}, {"col": "c1_number", "type": "INTEGER", "data": [2007, 2009, 2010, 2010, 2010, 2010, 2011, 2011, 2011]}], [{"col": "c2", "type": "TEXT", "data": ["18 mar 2007", "10 jan 2009", "28 nov 2009", "28 dec 2009", "24 jan 2010", "11 mar 2010", "23 oct 2010", "27 nov 2010", "28 dec 2010"]}, {"col": "c2_number", "type": "INTEGER", "data": [18, 10, 28, 28, 24, 11, 23, 27, 28]}, {"col": "c2_parsed", "type": "TEXT", "data": ["2007-03-18", "2009-01-10", "2009-11-28", "2009-12-28", "2010-01-24", "2010-03-11", "2010-10-23", "2010-11-27", "2010-12-28"]}, {"col": "c2_year", "type": "INTEGER", "data": [2007, 2009, 2009, 2009, 2010, 2010, 2010, 2010, 2010]}, {"col": "c2_month", "type": "INTEGER", "data": [3, 1, 11, 12, 1, 3, 10, 11, 12]}, {"col": "c2_day", "type": "INTEGER", "data": [18, 10, 28, 28, 24, 11, 23, 27, 28]}], [{"col": "c3", "type": "TEXT", "data": ["lenzerheide, switzerland", "maribor, slovenia", "aspen, usa", "lienz, austria", "cortina d'ampezzo, italy", "garmisch, germany", "solden, austria", "aspen, usa", "semmering, austria"]}, {"col": "c3_address", "type": "LIST TEXT", "data": [["lenzerheide", "switzerland"], ["maribor", "slovenia"], ["aspen", "usa"], ["lienz", "austria"], ["cortina d'ampezzo", "italy"], ["garmisch", "germany"], ["solden", "austria"], ["aspen", "usa"], ["semmering", "austria"]]}], [{"col": "c4", "type": "TEXT", "data": ["giant slalom", "giant slalom", "giant slalom", "giant slalom", "giant slalom", "giant slalom", "giant slalom", "giant slalom", "giant slalom"]}], [{"col": "c5", "type": "TEXT", "data": ["2nd", "3rd", "1st", "1st", "3rd", "2nd", "2nd", "3rd", "3rd"]}, {"col": "c5_number", "type": "REAL", "data": [2.0, 3.0, 1.0, 1.0, 3.0, 2.0, 2.0, 3.0, 3.0]}]], "is_list": {"id": false, "agg": false, "c1": false, "c1_number": false, "c2": false, "c2_number": false, "c2_parsed": false, "c2_year": false, "c2_month": false, "c2_day": false, "c3": false, "c3_address": true, "c4": false, "c5": false, "c5_number": false}}