{"headers": ["id", "agg", "year", "winner", "age", "jockey", "trainer", "owner", "distance\n(miles)", "time", "purse", "gr"], "types": ["id", "agg", "number", "text", "number", "text", "text", "<f,text>", "number", "time", "unitnum", "text"], "contents": [[{"col": "id", "type": "INTEGER", "data": [1, 2, 3, 4, 5, 6, 7, 8, 9, 10, 11, 12, 13, 14, 15, 16, 17, 18, 19, 20, 21, 22, 23, 24, 25, 26, 27, 28, 29, 30, 31, 32, 33, 34, 35, 36, 37, 38, 39, 40, 41, 42, 43, 44, 45, 46, 47, 48, 49, 50, 51, 52, 53, 54, 55, 56, 57, 58, 59, 60, 61, 62, 63, 64]}], [{"col": "agg", "type": "INTEGER", "data": [0, 0, 0, 0, 0, 0, 0, 0, 0, 0, 0, 0, 0, 0, 0, 0, 0, 0, 0, 0, 0, 0, 0, 0, 0, 0, 0, 0, 0, 0, 0, 0, 0, 0, 0, 0, 0, 0, 0, 0, 0, 0, 0, 0, 0, 0, 0, 0, 0, 0, 0, 0, 0, 0, 0, 0, 0, 0, 0, 0, 0, 0, 0, 0]}], [{"col": "c1", "type": "TEXT", "data": ["2014", "2013", "2012", "2011", "2010", "2009", "2008", "2007", "2006", "2005", "2004", "2003", "2002", "2001", "2000", "1999", "1998", "1997", "1996", "1995", "1994", "1993", "1992", "1991", "1990", "1989", "1988", "1987", "1986", "1985", "1984", "1983", "1982", "1981", "1980", "1979", "1978", "1977", "1977", "1976", "1975", "1974", "1973", "1972", "1971", "1970", "1969", "1968", "1967", "1966", "1965", "1964", "1963", "1962", "1961", "1960", "1959", "1958", "1957", "1956", "1955", "1954", "1953", "1952"]}, {"col": "c1_number", "type": "INTEGER", "data": [2014, 2013, 2012, 2011, 2010, 2009, 2008, 2007, 2006, 2005, 2004, 2003, 2002, 2001, 2000, 1999, 1998, 1997, 1996, 1995, 1994, 1993, 1992, 1991, 1990, 1989, 1988, 1987, 1986, 1985, 1984, 1983, 1982, 1981, 1980, 1979, 1978, 1977, 1977, 1976, 1975, 1974, 1973, 1972, 1971, 1970, 1969, 1968, 1967, 1966, 1965, 1964, 1963, 1962, 1961, 1960, 1959, 1958, 1957, 1956, 1955, 1954, 1953, 1952]}], [{"col": "c2", "type": "TEXT", "data": ["constitution", "orb", "take charge indy", "dialed in", "ice box", "quality road", "big brown", "scat daddy", "barbaro", "high fly", "friends lake", "empire maker", "harlan's holiday", "monarchos", "hal's hope", "vicar", "cape town", "captain bodgit", "unbridled's song", "thunder gulch", "holy bull", "bull in the heather", "technology", "fly so free", "unbridled", "mercedes won", "brian's time", "cryptoclearance", "snow chief", "proud truth", "swale", "croeso", "timely writer", "lord avie", "plugged nickle", "spectacular bid", "alydar", "ruthie's native", "coined silver", "honest pleasure", "prince thou art", "judger", "royal and regal", "upper case", "eastern fleet", "my dad george", "top knight", "forward pass", "in reality", "williamston kid", "native charger", "northern dancer", "candy spots", "ridan", "carry back", "bally ache", "easy spur", "tim tam", "gen. duke", "needles", "nashua", "correlation", "money broker", "sky ship"]}], [{"col": "c3", "type": "TEXT", "data": ["3", "3", "3", "3", "3", "3", "3", "3", "3", "3", "3", "3", "3", "3", "3", "3", "3", "3", "3", "3", "3", "3", "3", "3", "3", "3", "3", "3", "3", "3", "3", "3", "3", "3", "3", "3", "3", "3", "3", "3", "3", "3", "3", "3", "3", "3", "3", "3", "3", "3", "3", "3", "3", "3", "3", "3", "3", "3", "3", "3", "3", "3", "3", "3"]}, {"col": "c3_number", "type": "REAL", "data": [3.0, 3.0, 3.0, 3.0, 3.0, 3.0, 3.0, 3.0, 3.0, 3.0, 3.0, 3.0, 3.0, 3.0, 3.0, 3.0, 3.0, 3.0, 3.0, 3.0, 3.0, 3.0, 3.0, 3.0, 3.0, 3.0, 3.0, 3.0, 3.0, 3.0, 3.0, 3.0, 3.0, 3.0, 3.0, 3.0, 3.0, 3.0, 3.0, 3.0, 3.0, 3.0, 3.0, 3.0, 3.0, 3.0, 3.0, 3.0, 3.0, 3.0, 3.0, 3.0, 3.0, 3.0, 3.0, 3.0, 3.0, 3.0, 3.0, 3.0, 3.0, 3.0, 3.0, 3.0]}], [{"col": "c4", "type": "TEXT", "data": ["javier castellano", "john velazquez", "calvin borel", "julien r. leparoux", "jose lezcano", "john velazquez", "kent desormeaux", "edgar prado", "edgar prado", "jerry bailey", "richard migliore", "jerry bailey", "edgar prado", "jorge chavez", "roger velez", "shane sellers", "shane sellers", "alex solis", "mike smith", "mike smith", "mike smith", "wigberto ramos", "jerry bailey", "jose santos", "pat day", "earlie fires", "randy romero", "jose santos", "alex solis", "jorge velasquez", "laffit pincay, jr", "frank olivares", "jeffrey fell", "chris mccarron", "buck thornburg", "ronnie franklin", "jorge velasquez", "craig perret", "buck thornburg", "braulio baeza", "braulio baeza", "laffit pincay, jr", "walter blum", "ron turcotte", "eddie maple", "ray broussard", "manuel ycaza", "don brumfield", "earlie fires", "robert stevenson", "john l. rotz", "bill shoemaker", "bill shoemaker", "manuel ycaza", "johnny sellers", "bobby ussery", "bill hartack", "bill hartack", "bill hartack", "david erb", "eddie arcaro", "bill shoemaker", "alfred popara", "ronnie nash"]}], [{"col": "c5", "type": "TEXT", "data": ["todd pletcher", "claude mcgaughey iii", "patrick b. byrne", "nick zito", "nick zito", "james a. jerkens", "richard e. dutrow", "todd a. pletcher", "michael matz", "nick zito", "john c. kimmel", "robert frankel", "kenneth mcpeek", "john t. ward, jr", "harold rose", "carl nafzger", "d. wayne lukas", "gary capuano", "james t. ryerson", "d. wayne lukas", "warren a. croll, jr", "howard m. tesher", "hubert hine", "scotty schulhofer", "carl nafzger", "arnold fink", "john m. veitch", "scotty schulhofer", "melvin f. stute", "john m. veitch", "woody stephens", "jerry m. fanning", "dominic imprescia", "daniel perlsweig", "thomas j. kelly", "bud delp", "john m. veitch", "eugene jacobs", "george t. poole iii", "leroy jolley", "lou rondinello", "woody stephens", "warren a. croll, jr", "lucien laurin", "reggie cornell", "frank j. mcmanus", "ray metcalf", "henry forrest", "melvin calvert", "james bartlett", "ray metcalf", "horatio luro", "mesh tenney", "leroy jolley", "jack a. price", "homer pitt", "paul l. kelley", "horace a. jones", "horace a. jones", "hugh l. fontaine", "jim fitzsimmons", "noble threewitt", "vester r. wright", "preston m. burch"]}], [{"col": "c6", "type": "TEXT", "data": ["winstar farm", "janney/phipps stable", "c & m sandford", "robert v. lapenta", "robert v. lapenta", "edward p. evans", "ieah stables/paul pompa", "j. scatuorchio / m. tabor", "lael stables", "live oak plantation", "chester & mary broman", "juddmonte farms", "starlight stable", "john c. oxley", "rose family stable", "james b. tafel", "overbrook farm", "team valor", "paraneck stable", "michael tabor", "warren a. croll, jr", "arthur klein", "scott savin", "tommy valando", "genter stable", "christopher spencer", "james w. phillips", "phil teinowitz", "rochelle/grinstead", "darby dan farm", "claiborne farm", "joyce & roy fowler", "peter & francis martin", "david simon", "john m. schiff", "hawksworth farm", "calumet farm", "ruth a. perlmutter", "c. v. whitney", "bertram r. firestone", "darby dan farm", "claiborne farm", "aisco stable", "meadow stable", "calumet farm", "raymond m. curtis", "steven b. wilson", "calumet farm", "frances a. genter", "ternes & bartlett", "warner stable", "windfields farm", "rex c. ellsworth", "jolley / woods / greer", "mrs. katherine price", "edgehill farm", "spring hill farm", "calumet farm", "calumet farm", "d & h stable", "belair stud", "robert s. lytle", "g. & g. stable", "brookmeade stable"]}, {"col": "c6_list", "type": "LIST TEXT", "data": [["winstar farm"], ["janney", "phipps stable"], ["c & m sandford"], ["robert v. lapenta"], ["robert v. lapenta"], ["edward p. evans"], ["ieah stables", "paul pompa"], ["j. scatuorchio", "m. tabor"], ["lael stables"], ["live oak plantation"], ["chester & mary broman"], ["juddmonte farms"], ["starlight stable"], ["john c. oxley"], ["rose family stable"], ["james b. tafel"], ["overbrook farm"], ["team valor"], ["paraneck stable"], ["michael tabor"], ["warren a. croll", "jr"], ["arthur klein"], ["scott savin"], ["tommy valando"], ["genter stable"], ["christopher spencer"], ["james w. phillips"], ["phil teinowitz"], ["rochelle", "grinstead"], ["darby dan farm"], ["claiborne farm"], ["joyce & roy fowler"], ["peter & francis martin"], ["david simon"], ["john m. schiff"], ["hawksworth farm"], ["calumet farm"], ["ruth a. perlmutter"], ["c. v. whitney"], ["bertram r. firestone"], ["darby dan farm"], ["claiborne farm"], ["aisco stable"], ["meadow stable"], ["calumet farm"], ["raymond m. curtis"], ["steven b. wilson"], ["calumet farm"], ["frances a. genter"], ["ternes & bartlett"], ["warner stable"], ["windfields farm"], ["rex c. ellsworth"], ["jolley", "woods", "greer"], ["mrs. katherine price"], ["edgehill farm"], ["spring hill farm"], ["calumet farm"], ["calumet farm"], ["d & h stable"], ["belair stud"], ["robert s. lytle"], ["g. & g. stable"], ["brookmeade stable"]]}, {"col": "c6_length", "type": "INTEGER", "data": [1, 2, 1, 1, 1, 1, 2, 2, 1, 1, 1, 1, 1, 1, 1, 1, 1, 1, 1, 1, 2, 1, 1, 1, 1, 1, 1, 1, 2, 1, 1, 1, 1, 1, 1, 1, 1, 1, 1, 1, 1, 1, 1, 1, 1, 1, 1, 1, 1, 1, 1, 1, 1, 3, 1, 1, 1, 1, 1, 1, 1, 1, 1, 1]}], [{"col": "c7", "type": "TEXT", "data": ["1-1/8", "1-1/8", "1-1/8", "1-1/8", "1-1/8", "1-1/8", "1-1/8", "1-1/8", "1-1/8", "1-1/8", "1-1/8", "1-1/8", "1-1/8", "1-1/8", "1-1/8", "1-1/8", "1-1/8", "1-1/8", "1-1/8", "1-1/8", "1-1/8", "1-1/8", "1-1/8", "1-1/8", "1-1/8", "1-1/8", "1-1/8", "1-1/8", "1-1/8", "1-1/8", "1-1/8", "1-1/8", "1-1/8", "1-1/8", "1-1/8", "1-1/8", "1-1/8", "1-1/8", "1-1/8", "1-1/8", "1-1/8", "1-1/8", "1-1/8", "1-1/8", "1-1/8", "1-1/8", "1-1/8", "1-1/8", "1-1/8", "1-1/8", "1-1/8", "1-1/8", "1-1/8", "1-1/8", "1-1/8", "1-1/8", "1-1/8", "1-1/8", "1-1/8", "1-1/8", "1-1/8", "1-1/8", "1-1/8", "1-1/8"]}], [{"col": "c8", "type": "TEXT", "data": ["1:49.17", "1:50.87", "1:48.79", "1:50.74", "1:49.19", "1:47.72", "1:48.16", "1:49.00", "1:49.01", "1:49.43", "1:51.38", "1:49.05", "1:48.80", "1:49.95", "1:51.49", "1:50.83", "1:49.21", "1:50.60", "1:47.85", "1:49.70", "1:47.66", "1:51.38", "1:50.72", "1:50.44", "1:52.00", "1:49.60", "1:49.80", "1:49.60", "1:51.80", "1:50.00", "1:47.60", "1:49.80", "1:49.60", "1:50.40", "1:50.20", "1:48.80", "1:47.00", "1:50.20", "1:48.80", "1:47.80", "1:50.40", "1:49.00", "1:47.40", "1:50.00", "1:47.40", "1:50.80", "1:48.40", "1:49.00", "1:50.20", "1:50.60", "1:51.20", "1:50.80", "1:50.60", "1:50.40", "1:48.80", "1:47.60", "1:47.20", "1:49.20", "1:46.80", "1:48.60", "1:53.20", "1:55.20", "1:53.80", "1:50.80"]}, {"col": "c8_number", "type": "INTEGER", "data": [1, 1, 1, 1, 1, 1, 1, 1, 1, 1, 1, 1, 1, 1, 1, 1, 1, 1, 1, 1, 1, 1, 1, 1, 1, 1, 1, 1, 1, 1, 1, 1, 1, 1, 1, 1, 1, 1, 1, 1, 1, 1, 1, 1, 1, 1, 1, 1, 1, 1, 1, 1, 1, 1, 1, 1, 1, 1, 1, 1, 1, 1, 1, 1]}, {"col": "c8_min", "type": "INTEGER", "data": [1, 1, 1, 1, 1, 1, 1, 1, 1, 1, 1, 1, 1, 1, 1, 1, 1, 1, 1, 1, 1, 1, 1, 1, 1, 1, 1, 1, 1, 1, 1, 1, 1, 1, 1, 1, 1, 1, 1, 1, 1, 1, 1, 1, 1, 1, 1, 1, 1, 1, 1, 1, 1, 1, 1, 1, 1, 1, 1, 1, 1, 1, 1, 1]}, {"col": "c8_sec", "type": "REAL", "data": [49.17, 50.87, 48.79, 50.74, 49.19, 47.72, 48.16, 49.0, 49.01, 49.43, 51.38, 49.05, 48.8, 49.95, 51.49, 50.83, 49.21, 50.6, 47.85, 49.7, 47.66, 51.38, 50.72, 50.44, 52.0, 49.6, 49.8, 49.6, 51.8, 50.0, 47.6, 49.8, 49.6, 50.4, 50.2, 48.8, 47.0, 50.2, 48.8, 47.8, 50.4, 49.0, 47.4, 50.0, 47.4, 50.8, 48.4, 49.0, 50.2, 50.6, 51.2, 50.8, 50.6, 50.4, 48.8, 47.6, 47.2, 49.2, 46.8, 48.6, 53.2, 55.2, 53.8, 50.8]}], [{"col": "c9", "type": "TEXT", "data": ["$1,000,000", "$1,000,000", "$1,000,000", "$1,000,000", "$750,000", "$750,000", "$1,000,000", "$1,000,000", "$1,000,000", "$1,000,000", "$1,000,000", "$1,000,000", "$1,000,000", "$1,000,000", "$1,000,000", "$750,000", "$750,000", "$750,000", "$750,000", "$500,000", "$500,000", "$500,000", "$500,000", "$500,000", "$500,000", "$500,000", "$500,000", "$500,000", "$500,000", "$500,000", "$300,000", "$300,000", "$250,000", "$250,000", "$250,000", "$200,000", "$200,000", "$125,000", "$125,000", "$125,000", "$150,000", "$150,000", "$130,000", "$130,000", null, null, null, null, null, null, null, null, null, null, null, null, null, null, null, null, null, null, null, null]}, {"col": "c9_number", "type": "REAL", "data": [1000000.0, 1000000.0, 1000000.0, 1000000.0, 750000.0, 750000.0, 1000000.0, 1000000.0, 1000000.0, 1000000.0, 1000000.0, 1000000.0, 1000000.0, 1000000.0, 1000000.0, 750000.0, 750000.0, 750000.0, 750000.0, 500000.0, 500000.0, 500000.0, 500000.0, 500000.0, 500000.0, 500000.0, 500000.0, 500000.0, 500000.0, 500000.0, 300000.0, 300000.0, 250000.0, 250000.0, 250000.0, 200000.0, 200000.0, 125000.0, 125000.0, 125000.0, 150000.0, 150000.0, 130000.0, 130000.0, null, null, null, null, null, null, null, null, null, null, null, null, null, null, null, null, null, null, null, null]}], [{"col": "c10", "type": "TEXT", "data": ["i", "i", "i", "i", "i", "i", "i", "i", "i", "i", "i", "i", "i", "i", "i", "i", "i", "i", "i", "i", "i", "i", "i", "i", "i", "i", "i", "i", "i", "i", "i", "i", "i", "i", "i", "i", "i", "i", "i", "i", "i", "i", "i", null, null, null, null, null, null, null, null, null, null, null, null, null, null, null, null, null, null, null, null, null]}]], "is_list": {"id": false, "agg": false, "c1": false, "c1_number": false, "c2": false, "c3": false, "c3_number": false, "c4": false, "c5": false, "c6": false, "c6_list": true, "c6_length": false, "c7": false, "c8": false, "c8_number": false, "c8_min": false, "c8_sec": false, "c9": false, "c9_number": false, "c10": false}}