{"headers": ["id", "agg", "discipline", "amanda", "bernie", "javine h", "julia", "michelle"], "types": ["id", "agg", "text", "number", "number", "number", "number", "number"], "contents": [[{"col": "id", "type": "INTEGER", "data": [1, 2, 3, 4, 5, 6, 7, 8, 9, 10]}], [{"col": "agg", "type": "INTEGER", "data": ["0", "0", "0", "0", "0", "0", "0", "0", "0", "1"]}], [{"col": "c1", "type": "TEXT", "data": ["whitewater kayak", "hurdles", "cycling", "gym floor", "swimming", "curling", "archery", "hammer", "100m sprint", "total"]}], [{"col": "c2", "type": "TEXT", "data": ["0", "3", "4", "0", "4", "0", "4", "2", "2", "19"]}, {"col": "c2_number", "type": "REAL", "data": [0.0, 3.0, 4.0, 0.0, 4.0, 0.0, 4.0, 2.0, 2.0, 19.0]}], [{"col": "c3", "type": "TEXT", "data": ["2", "1", "2", "3", "3", "2", "0", "3", "0", "16"]}, {"col": "c3_number", "type": "REAL", "data": [2.0, 1.0, 2.0, 3.0, 3.0, 2.0, 0.0, 3.0, 0.0, 16.0]}], [{"col": "c4", "type": "TEXT", "data": ["4", "6", "4", "6", "6", "4", "5", "5", "5", "45"]}, {"col": "c4_number", "type": "REAL", "data": [4.0, 6.0, 4.0, 6.0, 6.0, 4.0, 5.0, 5.0, 5.0, 45.0]}], [{"col": "c5", "type": "TEXT", "data": ["3", "5", "6", "5", "5", "3", "2", "4", "3", "36"]}, {"col": "c5_number", "type": "REAL", "data": [3.0, 5.0, 6.0, 5.0, 5.0, 3.0, 2.0, 4.0, 3.0, 36.0]}], [{"col": "c6", "type": "TEXT", "data": ["6", "3", "0", "2", "0", "5", "3", "2", "4", "25"]}, {"col": "c6_number", "type": "REAL", "data": [6.0, 3.0, 0.0, 2.0, 0.0, 5.0, 3.0, 2.0, 4.0, 25.0]}]], "is_list": {"id": false, "agg": false, "c1": false, "c2": false, "c2_number": false, "c3": false, "c3_number": false, "c4": false, "c4_number": false, "c5": false, "c5_number": false, "c6": false, "c6_number": false}}