{"headers": ["id", "agg", "state", "type", "name", "title", "royal house", "from", "to"], "types": ["id", "agg", "text", "text", "text", "text", "text", "date", "date"], "contents": [[{"col": "id", "type": "INTEGER", "data": [1, 2, 3, 4, 5, 6, 7, 8, 9, 10]}], [{"col": "agg", "type": "INTEGER", "data": [0, 0, 0, 0, 0, 0, 0, 0, 0, 0]}], [{"col": "c1", "type": "TEXT", "data": ["chu", "han", "lu", "qi", "qin", "song", "wei", "wey", "yan", "zhao"]}], [{"col": "c2", "type": "TEXT", "data": ["sovereign", "sovereign", "sovereign", "sovereign", "sovereign", "sovereign", "sovereign", "sovereign", "sovereign", "sovereign"]}], [{"col": "c3", "type": "TEXT", "data": ["huai", "xiang", "wen ii", "min", "zhaoxiang", "kang", "xiang", "si jun", "zhao", "wuling"]}], [{"col": "c4", "type": "TEXT", "data": ["king", "marquis", "duke", "king", "king", "king", "king", "marquis", "king", "king"]}], [{"col": "c5", "type": "TEXT", "data": ["mi", null, "ji", "tian", "ying", null, null, null, null, null]}], [{"col": "c6", "type": "TEXT", "data": ["328 bc", "311 bc", "302 bc", "300 bc", "306 bc", "328 bc", "318 bc", "334 bc", "311 bc", "325 bc"]}, {"col": "c6_number", "type": "INTEGER", "data": [328, 311, 302, 300, 306, 328, 318, 334, 311, 325]}, {"col": "c6_parsed", "type": "TEXT", "data": ["-0327", "-0310", "-0301", "-0299", "-0305", "-0327", "-0317", "-0333", "-0310", "-0324"]}, {"col": "c6_month", "type": "INTEGER", "data": [327, 310, 301, 299, 305, 327, 317, 333, 310, 324]}], [{"col": "c7", "type": "TEXT", "data": ["299 bc", "296 bc", "280 bc", "284 bc", "251 bc", "286 bc", "296 bc", "293 bc", "279 bc", "299 bc"]}, {"col": "c7_number", "type": "INTEGER", "data": [299, 296, 280, 284, 251, 286, 296, 293, 279, 299]}, {"col": "c7_parsed", "type": "TEXT", "data": ["-0298", "-0295", "-0279", "-0283", "-0250", "-0285", "-0295", "-0292", "-0278", "-0298"]}, {"col": "c7_month", "type": "INTEGER", "data": [298, 295, 279, 283, 250, 285, 295, 292, 278, 298]}]], "is_list": {"id": false, "agg": false, "c1": false, "c2": false, "c3": false, "c4": false, "c5": false, "c6": false, "c6_number": false, "c6_parsed": false, "c6_month": false, "c7": false, "c7_number": false, "c7_parsed": false, "c7_month": false}}