{"headers": ["id", "agg", "serial number", "river", "name", "area (km2)", "district", "co-ordinate", "altitude (m)"], "types": ["id", "agg", "number", "text", "text", "number", "text", "text", "number"], "contents": [[{"col": "id", "type": "INTEGER", "data": [1, 2, 3, 4, 5, 6, 7, 8, 9, 10, 11, 12, 13, 14, 15, 16, 17, 18, 19, 20, 21, 22, 23, 24, 25, 26, 27, 28, 29, 30, 31, 32, 33]}], [{"col": "agg", "type": "INTEGER", "data": [0, 0, 0, 0, 0, 0, 0, 0, 0, 0, 0, 0, 0, 0, 0, 0, 0, 0, 0, 0, 0, 0, 0, 0, 0, 0, 0, 0, 0, 0, 0, 0, 0]}], [{"col": "c1", "type": "TEXT", "data": ["1", "2", "3", "4", "5", "6", "7", "8", "9", "10", "11", "12", "13", "14", "15", "16", "17", "18", "19", "20", "21", "22", "23", "24", "25", "26", "27", "28", "29", "30", "31", "32", "33"]}, {"col": "c1_number", "type": "REAL", "data": [1.0, 2.0, 3.0, 4.0, 5.0, 6.0, 7.0, 8.0, 9.0, 10.0, 11.0, 12.0, 13.0, 14.0, 15.0, 16.0, 17.0, 18.0, 19.0, 20.0, 21.0, 22.0, 23.0, 24.0, 25.0, 26.0, 27.0, 28.0, 29.0, 30.0, 31.0, 32.0, 33.0]}], [{"col": "c2", "type": "TEXT", "data": ["bharathapuzha", "bharathapuzha", "bharathapuzha", "bharathapuzha", "bharathapuzha", "bharathapuzha", "bharathapuzha", "chalakkudy", "chalakkudy", "chalakkudy", "chalakkudy", "chalakkudy", "kallada", "karamana", "karuvanoor", "keecheri", "kuttiadi", "neyyar", "pamba", "pamba", "periyar", "periyar", "periyar", "periyar", "periyar", "periyar", "periyar", "periyar", "periyar", "valapattanam", "vamanapuram", "muvattupuzhayar", "chimmini dam"]}], [{"col": "c3", "type": "TEXT", "data": ["malampuzha", "mangalam", "meenkara", "chulliar", "pothundi", "walayar", "kanjirampuzha", "parambikulam", "thunakkadavu", "peruvaaripallam", "sholayar dam", "peringalkuthu dam", "parappar", "aruvikkara", "peechi", "vazhani", "kuttiadi", "neyyar", "pamba", "kakki", "idukki", "ponmudi", "anayirankal", "kundala", "mattupatti", "sengulam", "neriamangalam", "bhoothathankettu", "periyar lake", "pazhassi", "peppara", "malankara", "thrissur"]}], [{"col": "c4", "type": "TEXT", "data": ["23.13", "3.93", "2.59", "1.59", "3.63", "2.59", "5.12", "20.92", "2.83", null, "8.7", "2.63", "25.9", "2.58", "12.63", "2.55", "10.52", "15", "5.7", "18", "61.6", "2.6", "4.33", "2.3", "3.24", "0.33", "4.13", "6.08", "28.9", "6.48", "5.82", "11", "85.067"]}, {"col": "c4_number", "type": "REAL", "data": [23.13, 3.93, 2.59, 1.59, 3.63, 2.59, 5.12, 20.92, 2.83, null, 8.7, 2.63, 25.9, 2.58, 12.63, 2.55, 10.52, 15.0, 5.7, 18.0, 61.6, 2.6, 4.33, 2.3, 3.24, 0.33, 4.13, 6.08, 28.9, 6.48, 5.82, 11.0, 85.067]}], [{"col": "c5", "type": "TEXT", "data": ["palakkad", "palakkad", "palakkad", "palakkad", "palakkad", "palakkad", "palakkad", "palakkad", "palakkad", "palakkad", "thrissur", "thrissur", "kollam", "thiruvananthapuram", "thrissur", "thrissur", "kozhikode", "thiruvananthapuram", "pathanamthitta", "pathanamthitta", "idukki", "idukki", "idukki", "idukki", "idukki", "idukki", "idukki", "idukki", "idukki", "kannur", "thiruvananthapuram", "idukki", "thrissur"]}], [{"col": "c6", "type": "TEXT", "data": ["10\u00b050\u2032n 76\u00b041\u2032e\ufeff / \ufeff10.84\u00b0n 76.69\u00b0e", "10\u00b031\u2032n 76\u00b032\u2032e\ufeff / \ufeff10.51\u00b0n 76.54\u00b0e", "10\u00b037\u2032n 76\u00b048\u2032e\ufeff / \ufeff10.62\u00b0n 76.80\u00b0e", "10\u00b035\u2032n 76\u00b046\u2032e\ufeff / \ufeff10.59\u00b0n 76.77\u00b0e", "10\u00b032\u2032n 76\u00b038\u2032e\ufeff / \ufeff10.54\u00b0n 76.63\u00b0e", "10\u00b050\u2032n 76\u00b052\u2032e\ufeff / \ufeff10.84\u00b0n 76.86\u00b0e", "10\u00b059\u2032n 76\u00b033\u2032e\ufeff / \ufeff10.98\u00b0n 76.55\u00b0e", "10\u00b023\u2032n 76\u00b048\u2032e\ufeff / \ufeff10.39\u00b0n 76.8\u00b0e", "10\u00b025\u203259\u2032\u2032n 76\u00b047\u203202\u2032\u2032e\ufeff / \ufeff10.433\u00b0n 76.784\u00b0e", "10\u00b026\u203249\u2032\u2032n 76\u00b046\u203212\u2032\u2032e\ufeff / \ufeff10.447\u00b0n 76.77\u00b0e", "10\u00b0 17' 76\u00b0 45'", null, "09\u00b0 57' 77\u00b0 4'20\"", "08\u00b0 28' 77\u00b0 58'", "10\u00b032\u2032n 76\u00b023\u2032e\ufeff / \ufeff10.53\u00b0n 76.39\u00b0e", "10\u00b0 40' 76\u00b0 15'", "11\u00b0 36' 75\u00b0 49'27\"", "08\u00b0 32' 77\u00b0 08'", "09\u00b0 20' 76\u00b0 53'", null, "09\u00b0 48' 76\u00b0 53'", "09\u00b0 55' 77\u00b0 05'", "10\u00b0 0' 77\u00b0 0'", "10\u00b0 0' 77\u00b0 0'", "10\u00b0 05' 77\u00b0 05'", "10\u00b0 00' 77\u00b0 05'", null, null, "10\u00b0 10' 76\u00b0 15'", null, null, null, null]}], [{"col": "c7", "type": "TEXT", "data": ["104", "72", "152", "143", "93", "197", "90", "545", "565", "565", null, null, null, null, "73", null, null, null, null, null, "720", null, null, null, null, null, null, null, null, null, null, null, null]}, {"col": "c7_number", "type": "REAL", "data": [104.0, 72.0, 152.0, 143.0, 93.0, 197.0, 90.0, 545.0, 565.0, 565.0, null, null, null, null, 73.0, null, null, null, null, null, 720.0, null, null, null, null, null, null, null, null, null, null, null, null]}]], "is_list": {"id": false, "agg": false, "c1": false, "c1_number": false, "c2": false, "c3": false, "c4": false, "c4_number": false, "c5": false, "c6": false, "c7": false, "c7_number": false}}