{"headers": ["id", "agg", "place", "total", "men", "women", "children", "elderly", "serbs", "jews", "romani", "rusyns", "hungarians", "russians"], "types": ["id", "agg", "text", "number", "number", "number", "number", "number", "number", "number", "number", "number", "number", "number"], "contents": [[{"col": "id", "type": "INTEGER", "data": [1, 2, 3, 4, 5, 6, 7, 8, 9, 10, 11, 12, 13, 14, 15]}], [{"col": "agg", "type": "INTEGER", "data": ["0", "0", "0", "0", "0", "0", "0", "0", "0", "0", "0", "0", "0", "0", "1"]}], [{"col": "c1", "type": "TEXT", "data": ["becej", "vilovo", "gardinovci", "gospo\u0111inci", "\u0111ur\u0111evo", "zabalj", "lok", "mosorin", "novi sad", "srbobran", "temerin", "titel", "curug", "sajkas", "all places"]}], [{"col": "c2", "type": "TEXT", "data": ["215", "64", "37", "85", "223", "666", "47", "205", "1246", "3", "48", "51", "893", "26", "3809"]}, {"col": "c2_number", "type": "REAL", "data": [215.0, 64.0, 37.0, 85.0, 223.0, 666.0, 47.0, 205.0, 1246, 3.0, 48.0, 51.0, 893.0, 26.0, 3809.0]}], [{"col": "c3", "type": "TEXT", "data": ["111", "44", "32", "47", "107", "355", "46", "94", "489", "3", "14", "45", "554", "24", "1965"]}, {"col": "c3_number", "type": "REAL", "data": [111.0, 44.0, 32.0, 47.0, 107.0, 355.0, 46.0, 94.0, 489.0, 3.0, 14.0, 45.0, 554.0, 24.0, 1965]}], [{"col": "c4", "type": "TEXT", "data": ["72", "6", "3", "19", "60", "141", null, "41", "415", null, "15", null, "153", "2", "927"]}, {"col": "c4_number", "type": "REAL", "data": [72.0, 6.0, 3.0, 19.0, 60.0, 141.0, null, 41.0, 415.0, null, 15.0, null, 153.0, 2.0, 927.0]}], [{"col": "c5", "type": "TEXT", "data": ["13", "8", null, "15", "41", "101", null, "44", "165", null, "7", "1", "82", null, "477"]}, {"col": "c5_number", "type": "REAL", "data": [13.0, 8.0, null, 15.0, 41.0, 101.0, null, 44.0, 165.0, null, 7.0, 1.0, 82.0, null, 477.0]}], [{"col": "c6", "type": "TEXT", "data": ["19", "6", "2", "4", "15", "69", "1", "26", "177", null, "12", "5", "104", null, "440"]}, {"col": "c6_number", "type": "REAL", "data": [19.0, 6.0, 2.0, 4.0, 15.0, 69.0, 1.0, 26.0, 177.0, null, 12.0, 5.0, 104.0, null, 440.0]}], [{"col": "c7", "type": "TEXT", "data": ["102", "64", "37", "73", "173", "614", "46", "170", "375", "2", "6", "49", "842", "25", "2578"]}, {"col": "c7_number", "type": "REAL", "data": [102.0, 64.0, 37.0, 73.0, 173.0, 614.0, 46.0, 170.0, 375.0, 2.0, 6.0, 49.0, 842.0, 25.0, 2578]}], [{"col": "c8", "type": "TEXT", "data": ["110", null, null, "10", "22", "28", null, null, "809", "2", "42", "1", "44", "1", "1068"]}, {"col": "c8_number", "type": "REAL", "data": [110.0, null, null, 10.0, 22.0, 28.0, null, null, 809.0, 2.0, 42.0, 1.0, 44.0, 1.0, 1068]}], [{"col": "c9", "type": "TEXT", "data": [null, null, null, null, null, "23", null, "34", null, null, null, null, "7", null, "64"]}, {"col": "c9_number", "type": "REAL", "data": [null, null, null, null, null, 23.0, null, 34.0, null, null, null, null, 7.0, null, 64.0]}], [{"col": "c10", "type": "TEXT", "data": [null, null, null, "2", "27", null, null, null, "2", null, null, null, null, null, "31"]}, {"col": "c10_number", "type": "REAL", "data": [null, null, null, 2.0, 27.0, null, null, null, 2.0, null, null, null, null, null, 31.0]}], [{"col": "c11", "type": "TEXT", "data": [null, null, null, null, null, "1", "1", "1", "18", null, null, null, null, null, "21"]}, {"col": "c11_number", "type": "REAL", "data": [null, null, null, null, null, 1.0, 1.0, 1.0, 18.0, null, null, null, null, null, 21.0]}], [{"col": "c12", "type": "TEXT", "data": [null, null, null, null, null, null, null, null, "15", null, null, null, null, null, "15"]}, {"col": "c12_number", "type": "REAL", "data": [null, null, null, null, null, null, null, null, 15.0, null, null, null, null, null, 15.0]}]], "is_list": {"id": false, "agg": false, "c1": false, "c2": false, "c2_number": false, "c3": false, "c3_number": false, "c4": false, "c4_number": false, "c5": false, "c5_number": false, "c6": false, "c6_number": false, "c7": false, "c7_number": false, "c8": false, "c8_number": false, "c9": false, "c9_number": false, "c10": false, "c10_number": false, "c11": false, "c11_number": false, "c12": false, "c12_number": false}}