{"headers": ["id", "agg", "national team", "title(s)\nrepresented", "first\nworn", "number\nof stars", "notes"], "types": ["id", "agg", "text", "<a,text>", "number", "number", "text"], "contents": [[{"col": "id", "type": "INTEGER", "data": [1, 2, 3, 4, 5, 6, 7, 8]}], [{"col": "agg", "type": "INTEGER", "data": [0, 0, 0, 0, 0, 0, 0, 0]}], [{"col": "c1", "type": "TEXT", "data": ["brazil", "italy", "germany", "uruguay", "argentina", "england", "france", "spain"]}], [{"col": "c2", "type": "TEXT", "data": ["world cup", "world cup", "world cup", "world cup and olympics", "world cup", "world cup", "world cup", "world cup"]}, {"col": "c2_list", "type": "LIST TEXT", "data": [["world cup"], ["world cup"], ["world cup"], ["world cup", "olympics"], ["world cup"], ["world cup"], ["world cup"], ["world cup"]]}, {"col": "c2_length", "type": "INTEGER", "data": [1, 1, 1, 2, 1, 1, 1, 1]}], [{"col": "c3", "type": "TEXT", "data": ["1971", "1982", "1996", "1930", "2003", "2003", "1998", "2010"]}, {"col": "c3_number", "type": "INTEGER", "data": [1971, 1982, 1996, 1930, 2003, 2003, 1998, 2010]}], [{"col": "c4", "type": "TEXT", "data": ["5", "4", "3", "4", "2", "1", "1", "1"]}, {"col": "c4_number", "type": "REAL", "data": [5.0, 4.0, 3.0, 4.0, 2.0, 1.0, 1.0, 1.0]}], [{"col": "c5", "type": "TEXT", "data": ["third win was in 1970; fourth and fifth stars added after 1994 and 2002 wins. briefly wore 2 stars on a tour of europe in 1968", "added after third win; fourth star added after the 2006 win. incorporated into the badge since 2006", "1954, 1974, third win was in 1990", "represent 2 world cups (1930 & 1950) and 2 olympic football titles (1924 & 1928) recognized as fifa world championships", "1978, second win was in 1986", "title won in 1966. star added after a campaign on sky sports' soccer am programme, first worn on the sleeve", "title won in 1998. star added above their badge which was unveiled at their opening qualifying game for euro 2000", "title won in 2010. spain played in their away kit for the final, but upon winning the world cup they changed into their home kit, complete with a star above the badge, for the presentation ceremony"]}]], "is_list": {"id": false, "agg": false, "c1": false, "c2": false, "c2_list": true, "c2_length": false, "c3": false, "c3_number": false, "c4": false, "c4_number": false, "c5": false}}