{"headers": ["id", "agg", "season", "level", "division", "section", "position", "movements"], "types": ["id", "agg", "number", "unitnum", "unitnum", "text", "rank", "text"], "contents": [[{"col": "id", "type": "INTEGER", "data": [1, 2, 3, 4, 5, 6, 7, 8, 9, 10, 11, 12, 13, 14, 15, 16, 17, 18, 19, 20, 21, 22, 23, 24]}], [{"col": "agg", "type": "INTEGER", "data": [0, 0, 0, 0, 0, 0, 0, 0, 0, 0, 0, 0, 0, 0, 0, 0, 0, 0, 0, 0, 0, 0, 0, 0]}], [{"col": "c1", "type": "TEXT", "data": ["1960", "1961", "1962", "1963", "1964", "1965", "1966", "1967", "1968", "1969", "1970", "1971", "1972", "1973", "1974", "1975", "1976", "1977", "1978", "1979", "1980", "1981", "1982", "1982"]}, {"col": "c1_number", "type": "INTEGER", "data": [1960, 1961, 1962, 1963, 1964, 1965, 1966, 1967, 1968, 1969, 1970, 1971, 1972, 1973, 1974, 1975, 1976, 1977, 1978, 1979, 1980, 1981, 1982, 1982]}], [{"col": "c2", "type": "TEXT", "data": ["tier 4", "tier 4", "tier 4", "tier 3", "tier 3", "tier 3", "tier 4", "tier 4", "tier 4", "tier 4", "tier 4", "tier 4", "tier 3", "tier 3", "tier 4", "tier 3", "tier 3", "tier 3", "tier 3", "tier 3", "tier 3", "tier 3", "tier 3", "tier 4"]}, {"col": "c2_number", "type": "INTEGER", "data": [4, 4, 4, 3, 3, 3, 4, 4, 4, 4, 4, 4, 3, 3, 4, 3, 3, 3, 3, 3, 3, 3, 3, 4]}], [{"col": "c3", "type": "TEXT", "data": ["division 4", "division 4", "division 4", "division 3", "division 3", "division 3", "division 4", "division 4", "division 4", "division 4", "division 4", "division 4", "division 3", "division 3", "division 4", "division 3", "division 3", "division 3", "division 3", "division 3", "division 3", "division 3", "division 3", "division 4"]}, {"col": "c3_number", "type": "REAL", "data": [4.0, 4.0, 4.0, 3.0, 3.0, 3.0, 4.0, 4.0, 4.0, 4.0, 4.0, 4.0, 3.0, 3.0, 4.0, 3.0, 3.0, 3.0, 3.0, 3.0, 3.0, 3.0, 3.0, 4.0]}], [{"col": "c4", "type": "TEXT", "data": ["halsingland", "halsingland", "halsingland", "sodra norrland", "sodra norrland nedre", "sodra norrland nedre", "halsingland", "halsingland", "halsingland", "halsingland", "halsingland", "halsingland", "norra svealand", "norra svealand", "halsingland", "sodra norrland", "sodra norrland", "sodra norrland", "sodra norrland", "sodra norrland", "sodra norrland", "sodra norrland", "sodra norrland", "halsingland"]}], [{"col": "c5", "type": "TEXT", "data": ["3rd", "2nd", "1st", "6th", "4th", "10th", "9th", "2nd", "6th", "3rd", "2nd", "1st", "6th", "11th", "1st", "9th", "9th", "9th", "6th", "9th", "7th", "9th", "12th", "3rd"]}, {"col": "c5_number", "type": "REAL", "data": [3.0, 2.0, 1.0, 6.0, 4.0, 10.0, 9.0, 2.0, 6.0, 3.0, 2.0, 1.0, 6.0, 11.0, 1.0, 9.0, 9.0, 9.0, 6.0, 9.0, 7.0, 9.0, 12.0, 3.0]}], [{"col": "c6", "type": "TEXT", "data": [null, null, "promoted", null, null, "relegated", null, null, null, null, null, "promotion playoffs - promoted", null, "relegated", "promoted", null, null, null, null, null, null, null, "relegated", null]}]], "is_list": {"id": false, "agg": false, "c1": false, "c1_number": false, "c2": false, "c2_number": false, "c3": false, "c3_number": false, "c4": false, "c5": false, "c5_number": false, "c6": false}}