{"headers": ["id", "agg", "representative", "state", "district(s)", "served", "party", "date of birth", "date of death", "age"], "types": ["id", "agg", "text", "text", "<c,number>", "<c,timespan>", "text", "date", "date", "time"], "contents": [[{"col": "id", "type": "INTEGER", "data": [1, 2, 3, 4, 5, 6, 7, 8, 9, 10, 11, 12, 13, 14, 15, 16, 17, 18, 19, 20, 21, 22, 23, 24, 25, 26, 27, 28, 29, 30, 31, 32, 33, 34, 35, 36, 37]}], [{"col": "agg", "type": "INTEGER", "data": [0, 0, 0, 0, 0, 0, 0, 0, 0, 0, 0, 0, 0, 0, 0, 0, 0, 0, 0, 0, 0, 0, 0, 0, 0, 0, 0, 0, 0, 0, 0, 0, 0, 0, 0, 0, 0]}], [{"col": "c1", "type": "TEXT", "data": ["william r. poage", "aubert c. dunn", "charles goodell", "sala burton", "harold earthman", "lafayette l. patterson", "w. sterling cole", "claude i. bakewell", "tim l. carter", "james g. donovan", "orland k. armstrong", "albert l. reeves jr", "edith green", "antonio borja won pat", "stewart mckinney", "james j. delaney", "frank carlson", "robert n.c. nix sr", "alvin o'konski", "dominick v. daniels", "william s. moorhead", "john w. wydler", "thomas d'alesandro jr", "francis e. dorn", "harold r. gross", "howard w. robison", "john n. camp", "ray j. madden", "raymond w. karst", "charles j. carney", "clare boothe luce", "john e. sheridan", "harold washington", "abraham kazen", "eugene siler", "albert p. morano", "monroe m. redden"]}], [{"col": "c2", "type": "TEXT", "data": ["texas", "mississippi", "new york", "california", "tennessee", "alabama", "new york", "missouri", "kentucky", "new york", "missouri", "missouri", "oregon", "guam", "connecticut", "new york", "kansas", "pennsylvania", "wisconsin", "new jersey", "pennsylvania", "new york", "maryland", "new york", "iowa", "new york", "oklahoma", "indiana", "missouri", "ohio", "connecticut", "pennsylvania", "illinois", "texas", "kentucky", "connecticut", "north carolina"]}], [{"col": "c3", "type": "TEXT", "data": ["11", "5", "43, 38", "5", "5", "5", "37, 39", "11", "5", "18", "6", "5", "3", "at-large", "4", "6, 7, 9", "6", "4, 2", "10", "14", "28, 14", "4, 5", "3", "12", "6", "37, 33, 27", "6", "1", "12", "19", "4", "4", "1", "23", "8, 5", "4", "12"]}, {"col": "c3_list", "type": "LIST TEXT", "data": [["11"], ["5"], ["43", "38"], ["5"], ["5"], ["5"], ["37", "39"], ["11"], ["5"], ["18"], ["6"], ["5"], ["3"], ["at-large"], ["4"], ["6", "7", "9"], ["6"], ["4", "2"], ["10"], ["14"], ["28", "14"], ["4", "5"], ["3"], ["12"], ["6"], ["37", "33", "27"], ["6"], ["1"], ["12"], ["19"], ["4"], ["4"], ["1"], ["23"], ["8", "5"], ["4"], ["12"]]}, {"col": "c3_length", "type": "INTEGER", "data": [1, 1, 2, 1, 1, 1, 2, 1, 1, 1, 1, 1, 1, 1, 1, 3, 1, 2, 1, 1, 2, 2, 1, 1, 1, 3, 1, 1, 1, 1, 1, 1, 1, 1, 2, 1, 1]}, {"col": "c3_list_number", "type": "LIST REAL", "data": [[11.0], [5.0], [43.0, 38.0], [5.0], [5.0], [5.0], [37.0, 39.0], [11.0], [5.0], [18.0], [6.0], [5.0], [3.0], [], [4.0], [6.0, 7.0, 9.0], [6.0], [4.0, 2.0], [10.0], [14.0], [28.0, 14.0], [4.0, 5.0], [3.0], [12.0], [6.0], [37.0, 33.0, 27.0], [6.0], [1.0], [12.0], [19.0], [4.0], [4.0], [1.0], [23.0], [8.0, 5.0], [4.0], [12.0]]}], [{"col": "c4", "type": "TEXT", "data": ["1937-1978", "1935-1937", "1959-1968", "1983-1987", "1947-1949", "1928-1933", "1935-1957", "1947-1949, 1951-1953", "1965-1981", "1951-1957", "1951-1953", "1947-1949", "1955-1974", "1973-1985", "1971-1987", "1945-1947, 1949-1978", "1935-1947", "1958-1979", "1943-1973", "1959-1977", "1959-1981", "1963-1981", "1939-1947", "1953-1961", "1949-1975", "1958-1975", "1969-1975", "1943-1977", "1949-1951", "1970-1979", "1943-1947", "1939-1947", "1981-1983", "1967-1985", "1970-1979", "1951-1959", "1947-1953"]}, {"col": "c4_list", "type": "LIST TEXT", "data": [["1937-1978"], ["1935-1937"], ["1959-1968"], ["1983-1987"], ["1947-1949"], ["1928-1933"], ["1935-1957"], ["1947-1949", "1951-1953"], ["1965-1981"], ["1951-1957"], ["1951-1953"], ["1947-1949"], ["1955-1974"], ["1973-1985"], ["1971-1987"], ["1945-1947", "1949-1978"], ["1935-1947"], ["1958-1979"], ["1943-1973"], ["1959-1977"], ["1959-1981"], ["1963-1981"], ["1939-1947"], ["1953-1961"], ["1949-1975"], ["1958-1975"], ["1969-1975"], ["1943-1977"], ["1949-1951"], ["1970-1979"], ["1943-1947"], ["1939-1947"], ["1981-1983"], ["1967-1985"], ["1970-1979"], ["1951-1959"], ["1947-1953"]]}, {"col": "c4_length", "type": "INTEGER", "data": [1, 1, 1, 1, 1, 1, 1, 2, 1, 1, 1, 1, 1, 1, 1, 2, 1, 1, 1, 1, 1, 1, 1, 1, 1, 1, 1, 1, 1, 1, 1, 1, 1, 1, 1, 1, 1]}, {"col": "c4_list_minimum_number", "type": "LIST INTEGER", "data": [[1937], [1935], [1959], [1983], [1947], [1928], [1935], [1947, 1951], [1965], [1951], [1951], [1947], [1955], [1973], [1971], [1945, 1949], [1935], [1958], [1943], [1959], [1959], [1963], [1939], [1953], [1949], [1958], [1969], [1943], [1949], [1970], [1943], [1939], [1981], [1967], [1970], [1951], [1947]]}, {"col": "c4_list_minimum_parsed", "type": "LIST TEXT", "data": [["1937"], ["1935"], ["1959"], ["1983"], ["1947"], ["1928"], ["1935"], ["1947", "1951"], ["1965"], ["1951"], ["1951"], ["1947"], ["1955"], ["1973"], ["1971"], ["1945", "1949"], ["1935"], ["1958"], ["1943"], ["1959"], ["1959"], ["1963"], ["1939"], ["1953"], ["1949"], ["1958"], ["1969"], ["1943"], ["1949"], ["1970"], ["1943"], ["1939"], ["1981"], ["1967"], ["1970"], ["1951"], ["1947"]]}, {"col": "c4_list_minimum_year", "type": "LIST INTEGER", "data": [[1937], [1935], [1959], [1983], [1947], [1928], [1935], [1947, 1951], [1965], [1951], [1951], [1947], [1955], [1973], [1971], [1945, 1949], [1935], [1958], [1943], [1959], [1959], [1963], [1939], [1953], [1949], [1958], [1969], [1943], [1949], [1970], [1943], [1939], [1981], [1967], [1970], [1951], [1947]]}, {"col": "c4_list_maximum_number", "type": "LIST INTEGER", "data": [[1978], [1937], [1968], [1987], [1949], [1933], [1957], [1949, 1953], [1981], [1957], [1953], [1949], [1974], [1985], [1987], [1947, 1978], [1947], [1979], [1973], [1977], [1981], [1981], [1947], [1961], [1975], [1975], [1975], [1977], [1951], [1979], [1947], [1947], [1983], [1985], [1979], [1959], [1953]]}, {"col": "c4_list_maximum_parsed", "type": "LIST TEXT", "data": [["1978"], ["1937"], ["1968"], ["1987"], ["1949"], ["1933"], ["1957"], ["1949", "1953"], ["1981"], ["1957"], ["1953"], ["1949"], ["1974"], ["1985"], ["1987"], ["1947", "1978"], ["1947"], ["1979"], ["1973"], ["1977"], ["1981"], ["1981"], ["1947"], ["1961"], ["1975"], ["1975"], ["1975"], ["1977"], ["1951"], ["1979"], ["1947"], ["1947"], ["1983"], ["1985"], ["1979"], ["1959"], ["1953"]]}, {"col": "c4_list_maximum_year", "type": "LIST INTEGER", "data": [[1978], [1937], [1968], [1987], [1949], [1933], [1957], [1949, 1953], [1981], [1957], [1953], [1949], [1974], [1985], [1987], [1947, 1978], [1947], [1979], [1973], [1977], [1981], [1981], [1947], [1961], [1975], [1975], [1975], [1977], [1951], [1979], [1947], [1947], [1983], [1985], [1979], [1959], [1953]]}], [{"col": "c5", "type": "TEXT", "data": ["democratic", "democratic", "republican", "democratic", "democratic", "democratic", "republican", "republican", "republican", "democratic", "republican", "democratic", "democratic", "democratic", "republican", "democratic", "republican", "democratic", "republican", "democratic", "democratic", "republican", "democratic", "republican", "republican", "republican", "republican", "democratic", "democratic", "republican", "republican", "democratic", "democratic", "democratic", "republican", "republican", "democratic"]}], [{"col": "c6", "type": "TEXT", "data": ["december 29, 1899", "november 20, 1896", "march 16, 1926", "april 1, 1925", "april 13, 1900", "august 23, 1888", "april 18, 1904", "august 9, 1912", "september 2, 1910", "december 15, 1898", "october 2, 1893", "may 31, 1906", "january 17, 1910", "december 10, 1908", "january 30, 1931", "march 19, 1901", "january 23, 1893", "august 9, 1898", "may 26, 1904", "october 18, 1908", "april 8, 1923", "june 9, 1924", "august 1, 1903", "april 8, 1911", "june 30, 1899", "october 30, 1915", "may 11, 1908", "february 25, 1892", "december 31, 1902", "april 17, 1913", "march 10, 1903", "september 15, 1902", "april 15, 1922", "january 17, 1919", "june 26, 1900", "january 18, 1908", "september 24, 1901"]}, {"col": "c6_number", "type": "INTEGER", "data": [29, 20, 16, 1, 13, 23, 18, 9, 2, 15, 2, 31, 17, 10, 30, 19, 23, 9, 26, 18, 8, 9, 1, 8, 30, 30, 11, 25, 31, 17, 10, 15, 15, 17, 26, 18, 24]}, {"col": "c6_parsed", "type": "TEXT", "data": ["1899-12-29", "1896-11-20", "1926-03-16", "1925-04-01", "1900-04-13", "1888-08-23", "1904-04-18", "1912-08-09", "1910-09-02", "1898-12-15", "1893-10-02", "1906-05-31", "1910-01-17", "1908-12-10", "1931-01-30", "1901-03-19", "1893-01-23", "1898-08-09", "1904-05-26", "1908-10-18", "1923-04-08", "1924-06-09", "1903-08-01", "1911-04-08", "1899-06-30", "1915-10-30", "1908-05-11", "1892-02-25", "1902-12-31", "1913-04-17", "1903-03-10", "1902-09-15", "1922-04-15", "1919-01-17", "1900-06-26", "1908-01-18", "1901-09-24"]}, {"col": "c6_year", "type": "INTEGER", "data": [1899, 1896, 1926, 1925, 1900, 1888, 1904, 1912, 1910, 1898, 1893, 1906, 1910, 1908, 1931, 1901, 1893, 1898, 1904, 1908, 1923, 1924, 1903, 1911, 1899, 1915, 1908, 1892, 1902, 1913, 1903, 1902, 1922, 1919, 1900, 1908, 1901]}, {"col": "c6_month", "type": "INTEGER", "data": [12, 11, 3, 4, 4, 8, 4, 8, 9, 12, 10, 5, 1, 12, 1, 3, 1, 8, 5, 10, 4, 6, 8, 4, 6, 10, 5, 2, 12, 4, 3, 9, 4, 1, 6, 1, 9]}, {"col": "c6_day", "type": "INTEGER", "data": [29, 20, 16, 1, 13, 23, 18, 9, 2, 15, 2, 31, 17, 10, 30, 19, 23, 9, 26, 18, 8, 9, 1, 8, 30, 30, 11, 25, 31, 17, 10, 15, 15, 17, 26, 18, 24]}], [{"col": "c7", "type": "TEXT", "data": ["january 3, 1987", "january 4, 1987", "january 21, 1987", "february 1, 1987", "february 26, 1987", "march 3, 1987", "march 15, 1987", "march 18, 1987", "march 27, 1987", "april 6, 1987", "april 15, 1987", "april 15, 1987", "april 21, 1987", "may 1, 1987", "may 7, 1987", "may 24, 1987", "may 30, 1987", "june 22, 1987", "july 8, 1987", "july 17, 1987", "august 3, 1987", "august 4, 1987", "august 23, 1987", "september 17, 1987", "september 22, 1987", "september 26, 1987", "september 27, 1987", "september 28, 1987", "october 4, 1987", "october 7, 1987", "october 9, 1987", "november 12, 1987", "november 25, 1987", "november 29, 1987", "december 5, 1987", "december 16, 1987", "december 16, 1987"]}, {"col": "c7_number", "type": "INTEGER", "data": [3, 4, 21, 1, 26, 3, 15, 18, 27, 6, 15, 15, 21, 1, 7, 24, 30, 22, 8, 17, 3, 4, 23, 17, 22, 26, 27, 28, 4, 7, 9, 12, 25, 29, 5, 16, 16]}, {"col": "c7_parsed", "type": "TEXT", "data": ["1987-01-03", "1987-01-04", "1987-01-21", "1987-02-01", "1987-02-26", "1987-03-03", "1987-03-15", "1987-03-18", "1987-03-27", "1987-04-06", "1987-04-15", "1987-04-15", "1987-04-21", "1987-05-01", "1987-05-07", "1987-05-24", "1987-05-30", "1987-06-22", "1987-07-08", "1987-07-17", "1987-08-03", "1987-08-04", "1987-08-23", "1987-09-17", "1987-09-22", "1987-09-26", "1987-09-27", "1987-09-28", "1987-10-04", "1987-10-07", "1987-10-09", "1987-11-12", "1987-11-25", "1987-11-29", "1987-12-05", "1987-12-16", "1987-12-16"]}, {"col": "c7_year", "type": "INTEGER", "data": [1987, 1987, 1987, 1987, 1987, 1987, 1987, 1987, 1987, 1987, 1987, 1987, 1987, 1987, 1987, 1987, 1987, 1987, 1987, 1987, 1987, 1987, 1987, 1987, 1987, 1987, 1987, 1987, 1987, 1987, 1987, 1987, 1987, 1987, 1987, 1987, 1987]}, {"col": "c7_month", "type": "INTEGER", "data": [1, 1, 1, 2, 2, 3, 3, 3, 3, 4, 4, 4, 4, 5, 5, 5, 5, 6, 7, 7, 8, 8, 8, 9, 9, 9, 9, 9, 10, 10, 10, 11, 11, 11, 12, 12, 12]}, {"col": "c7_day", "type": "INTEGER", "data": [3, 4, 21, 1, 26, 3, 15, 18, 27, 6, 15, 15, 21, 1, 7, 24, 30, 22, 8, 17, 3, 4, 23, 17, 22, 26, 27, 28, 4, 7, 9, 12, 25, 29, 5, 16, 16]}], [{"col": "c8", "type": "TEXT", "data": ["87 years, 5 days", "90 years, 45 days", "60 years, 311 days", "61 years, 306 days", "86 years, 319 days", "98 years, 192 days", "82 years, 331 days", "74 years, 221 days", "76 years, 206 days", "88 years, 112 days", "93 years, 195 days", "80 years, 319 days", "77 years, 94 days", "78 years, 142 days", "56 years, 97 days", "86 years, 66 days", "94 years, 127 days", "88 years, 317 days", "83 years, 43 days", "78 years, 272 days", "64 years, 117 days", "63 years, 56 days", "84 years, 22 days", "76 years, 162 days", "88 years, 84 days", "71 years, 331 days", "79 years, 139 days", "95 years, 215 days", "84 years, 277 days", "74 years, 173 days", "84 years, 213 days", "85 years, 58 days", "65 years, 224 days", "68 years, 316 days", "87 years, 162 days", "79 years, 332 days", "86 years, 83 days"]}, {"col": "c8_number", "type": "INTEGER", "data": [87, 90, 60, 61, 86, 98, 82, 74, 76, 88, 93, 80, 77, 78, 56, 86, 94, 88, 83, 78, 64, 63, 84, 76, 88, 71, 79, 95, 84, 74, 84, 85, 65, 68, 87, 79, 86]}, {"col": "c8_year", "type": "INTEGER", "data": [87, 90, 60, 61, 86, 98, 82, 74, 76, 88, 93, 80, 77, 78, 56, 86, 94, 88, 83, 78, 64, 63, 84, 76, 88, 71, 79, 95, 84, 74, 84, 85, 65, 68, 87, 79, 86]}, {"col": "c8_day", "type": "INTEGER", "data": [5, 45, 311, 306, 319, 192, 331, 221, 206, 112, 195, 319, 94, 142, 97, 66, 127, 317, 43, 272, 117, 56, 22, 162, 84, 331, 139, 215, 277, 173, 213, 58, 224, 316, 162, 332, 83]}]], "is_list": {"id": false, "agg": false, "c1": false, "c2": false, "c3": false, "c3_list": true, "c3_length": false, "c3_list_number": true, "c4": false, "c4_list": true, "c4_length": false, "c4_list_minimum_number": true, "c4_list_minimum_parsed": true, "c4_list_minimum_year": true, "c4_list_maximum_number": true, "c4_list_maximum_parsed": true, "c4_list_maximum_year": true, "c5": false, "c6": false, "c6_number": false, "c6_parsed": false, "c6_year": false, "c6_month": false, "c6_day": false, "c7": false, "c7_number": false, "c7_parsed": false, "c7_year": false, "c7_month": false, "c7_day": false, "c8": false, "c8_number": false, "c8_year": false, "c8_day": false}}